"Datum","Geschaeft","Einheit_Code","Einheit_Name","Einheit_BFS","Einheit_BFSSub","Einheit_StimmenTotal","Partei","Partei_Kandstimmen","Partei_Zusatzstimmen","Partei_ParteistimmenTotal"
2023-10-22,"Nationalratswahl 2023","ZH001","Aeugst am Albis",1,1,28994,"SVP",9824,104,9928
2023-10-22,"Nationalratswahl 2023","ZH001","Aeugst am Albis",1,1,28994,"SP",3889,49,3938
2023-10-22,"Nationalratswahl 2023","ZH001","Aeugst am Albis",1,1,28994,"GP",2226,64,2290
2023-10-22,"Nationalratswahl 2023","ZH001","Aeugst am Albis",1,1,28994,"GLP",4059,147,4206
2023-10-22,"Nationalratswahl 2023","ZH001","Aeugst am Albis",1,1,28994,"FDP",3436,256,3692
2023-10-22,"Nationalratswahl 2023","ZH001","Aeugst am Albis",1,1,28994,"Mitte",1617,68,1685
2023-10-22,"Nationalratswahl 2023","ZH001","Aeugst am Albis",1,1,28994,"EVP",1046,69,1115
2023-10-22,"Nationalratswahl 2023","ZH001","Aeugst am Albis",1,1,28994,"FGA/AL/PDA",111,22,133
2023-10-22,"Nationalratswahl 2023","ZH001","Aeugst am Albis",1,1,28994,"EDU",679,0,679
2023-10-22,"Nationalratswahl 2023","ZH001","Aeugst am Albis",1,1,28994,"Übrige",1101,129,1230
2023-10-22,"Nationalratswahl 2023","ZH001","Aeugst am Albis",1,1,28994,"SD",97,1,98
2023-10-22,"Nationalratswahl 2023","ZH002","Affoltern am Albis",2,2,115290,"SVP",36427,690,37117
2023-10-22,"Nationalratswahl 2023","ZH002","Affoltern am Albis",2,2,115290,"SP",17721,414,18135
2023-10-22,"Nationalratswahl 2023","ZH002","Affoltern am Albis",2,2,115290,"GP",9034,293,9327
2023-10-22,"Nationalratswahl 2023","ZH002","Affoltern am Albis",2,2,115290,"GLP",14067,301,14368
2023-10-22,"Nationalratswahl 2023","ZH002","Affoltern am Albis",2,2,115290,"FDP",12882,342,13224
2023-10-22,"Nationalratswahl 2023","ZH002","Affoltern am Albis",2,2,115290,"Mitte",9391,334,9725
2023-10-22,"Nationalratswahl 2023","ZH002","Affoltern am Albis",2,2,115290,"EVP",6543,401,6944
2023-10-22,"Nationalratswahl 2023","ZH002","Affoltern am Albis",2,2,115290,"FGA/AL/PDA",439,0,439
2023-10-22,"Nationalratswahl 2023","ZH002","Affoltern am Albis",2,2,115290,"EDU",1351,0,1351
2023-10-22,"Nationalratswahl 2023","ZH002","Affoltern am Albis",2,2,115290,"Übrige",4127,315,4442
2023-10-22,"Nationalratswahl 2023","ZH002","Affoltern am Albis",2,2,115290,"SD",183,35,218
2023-10-22,"Nationalratswahl 2023","ZH003","Bonstetten",3,3,70951,"SVP",19740,223,19963
2023-10-22,"Nationalratswahl 2023","ZH003","Bonstetten",3,3,70951,"SP",12385,212,12597
2023-10-22,"Nationalratswahl 2023","ZH003","Bonstetten",3,3,70951,"GP",5473,141,5614
2023-10-22,"Nationalratswahl 2023","ZH003","Bonstetten",3,3,70951,"GLP",10882,291,11173
2023-10-22,"Nationalratswahl 2023","ZH003","Bonstetten",3,3,70951,"FDP",9731,196,9927
2023-10-22,"Nationalratswahl 2023","ZH003","Bonstetten",3,3,70951,"Mitte",4803,271,5074
2023-10-22,"Nationalratswahl 2023","ZH003","Bonstetten",3,3,70951,"EVP",2577,72,2649
2023-10-22,"Nationalratswahl 2023","ZH003","Bonstetten",3,3,70951,"FGA/AL/PDA",516,0,516
2023-10-22,"Nationalratswahl 2023","ZH003","Bonstetten",3,3,70951,"EDU",859,2,861
2023-10-22,"Nationalratswahl 2023","ZH003","Bonstetten",3,3,70951,"Übrige",2364,125,2489
2023-10-22,"Nationalratswahl 2023","ZH003","Bonstetten",3,3,70951,"SD",88,0,88
2023-10-22,"Nationalratswahl 2023","ZH004","Hausen am Albis",4,4,49101,"SVP",16445,315,16760
2023-10-22,"Nationalratswahl 2023","ZH004","Hausen am Albis",4,4,49101,"SP",8403,326,8729
2023-10-22,"Nationalratswahl 2023","ZH004","Hausen am Albis",4,4,49101,"GP",4849,58,4907
2023-10-22,"Nationalratswahl 2023","ZH004","Hausen am Albis",4,4,49101,"GLP",5798,144,5942
2023-10-22,"Nationalratswahl 2023","ZH004","Hausen am Albis",4,4,49101,"FDP",4960,115,5075
2023-10-22,"Nationalratswahl 2023","ZH004","Hausen am Albis",4,4,49101,"Mitte",3288,129,3417
2023-10-22,"Nationalratswahl 2023","ZH004","Hausen am Albis",4,4,49101,"EVP",1396,34,1430
2023-10-22,"Nationalratswahl 2023","ZH004","Hausen am Albis",4,4,49101,"FGA/AL/PDA",310,0,310
2023-10-22,"Nationalratswahl 2023","ZH004","Hausen am Albis",4,4,49101,"EDU",647,0,647
2023-10-22,"Nationalratswahl 2023","ZH004","Hausen am Albis",4,4,49101,"Übrige",1870,6,1876
2023-10-22,"Nationalratswahl 2023","ZH004","Hausen am Albis",4,4,49101,"SD",8,0,8
2023-10-22,"Nationalratswahl 2023","ZH005","Hedingen",5,5,52653,"SVP",16129,345,16474
2023-10-22,"Nationalratswahl 2023","ZH005","Hedingen",5,5,52653,"SP",8036,162,8198
2023-10-22,"Nationalratswahl 2023","ZH005","Hedingen",5,5,52653,"GP",3652,223,3875
2023-10-22,"Nationalratswahl 2023","ZH005","Hedingen",5,5,52653,"GLP",8282,144,8426
2023-10-22,"Nationalratswahl 2023","ZH005","Hedingen",5,5,52653,"FDP",7551,95,7646
2023-10-22,"Nationalratswahl 2023","ZH005","Hedingen",5,5,52653,"Mitte",3330,97,3427
2023-10-22,"Nationalratswahl 2023","ZH005","Hedingen",5,5,52653,"EVP",1456,92,1548
2023-10-22,"Nationalratswahl 2023","ZH005","Hedingen",5,5,52653,"FGA/AL/PDA",108,0,108
2023-10-22,"Nationalratswahl 2023","ZH005","Hedingen",5,5,52653,"EDU",1048,0,1048
2023-10-22,"Nationalratswahl 2023","ZH005","Hedingen",5,5,52653,"Übrige",1762,102,1864
2023-10-22,"Nationalratswahl 2023","ZH005","Hedingen",5,5,52653,"SD",39,0,39
2023-10-22,"Nationalratswahl 2023","ZH006","Kappel am Albis",6,6,15169,"SVP",7172,66,7238
2023-10-22,"Nationalratswahl 2023","ZH006","Kappel am Albis",6,6,15169,"SP",1424,11,1435
2023-10-22,"Nationalratswahl 2023","ZH006","Kappel am Albis",6,6,15169,"GP",912,3,915
2023-10-22,"Nationalratswahl 2023","ZH006","Kappel am Albis",6,6,15169,"GLP",1844,49,1893
2023-10-22,"Nationalratswahl 2023","ZH006","Kappel am Albis",6,6,15169,"FDP",1147,32,1179
2023-10-22,"Nationalratswahl 2023","ZH006","Kappel am Albis",6,6,15169,"Mitte",1025,150,1175
2023-10-22,"Nationalratswahl 2023","ZH006","Kappel am Albis",6,6,15169,"EVP",642,5,647
2023-10-22,"Nationalratswahl 2023","ZH006","Kappel am Albis",6,6,15169,"FGA/AL/PDA",84,5,89
2023-10-22,"Nationalratswahl 2023","ZH006","Kappel am Albis",6,6,15169,"EDU",143,0,143
2023-10-22,"Nationalratswahl 2023","ZH006","Kappel am Albis",6,6,15169,"Übrige",453,0,453
2023-10-22,"Nationalratswahl 2023","ZH006","Kappel am Albis",6,6,15169,"SD",2,0,2
2023-10-22,"Nationalratswahl 2023","ZH007","Knonau",7,7,27792,"SVP",8714,93,8807
2023-10-22,"Nationalratswahl 2023","ZH007","Knonau",7,7,27792,"SP",4144,142,4286
2023-10-22,"Nationalratswahl 2023","ZH007","Knonau",7,7,27792,"GP",1913,46,1959
2023-10-22,"Nationalratswahl 2023","ZH007","Knonau",7,7,27792,"GLP",3851,175,4026
2023-10-22,"Nationalratswahl 2023","ZH007","Knonau",7,7,27792,"FDP",2366,32,2398
2023-10-22,"Nationalratswahl 2023","ZH007","Knonau",7,7,27792,"Mitte",2960,169,3129
2023-10-22,"Nationalratswahl 2023","ZH007","Knonau",7,7,27792,"EVP",1221,0,1221
2023-10-22,"Nationalratswahl 2023","ZH007","Knonau",7,7,27792,"FGA/AL/PDA",51,0,51
2023-10-22,"Nationalratswahl 2023","ZH007","Knonau",7,7,27792,"EDU",546,0,546
2023-10-22,"Nationalratswahl 2023","ZH007","Knonau",7,7,27792,"Übrige",1166,142,1308
2023-10-22,"Nationalratswahl 2023","ZH007","Knonau",7,7,27792,"SD",61,0,61
2023-10-22,"Nationalratswahl 2023","ZH008","Maschwanden",8,8,8360,"SVP",3015,28,3043
2023-10-22,"Nationalratswahl 2023","ZH008","Maschwanden",8,8,8360,"SP",1514,32,1546
2023-10-22,"Nationalratswahl 2023","ZH008","Maschwanden",8,8,8360,"GP",627,23,650
2023-10-22,"Nationalratswahl 2023","ZH008","Maschwanden",8,8,8360,"GLP",1019,28,1047
2023-10-22,"Nationalratswahl 2023","ZH008","Maschwanden",8,8,8360,"FDP",263,1,264
2023-10-22,"Nationalratswahl 2023","ZH008","Maschwanden",8,8,8360,"Mitte",674,2,676
2023-10-22,"Nationalratswahl 2023","ZH008","Maschwanden",8,8,8360,"EVP",279,52,331
2023-10-22,"Nationalratswahl 2023","ZH008","Maschwanden",8,8,8360,"FGA/AL/PDA",7,0,7
2023-10-22,"Nationalratswahl 2023","ZH008","Maschwanden",8,8,8360,"EDU",134,0,134
2023-10-22,"Nationalratswahl 2023","ZH008","Maschwanden",8,8,8360,"Übrige",660,0,660
2023-10-22,"Nationalratswahl 2023","ZH008","Maschwanden",8,8,8360,"SD",2,0,2
2023-10-22,"Nationalratswahl 2023","ZH009","Mettmenstetten",9,9,72221,"SVP",24135,866,25001
2023-10-22,"Nationalratswahl 2023","ZH009","Mettmenstetten",9,9,72221,"SP",10949,341,11290
2023-10-22,"Nationalratswahl 2023","ZH009","Mettmenstetten",9,9,72221,"GP",5445,120,5565
2023-10-22,"Nationalratswahl 2023","ZH009","Mettmenstetten",9,9,72221,"GLP",10053,259,10312
2023-10-22,"Nationalratswahl 2023","ZH009","Mettmenstetten",9,9,72221,"FDP",7284,268,7552
2023-10-22,"Nationalratswahl 2023","ZH009","Mettmenstetten",9,9,72221,"Mitte",5009,226,5235
2023-10-22,"Nationalratswahl 2023","ZH009","Mettmenstetten",9,9,72221,"EVP",2231,250,2481
2023-10-22,"Nationalratswahl 2023","ZH009","Mettmenstetten",9,9,72221,"FGA/AL/PDA",210,0,210
2023-10-22,"Nationalratswahl 2023","ZH009","Mettmenstetten",9,9,72221,"EDU",1448,1,1449
2023-10-22,"Nationalratswahl 2023","ZH009","Mettmenstetten",9,9,72221,"Übrige",2765,169,2934
2023-10-22,"Nationalratswahl 2023","ZH009","Mettmenstetten",9,9,72221,"SD",157,35,192
2023-10-22,"Nationalratswahl 2023","ZH010","Obfelden",10,10,56138,"SVP",20460,625,21085
2023-10-22,"Nationalratswahl 2023","ZH010","Obfelden",10,10,56138,"SP",8320,242,8562
2023-10-22,"Nationalratswahl 2023","ZH010","Obfelden",10,10,56138,"GP",3685,163,3848
2023-10-22,"Nationalratswahl 2023","ZH010","Obfelden",10,10,56138,"GLP",6715,139,6854
2023-10-22,"Nationalratswahl 2023","ZH010","Obfelden",10,10,56138,"FDP",4979,98,5077
2023-10-22,"Nationalratswahl 2023","ZH010","Obfelden",10,10,56138,"Mitte",5408,170,5578
2023-10-22,"Nationalratswahl 2023","ZH010","Obfelden",10,10,56138,"EVP",1993,179,2172
2023-10-22,"Nationalratswahl 2023","ZH010","Obfelden",10,10,56138,"FGA/AL/PDA",63,0,63
2023-10-22,"Nationalratswahl 2023","ZH010","Obfelden",10,10,56138,"EDU",1031,0,1031
2023-10-22,"Nationalratswahl 2023","ZH010","Obfelden",10,10,56138,"Übrige",1809,55,1864
2023-10-22,"Nationalratswahl 2023","ZH010","Obfelden",10,10,56138,"SD",4,0,4
2023-10-22,"Nationalratswahl 2023","ZH011","Ottenbach",11,11,36424,"SVP",12525,179,12704
2023-10-22,"Nationalratswahl 2023","ZH011","Ottenbach",11,11,36424,"SP",4849,55,4904
2023-10-22,"Nationalratswahl 2023","ZH011","Ottenbach",11,11,36424,"GP",2681,26,2707
2023-10-22,"Nationalratswahl 2023","ZH011","Ottenbach",11,11,36424,"GLP",5509,251,5760
2023-10-22,"Nationalratswahl 2023","ZH011","Ottenbach",11,11,36424,"FDP",3842,29,3871
2023-10-22,"Nationalratswahl 2023","ZH011","Ottenbach",11,11,36424,"Mitte",2655,118,2773
2023-10-22,"Nationalratswahl 2023","ZH011","Ottenbach",11,11,36424,"EVP",1399,23,1422
2023-10-22,"Nationalratswahl 2023","ZH011","Ottenbach",11,11,36424,"FGA/AL/PDA",120,14,134
2023-10-22,"Nationalratswahl 2023","ZH011","Ottenbach",11,11,36424,"EDU",581,0,581
2023-10-22,"Nationalratswahl 2023","ZH011","Ottenbach",11,11,36424,"Übrige",1492,30,1522
2023-10-22,"Nationalratswahl 2023","ZH011","Ottenbach",11,11,36424,"SD",46,0,46
2023-10-22,"Nationalratswahl 2023","ZH012","Rifferswil",12,12,18033,"SVP",5093,79,5172
2023-10-22,"Nationalratswahl 2023","ZH012","Rifferswil",12,12,18033,"SP",3080,19,3099
2023-10-22,"Nationalratswahl 2023","ZH012","Rifferswil",12,12,18033,"GP",2897,31,2928
2023-10-22,"Nationalratswahl 2023","ZH012","Rifferswil",12,12,18033,"GLP",1987,95,2082
2023-10-22,"Nationalratswahl 2023","ZH012","Rifferswil",12,12,18033,"FDP",1521,14,1535
2023-10-22,"Nationalratswahl 2023","ZH012","Rifferswil",12,12,18033,"Mitte",791,26,817
2023-10-22,"Nationalratswahl 2023","ZH012","Rifferswil",12,12,18033,"EVP",991,4,995
2023-10-22,"Nationalratswahl 2023","ZH012","Rifferswil",12,12,18033,"FGA/AL/PDA",100,0,100
2023-10-22,"Nationalratswahl 2023","ZH012","Rifferswil",12,12,18033,"EDU",653,1,654
2023-10-22,"Nationalratswahl 2023","ZH012","Rifferswil",12,12,18033,"Übrige",583,64,647
2023-10-22,"Nationalratswahl 2023","ZH012","Rifferswil",12,12,18033,"SD",4,0,4
2023-10-22,"Nationalratswahl 2023","ZH013","Stallikon",13,13,44604,"SVP",14116,217,14333
2023-10-22,"Nationalratswahl 2023","ZH013","Stallikon",13,13,44604,"SP",6894,93,6987
2023-10-22,"Nationalratswahl 2023","ZH013","Stallikon",13,13,44604,"GP",3078,49,3127
2023-10-22,"Nationalratswahl 2023","ZH013","Stallikon",13,13,44604,"GLP",6148,298,6446
2023-10-22,"Nationalratswahl 2023","ZH013","Stallikon",13,13,44604,"FDP",6462,139,6601
2023-10-22,"Nationalratswahl 2023","ZH013","Stallikon",13,13,44604,"Mitte",4392,186,4578
2023-10-22,"Nationalratswahl 2023","ZH013","Stallikon",13,13,44604,"EVP",600,30,630
2023-10-22,"Nationalratswahl 2023","ZH013","Stallikon",13,13,44604,"FGA/AL/PDA",196,0,196
2023-10-22,"Nationalratswahl 2023","ZH013","Stallikon",13,13,44604,"EDU",203,0,203
2023-10-22,"Nationalratswahl 2023","ZH013","Stallikon",13,13,44604,"Übrige",1287,156,1443
2023-10-22,"Nationalratswahl 2023","ZH013","Stallikon",13,13,44604,"SD",58,2,60
2023-10-22,"Nationalratswahl 2023","ZH014","Wettswil am Albis",14,14,66100,"SVP",18960,496,19456
2023-10-22,"Nationalratswahl 2023","ZH014","Wettswil am Albis",14,14,66100,"SP",8803,255,9058
2023-10-22,"Nationalratswahl 2023","ZH014","Wettswil am Albis",14,14,66100,"GP",3593,119,3712
2023-10-22,"Nationalratswahl 2023","ZH014","Wettswil am Albis",14,14,66100,"GLP",10005,490,10495
2023-10-22,"Nationalratswahl 2023","ZH014","Wettswil am Albis",14,14,66100,"FDP",13439,207,13646
2023-10-22,"Nationalratswahl 2023","ZH014","Wettswil am Albis",14,14,66100,"Mitte",5727,372,6099
2023-10-22,"Nationalratswahl 2023","ZH014","Wettswil am Albis",14,14,66100,"EVP",1234,0,1234
2023-10-22,"Nationalratswahl 2023","ZH014","Wettswil am Albis",14,14,66100,"FGA/AL/PDA",152,0,152
2023-10-22,"Nationalratswahl 2023","ZH014","Wettswil am Albis",14,14,66100,"EDU",558,26,584
2023-10-22,"Nationalratswahl 2023","ZH014","Wettswil am Albis",14,14,66100,"Übrige",1593,55,1648
2023-10-22,"Nationalratswahl 2023","ZH014","Wettswil am Albis",14,14,66100,"SD",16,0,16
2023-10-22,"Nationalratswahl 2023","ZH022","Benken",22,22,10801,"SVP",5130,175,5305
2023-10-22,"Nationalratswahl 2023","ZH022","Benken",22,22,10801,"SP",1293,30,1323
2023-10-22,"Nationalratswahl 2023","ZH022","Benken",22,22,10801,"GP",821,16,837
2023-10-22,"Nationalratswahl 2023","ZH022","Benken",22,22,10801,"GLP",890,42,932
2023-10-22,"Nationalratswahl 2023","ZH022","Benken",22,22,10801,"FDP",969,36,1005
2023-10-22,"Nationalratswahl 2023","ZH022","Benken",22,22,10801,"Mitte",730,0,730
2023-10-22,"Nationalratswahl 2023","ZH022","Benken",22,22,10801,"EVP",173,0,173
2023-10-22,"Nationalratswahl 2023","ZH022","Benken",22,22,10801,"FGA/AL/PDA",24,0,24
2023-10-22,"Nationalratswahl 2023","ZH022","Benken",22,22,10801,"EDU",297,16,313
2023-10-22,"Nationalratswahl 2023","ZH022","Benken",22,22,10801,"Übrige",145,0,145
2023-10-22,"Nationalratswahl 2023","ZH022","Benken",22,22,10801,"SD",14,0,14
2023-10-22,"Nationalratswahl 2023","ZH023","Berg am Irchel",23,23,9283,"SVP",4942,85,5027
2023-10-22,"Nationalratswahl 2023","ZH023","Berg am Irchel",23,23,9283,"SP",852,9,861
2023-10-22,"Nationalratswahl 2023","ZH023","Berg am Irchel",23,23,9283,"GP",368,0,368
2023-10-22,"Nationalratswahl 2023","ZH023","Berg am Irchel",23,23,9283,"GLP",800,93,893
2023-10-22,"Nationalratswahl 2023","ZH023","Berg am Irchel",23,23,9283,"FDP",920,30,950
2023-10-22,"Nationalratswahl 2023","ZH023","Berg am Irchel",23,23,9283,"Mitte",554,2,556
2023-10-22,"Nationalratswahl 2023","ZH023","Berg am Irchel",23,23,9283,"EVP",161,0,161
2023-10-22,"Nationalratswahl 2023","ZH023","Berg am Irchel",23,23,9283,"FGA/AL/PDA",18,0,18
2023-10-22,"Nationalratswahl 2023","ZH023","Berg am Irchel",23,23,9283,"EDU",111,0,111
2023-10-22,"Nationalratswahl 2023","ZH023","Berg am Irchel",23,23,9283,"Übrige",300,37,337
2023-10-22,"Nationalratswahl 2023","ZH023","Berg am Irchel",23,23,9283,"SD",1,0,1
2023-10-22,"Nationalratswahl 2023","ZH024","Buch am Irchel",24,24,14516,"SVP",6442,35,6477
2023-10-22,"Nationalratswahl 2023","ZH024","Buch am Irchel",24,24,14516,"SP",953,15,968
2023-10-22,"Nationalratswahl 2023","ZH024","Buch am Irchel",24,24,14516,"GP",996,57,1053
2023-10-22,"Nationalratswahl 2023","ZH024","Buch am Irchel",24,24,14516,"GLP",1563,51,1614
2023-10-22,"Nationalratswahl 2023","ZH024","Buch am Irchel",24,24,14516,"FDP",1488,90,1578
2023-10-22,"Nationalratswahl 2023","ZH024","Buch am Irchel",24,24,14516,"Mitte",985,5,990
2023-10-22,"Nationalratswahl 2023","ZH024","Buch am Irchel",24,24,14516,"EVP",429,28,457
2023-10-22,"Nationalratswahl 2023","ZH024","Buch am Irchel",24,24,14516,"FGA/AL/PDA",40,0,40
2023-10-22,"Nationalratswahl 2023","ZH024","Buch am Irchel",24,24,14516,"EDU",663,0,663
2023-10-22,"Nationalratswahl 2023","ZH024","Buch am Irchel",24,24,14516,"Übrige",676,0,676
2023-10-22,"Nationalratswahl 2023","ZH024","Buch am Irchel",24,24,14516,"SD",0,0,0
2023-10-22,"Nationalratswahl 2023","ZH025","Dachsen",25,25,23813,"SVP",6800,95,6895
2023-10-22,"Nationalratswahl 2023","ZH025","Dachsen",25,25,23813,"SP",3794,27,3821
2023-10-22,"Nationalratswahl 2023","ZH025","Dachsen",25,25,23813,"GP",2069,3,2072
2023-10-22,"Nationalratswahl 2023","ZH025","Dachsen",25,25,23813,"GLP",3262,56,3318
2023-10-22,"Nationalratswahl 2023","ZH025","Dachsen",25,25,23813,"FDP",2767,39,2806
2023-10-22,"Nationalratswahl 2023","ZH025","Dachsen",25,25,23813,"Mitte",2933,45,2978
2023-10-22,"Nationalratswahl 2023","ZH025","Dachsen",25,25,23813,"EVP",794,20,814
2023-10-22,"Nationalratswahl 2023","ZH025","Dachsen",25,25,23813,"FGA/AL/PDA",47,0,47
2023-10-22,"Nationalratswahl 2023","ZH025","Dachsen",25,25,23813,"EDU",260,0,260
2023-10-22,"Nationalratswahl 2023","ZH025","Dachsen",25,25,23813,"Übrige",744,20,764
2023-10-22,"Nationalratswahl 2023","ZH025","Dachsen",25,25,23813,"SD",38,0,38
2023-10-22,"Nationalratswahl 2023","ZH026","Dorf",26,26,9761,"SVP",4416,39,4455
2023-10-22,"Nationalratswahl 2023","ZH026","Dorf",26,26,9761,"SP",949,58,1007
2023-10-22,"Nationalratswahl 2023","ZH026","Dorf",26,26,9761,"GP",391,0,391
2023-10-22,"Nationalratswahl 2023","ZH026","Dorf",26,26,9761,"GLP",718,0,718
2023-10-22,"Nationalratswahl 2023","ZH026","Dorf",26,26,9761,"FDP",1020,29,1049
2023-10-22,"Nationalratswahl 2023","ZH026","Dorf",26,26,9761,"Mitte",565,82,647
2023-10-22,"Nationalratswahl 2023","ZH026","Dorf",26,26,9761,"EVP",300,0,300
2023-10-22,"Nationalratswahl 2023","ZH026","Dorf",26,26,9761,"FGA/AL/PDA",86,0,86
2023-10-22,"Nationalratswahl 2023","ZH026","Dorf",26,26,9761,"EDU",712,0,712
2023-10-22,"Nationalratswahl 2023","ZH026","Dorf",26,26,9761,"Übrige",389,4,393
2023-10-22,"Nationalratswahl 2023","ZH026","Dorf",26,26,9761,"SD",3,0,3
2023-10-22,"Nationalratswahl 2023","ZH027","Feuerthalen",27,27,34715,"SVP",10362,278,10640
2023-10-22,"Nationalratswahl 2023","ZH027","Feuerthalen",27,27,34715,"SP",7538,133,7671
2023-10-22,"Nationalratswahl 2023","ZH027","Feuerthalen",27,27,34715,"GP",2680,104,2784
2023-10-22,"Nationalratswahl 2023","ZH027","Feuerthalen",27,27,34715,"GLP",4210,108,4318
2023-10-22,"Nationalratswahl 2023","ZH027","Feuerthalen",27,27,34715,"FDP",2799,49,2848
2023-10-22,"Nationalratswahl 2023","ZH027","Feuerthalen",27,27,34715,"Mitte",3231,157,3388
2023-10-22,"Nationalratswahl 2023","ZH027","Feuerthalen",27,27,34715,"EVP",906,25,931
2023-10-22,"Nationalratswahl 2023","ZH027","Feuerthalen",27,27,34715,"FGA/AL/PDA",215,0,215
2023-10-22,"Nationalratswahl 2023","ZH027","Feuerthalen",27,27,34715,"EDU",452,5,457
2023-10-22,"Nationalratswahl 2023","ZH027","Feuerthalen",27,27,34715,"Übrige",1336,101,1437
2023-10-22,"Nationalratswahl 2023","ZH027","Feuerthalen",27,27,34715,"SD",26,0,26
2023-10-22,"Nationalratswahl 2023","ZH028","Flaach",28,28,19527,"SVP",9455,124,9579
2023-10-22,"Nationalratswahl 2023","ZH028","Flaach",28,28,19527,"SP",1683,93,1776
2023-10-22,"Nationalratswahl 2023","ZH028","Flaach",28,28,19527,"GP",865,2,867
2023-10-22,"Nationalratswahl 2023","ZH028","Flaach",28,28,19527,"GLP",1616,70,1686
2023-10-22,"Nationalratswahl 2023","ZH028","Flaach",28,28,19527,"FDP",1769,79,1848
2023-10-22,"Nationalratswahl 2023","ZH028","Flaach",28,28,19527,"Mitte",1011,9,1020
2023-10-22,"Nationalratswahl 2023","ZH028","Flaach",28,28,19527,"EVP",1341,54,1395
2023-10-22,"Nationalratswahl 2023","ZH028","Flaach",28,28,19527,"FGA/AL/PDA",10,0,10
2023-10-22,"Nationalratswahl 2023","ZH028","Flaach",28,28,19527,"EDU",705,66,771
2023-10-22,"Nationalratswahl 2023","ZH028","Flaach",28,28,19527,"Übrige",519,54,573
2023-10-22,"Nationalratswahl 2023","ZH028","Flaach",28,28,19527,"SD",2,0,2
2023-10-22,"Nationalratswahl 2023","ZH029","Flurlingen",29,29,19400,"SVP",4543,44,4587
2023-10-22,"Nationalratswahl 2023","ZH029","Flurlingen",29,29,19400,"SP",4650,121,4771
2023-10-22,"Nationalratswahl 2023","ZH029","Flurlingen",29,29,19400,"GP",2101,1,2102
2023-10-22,"Nationalratswahl 2023","ZH029","Flurlingen",29,29,19400,"GLP",2245,91,2336
2023-10-22,"Nationalratswahl 2023","ZH029","Flurlingen",29,29,19400,"FDP",2949,116,3065
2023-10-22,"Nationalratswahl 2023","ZH029","Flurlingen",29,29,19400,"Mitte",1351,3,1354
2023-10-22,"Nationalratswahl 2023","ZH029","Flurlingen",29,29,19400,"EVP",442,22,464
2023-10-22,"Nationalratswahl 2023","ZH029","Flurlingen",29,29,19400,"FGA/AL/PDA",119,0,119
2023-10-22,"Nationalratswahl 2023","ZH029","Flurlingen",29,29,19400,"EDU",221,40,261
2023-10-22,"Nationalratswahl 2023","ZH029","Flurlingen",29,29,19400,"Übrige",334,0,334
2023-10-22,"Nationalratswahl 2023","ZH029","Flurlingen",29,29,19400,"SD",7,0,7
2023-10-22,"Nationalratswahl 2023","ZH031","Henggart",31,31,32202,"SVP",11141,238,11379
2023-10-22,"Nationalratswahl 2023","ZH031","Henggart",31,31,32202,"SP",4088,101,4189
2023-10-22,"Nationalratswahl 2023","ZH031","Henggart",31,31,32202,"GP",1961,19,1980
2023-10-22,"Nationalratswahl 2023","ZH031","Henggart",31,31,32202,"GLP",3772,79,3851
2023-10-22,"Nationalratswahl 2023","ZH031","Henggart",31,31,32202,"FDP",3007,109,3116
2023-10-22,"Nationalratswahl 2023","ZH031","Henggart",31,31,32202,"Mitte",3252,200,3452
2023-10-22,"Nationalratswahl 2023","ZH031","Henggart",31,31,32202,"EVP",2026,18,2044
2023-10-22,"Nationalratswahl 2023","ZH031","Henggart",31,31,32202,"FGA/AL/PDA",150,0,150
2023-10-22,"Nationalratswahl 2023","ZH031","Henggart",31,31,32202,"EDU",1026,42,1068
2023-10-22,"Nationalratswahl 2023","ZH031","Henggart",31,31,32202,"Übrige",689,281,970
2023-10-22,"Nationalratswahl 2023","ZH031","Henggart",31,31,32202,"SD",3,0,3
2023-10-22,"Nationalratswahl 2023","ZH033","Kleinandelfingen",33,33,27644,"SVP",10978,404,11382
2023-10-22,"Nationalratswahl 2023","ZH033","Kleinandelfingen",33,33,27644,"SP",3096,183,3279
2023-10-22,"Nationalratswahl 2023","ZH033","Kleinandelfingen",33,33,27644,"GP",2081,73,2154
2023-10-22,"Nationalratswahl 2023","ZH033","Kleinandelfingen",33,33,27644,"GLP",2599,43,2642
2023-10-22,"Nationalratswahl 2023","ZH033","Kleinandelfingen",33,33,27644,"FDP",2476,151,2627
2023-10-22,"Nationalratswahl 2023","ZH033","Kleinandelfingen",33,33,27644,"Mitte",2401,171,2572
2023-10-22,"Nationalratswahl 2023","ZH033","Kleinandelfingen",33,33,27644,"EVP",1363,5,1368
2023-10-22,"Nationalratswahl 2023","ZH033","Kleinandelfingen",33,33,27644,"FGA/AL/PDA",105,16,121
2023-10-22,"Nationalratswahl 2023","ZH033","Kleinandelfingen",33,33,27644,"EDU",674,0,674
2023-10-22,"Nationalratswahl 2023","ZH033","Kleinandelfingen",33,33,27644,"Übrige",705,48,753
2023-10-22,"Nationalratswahl 2023","ZH033","Kleinandelfingen",33,33,27644,"SD",72,0,72
2023-10-22,"Nationalratswahl 2023","ZH034","Laufen-Uhwiesen",34,34,22799,"SVP",8787,225,9012
2023-10-22,"Nationalratswahl 2023","ZH034","Laufen-Uhwiesen",34,34,22799,"SP",2568,94,2662
2023-10-22,"Nationalratswahl 2023","ZH034","Laufen-Uhwiesen",34,34,22799,"GP",1587,19,1606
2023-10-22,"Nationalratswahl 2023","ZH034","Laufen-Uhwiesen",34,34,22799,"GLP",2328,96,2424
2023-10-22,"Nationalratswahl 2023","ZH034","Laufen-Uhwiesen",34,34,22799,"FDP",3198,24,3222
2023-10-22,"Nationalratswahl 2023","ZH034","Laufen-Uhwiesen",34,34,22799,"Mitte",1988,86,2074
2023-10-22,"Nationalratswahl 2023","ZH034","Laufen-Uhwiesen",34,34,22799,"EVP",501,0,501
2023-10-22,"Nationalratswahl 2023","ZH034","Laufen-Uhwiesen",34,34,22799,"FGA/AL/PDA",17,22,39
2023-10-22,"Nationalratswahl 2023","ZH034","Laufen-Uhwiesen",34,34,22799,"EDU",546,0,546
2023-10-22,"Nationalratswahl 2023","ZH034","Laufen-Uhwiesen",34,34,22799,"Übrige",628,39,667
2023-10-22,"Nationalratswahl 2023","ZH034","Laufen-Uhwiesen",34,34,22799,"SD",46,0,46
2023-10-22,"Nationalratswahl 2023","ZH035","Marthalen",35,35,27079,"SVP",12460,380,12840
2023-10-22,"Nationalratswahl 2023","ZH035","Marthalen",35,35,27079,"SP",2920,59,2979
2023-10-22,"Nationalratswahl 2023","ZH035","Marthalen",35,35,27079,"GP",2028,16,2044
2023-10-22,"Nationalratswahl 2023","ZH035","Marthalen",35,35,27079,"GLP",2690,70,2760
2023-10-22,"Nationalratswahl 2023","ZH035","Marthalen",35,35,27079,"FDP",1501,13,1514
2023-10-22,"Nationalratswahl 2023","ZH035","Marthalen",35,35,27079,"Mitte",2010,289,2299
2023-10-22,"Nationalratswahl 2023","ZH035","Marthalen",35,35,27079,"EVP",746,0,746
2023-10-22,"Nationalratswahl 2023","ZH035","Marthalen",35,35,27079,"FGA/AL/PDA",95,0,95
2023-10-22,"Nationalratswahl 2023","ZH035","Marthalen",35,35,27079,"EDU",632,0,632
2023-10-22,"Nationalratswahl 2023","ZH035","Marthalen",35,35,27079,"Übrige",1163,1,1164
2023-10-22,"Nationalratswahl 2023","ZH035","Marthalen",35,35,27079,"SD",6,0,6
2023-10-22,"Nationalratswahl 2023","ZH037","Ossingen",37,37,23522,"SVP",8738,139,8877
2023-10-22,"Nationalratswahl 2023","ZH037","Ossingen",37,37,23522,"SP",3312,16,3328
2023-10-22,"Nationalratswahl 2023","ZH037","Ossingen",37,37,23522,"GP",1832,23,1855
2023-10-22,"Nationalratswahl 2023","ZH037","Ossingen",37,37,23522,"GLP",2380,152,2532
2023-10-22,"Nationalratswahl 2023","ZH037","Ossingen",37,37,23522,"FDP",2548,118,2666
2023-10-22,"Nationalratswahl 2023","ZH037","Ossingen",37,37,23522,"Mitte",2484,32,2516
2023-10-22,"Nationalratswahl 2023","ZH037","Ossingen",37,37,23522,"EVP",815,64,879
2023-10-22,"Nationalratswahl 2023","ZH037","Ossingen",37,37,23522,"FGA/AL/PDA",51,0,51
2023-10-22,"Nationalratswahl 2023","ZH037","Ossingen",37,37,23522,"EDU",162,0,162
2023-10-22,"Nationalratswahl 2023","ZH037","Ossingen",37,37,23522,"Übrige",643,1,644
2023-10-22,"Nationalratswahl 2023","ZH037","Ossingen",37,37,23522,"SD",12,0,12
2023-10-22,"Nationalratswahl 2023","ZH038","Rheinau",38,38,15722,"SVP",5057,16,5073
2023-10-22,"Nationalratswahl 2023","ZH038","Rheinau",38,38,15722,"SP",2712,100,2812
2023-10-22,"Nationalratswahl 2023","ZH038","Rheinau",38,38,15722,"GP",1508,45,1553
2023-10-22,"Nationalratswahl 2023","ZH038","Rheinau",38,38,15722,"GLP",1383,13,1396
2023-10-22,"Nationalratswahl 2023","ZH038","Rheinau",38,38,15722,"FDP",1138,52,1190
2023-10-22,"Nationalratswahl 2023","ZH038","Rheinau",38,38,15722,"Mitte",2095,98,2193
2023-10-22,"Nationalratswahl 2023","ZH038","Rheinau",38,38,15722,"EVP",297,0,297
2023-10-22,"Nationalratswahl 2023","ZH038","Rheinau",38,38,15722,"FGA/AL/PDA",193,0,193
2023-10-22,"Nationalratswahl 2023","ZH038","Rheinau",38,38,15722,"EDU",221,0,221
2023-10-22,"Nationalratswahl 2023","ZH038","Rheinau",38,38,15722,"Übrige",781,10,791
2023-10-22,"Nationalratswahl 2023","ZH038","Rheinau",38,38,15722,"SD",3,0,3
2023-10-22,"Nationalratswahl 2023","ZH039","Thalheim an der Thur",39,39,14092,"SVP",7109,139,7248
2023-10-22,"Nationalratswahl 2023","ZH039","Thalheim an der Thur",39,39,14092,"SP",1113,76,1189
2023-10-22,"Nationalratswahl 2023","ZH039","Thalheim an der Thur",39,39,14092,"GP",1089,7,1096
2023-10-22,"Nationalratswahl 2023","ZH039","Thalheim an der Thur",39,39,14092,"GLP",927,14,941
2023-10-22,"Nationalratswahl 2023","ZH039","Thalheim an der Thur",39,39,14092,"FDP",1009,17,1026
2023-10-22,"Nationalratswahl 2023","ZH039","Thalheim an der Thur",39,39,14092,"Mitte",802,2,804
2023-10-22,"Nationalratswahl 2023","ZH039","Thalheim an der Thur",39,39,14092,"EVP",570,44,614
2023-10-22,"Nationalratswahl 2023","ZH039","Thalheim an der Thur",39,39,14092,"FGA/AL/PDA",9,0,9
2023-10-22,"Nationalratswahl 2023","ZH039","Thalheim an der Thur",39,39,14092,"EDU",230,0,230
2023-10-22,"Nationalratswahl 2023","ZH039","Thalheim an der Thur",39,39,14092,"Übrige",875,60,935
2023-10-22,"Nationalratswahl 2023","ZH039","Thalheim an der Thur",39,39,14092,"SD",0,0,0
2023-10-22,"Nationalratswahl 2023","ZH040","Trüllikon",40,40,14274,"SVP",6827,356,7183
2023-10-22,"Nationalratswahl 2023","ZH040","Trüllikon",40,40,14274,"SP",1654,4,1658
2023-10-22,"Nationalratswahl 2023","ZH040","Trüllikon",40,40,14274,"GP",785,42,827
2023-10-22,"Nationalratswahl 2023","ZH040","Trüllikon",40,40,14274,"GLP",1095,23,1118
2023-10-22,"Nationalratswahl 2023","ZH040","Trüllikon",40,40,14274,"FDP",649,77,726
2023-10-22,"Nationalratswahl 2023","ZH040","Trüllikon",40,40,14274,"Mitte",1522,85,1607
2023-10-22,"Nationalratswahl 2023","ZH040","Trüllikon",40,40,14274,"EVP",321,0,321
2023-10-22,"Nationalratswahl 2023","ZH040","Trüllikon",40,40,14274,"FGA/AL/PDA",41,0,41
2023-10-22,"Nationalratswahl 2023","ZH040","Trüllikon",40,40,14274,"EDU",381,0,381
2023-10-22,"Nationalratswahl 2023","ZH040","Trüllikon",40,40,14274,"Übrige",367,36,403
2023-10-22,"Nationalratswahl 2023","ZH040","Trüllikon",40,40,14274,"SD",9,0,9
2023-10-22,"Nationalratswahl 2023","ZH041","Truttikon",41,41,7884,"SVP",3457,19,3476
2023-10-22,"Nationalratswahl 2023","ZH041","Truttikon",41,41,7884,"SP",1060,2,1062
2023-10-22,"Nationalratswahl 2023","ZH041","Truttikon",41,41,7884,"GP",543,2,545
2023-10-22,"Nationalratswahl 2023","ZH041","Truttikon",41,41,7884,"GLP",496,45,541
2023-10-22,"Nationalratswahl 2023","ZH041","Truttikon",41,41,7884,"FDP",563,29,592
2023-10-22,"Nationalratswahl 2023","ZH041","Truttikon",41,41,7884,"Mitte",449,0,449
2023-10-22,"Nationalratswahl 2023","ZH041","Truttikon",41,41,7884,"EVP",273,12,285
2023-10-22,"Nationalratswahl 2023","ZH041","Truttikon",41,41,7884,"FGA/AL/PDA",134,0,134
2023-10-22,"Nationalratswahl 2023","ZH041","Truttikon",41,41,7884,"EDU",401,0,401
2023-10-22,"Nationalratswahl 2023","ZH041","Truttikon",41,41,7884,"Übrige",390,9,399
2023-10-22,"Nationalratswahl 2023","ZH041","Truttikon",41,41,7884,"SD",0,0,0
2023-10-22,"Nationalratswahl 2023","ZH043","Volken",43,43,5281,"SVP",2481,106,2587
2023-10-22,"Nationalratswahl 2023","ZH043","Volken",43,43,5281,"SP",409,7,416
2023-10-22,"Nationalratswahl 2023","ZH043","Volken",43,43,5281,"GP",262,0,262
2023-10-22,"Nationalratswahl 2023","ZH043","Volken",43,43,5281,"GLP",436,17,453
2023-10-22,"Nationalratswahl 2023","ZH043","Volken",43,43,5281,"FDP",288,49,337
2023-10-22,"Nationalratswahl 2023","ZH043","Volken",43,43,5281,"Mitte",546,3,549
2023-10-22,"Nationalratswahl 2023","ZH043","Volken",43,43,5281,"EVP",331,34,365
2023-10-22,"Nationalratswahl 2023","ZH043","Volken",43,43,5281,"FGA/AL/PDA",2,0,2
2023-10-22,"Nationalratswahl 2023","ZH043","Volken",43,43,5281,"EDU",123,0,123
2023-10-22,"Nationalratswahl 2023","ZH043","Volken",43,43,5281,"Übrige",175,0,175
2023-10-22,"Nationalratswahl 2023","ZH043","Volken",43,43,5281,"SD",12,0,12
2023-10-22,"Nationalratswahl 2023","ZH051","Bachenbülach",51,51,37284,"SVP",12136,232,12368
2023-10-22,"Nationalratswahl 2023","ZH051","Bachenbülach",51,51,37284,"SP",4817,161,4978
2023-10-22,"Nationalratswahl 2023","ZH051","Bachenbülach",51,51,37284,"GP",2431,120,2551
2023-10-22,"Nationalratswahl 2023","ZH051","Bachenbülach",51,51,37284,"GLP",3812,88,3900
2023-10-22,"Nationalratswahl 2023","ZH051","Bachenbülach",51,51,37284,"FDP",5276,410,5686
2023-10-22,"Nationalratswahl 2023","ZH051","Bachenbülach",51,51,37284,"Mitte",2741,119,2860
2023-10-22,"Nationalratswahl 2023","ZH051","Bachenbülach",51,51,37284,"EVP",2192,185,2377
2023-10-22,"Nationalratswahl 2023","ZH051","Bachenbülach",51,51,37284,"FGA/AL/PDA",211,0,211
2023-10-22,"Nationalratswahl 2023","ZH051","Bachenbülach",51,51,37284,"EDU",761,34,795
2023-10-22,"Nationalratswahl 2023","ZH051","Bachenbülach",51,51,37284,"Übrige",1448,49,1497
2023-10-22,"Nationalratswahl 2023","ZH051","Bachenbülach",51,51,37284,"SD",41,20,61
2023-10-22,"Nationalratswahl 2023","ZH052","Bassersdorf",52,52,101695,"SVP",33392,875,34267
2023-10-22,"Nationalratswahl 2023","ZH052","Bassersdorf",52,52,101695,"SP",18174,519,18693
2023-10-22,"Nationalratswahl 2023","ZH052","Bassersdorf",52,52,101695,"GP",6085,88,6173
2023-10-22,"Nationalratswahl 2023","ZH052","Bassersdorf",52,52,101695,"GLP",10384,220,10604
2023-10-22,"Nationalratswahl 2023","ZH052","Bassersdorf",52,52,101695,"FDP",12051,632,12683
2023-10-22,"Nationalratswahl 2023","ZH052","Bassersdorf",52,52,101695,"Mitte",8258,316,8574
2023-10-22,"Nationalratswahl 2023","ZH052","Bassersdorf",52,52,101695,"EVP",2618,96,2714
2023-10-22,"Nationalratswahl 2023","ZH052","Bassersdorf",52,52,101695,"FGA/AL/PDA",580,18,598
2023-10-22,"Nationalratswahl 2023","ZH052","Bassersdorf",52,52,101695,"EDU",3861,61,3922
2023-10-22,"Nationalratswahl 2023","ZH052","Bassersdorf",52,52,101695,"Übrige",3105,272,3377
2023-10-22,"Nationalratswahl 2023","ZH052","Bassersdorf",52,52,101695,"SD",83,7,90
2023-10-22,"Nationalratswahl 2023","ZH053","Bülach",53,53,186678,"SVP",58165,1210,59375
2023-10-22,"Nationalratswahl 2023","ZH053","Bülach",53,53,186678,"SP",34118,846,34964
2023-10-22,"Nationalratswahl 2023","ZH053","Bülach",53,53,186678,"GP",15973,248,16221
2023-10-22,"Nationalratswahl 2023","ZH053","Bülach",53,53,186678,"GLP",19192,549,19741
2023-10-22,"Nationalratswahl 2023","ZH053","Bülach",53,53,186678,"FDP",18606,516,19122
2023-10-22,"Nationalratswahl 2023","ZH053","Bülach",53,53,186678,"Mitte",14644,399,15043
2023-10-22,"Nationalratswahl 2023","ZH053","Bülach",53,53,186678,"EVP",10004,249,10253
2023-10-22,"Nationalratswahl 2023","ZH053","Bülach",53,53,186678,"FGA/AL/PDA",1288,14,1302
2023-10-22,"Nationalratswahl 2023","ZH053","Bülach",53,53,186678,"EDU",3937,75,4012
2023-10-22,"Nationalratswahl 2023","ZH053","Bülach",53,53,186678,"Übrige",6385,154,6539
2023-10-22,"Nationalratswahl 2023","ZH053","Bülach",53,53,186678,"SD",106,0,106
2023-10-22,"Nationalratswahl 2023","ZH054","Dietlikon",54,54,73670,"SVP",21934,367,22301
2023-10-22,"Nationalratswahl 2023","ZH054","Dietlikon",54,54,73670,"SP",11796,462,12258
2023-10-22,"Nationalratswahl 2023","ZH054","Dietlikon",54,54,73670,"GP",4836,194,5030
2023-10-22,"Nationalratswahl 2023","ZH054","Dietlikon",54,54,73670,"GLP",10386,477,10863
2023-10-22,"Nationalratswahl 2023","ZH054","Dietlikon",54,54,73670,"FDP",9322,120,9442
2023-10-22,"Nationalratswahl 2023","ZH054","Dietlikon",54,54,73670,"Mitte",6986,256,7242
2023-10-22,"Nationalratswahl 2023","ZH054","Dietlikon",54,54,73670,"EVP",1640,1,1641
2023-10-22,"Nationalratswahl 2023","ZH054","Dietlikon",54,54,73670,"FGA/AL/PDA",585,4,589
2023-10-22,"Nationalratswahl 2023","ZH054","Dietlikon",54,54,73670,"EDU",1836,0,1836
2023-10-22,"Nationalratswahl 2023","ZH054","Dietlikon",54,54,73670,"Übrige",2242,199,2441
2023-10-22,"Nationalratswahl 2023","ZH054","Dietlikon",54,54,73670,"SD",27,0,27
2023-10-22,"Nationalratswahl 2023","ZH055","Eglisau",55,55,59685,"SVP",19869,412,20281
2023-10-22,"Nationalratswahl 2023","ZH055","Eglisau",55,55,59685,"SP",10331,261,10592
2023-10-22,"Nationalratswahl 2023","ZH055","Eglisau",55,55,59685,"GP",4692,16,4708
2023-10-22,"Nationalratswahl 2023","ZH055","Eglisau",55,55,59685,"GLP",8034,214,8248
2023-10-22,"Nationalratswahl 2023","ZH055","Eglisau",55,55,59685,"FDP",5021,76,5097
2023-10-22,"Nationalratswahl 2023","ZH055","Eglisau",55,55,59685,"Mitte",4943,212,5155
2023-10-22,"Nationalratswahl 2023","ZH055","Eglisau",55,55,59685,"EVP",2739,109,2848
2023-10-22,"Nationalratswahl 2023","ZH055","Eglisau",55,55,59685,"FGA/AL/PDA",228,0,228
2023-10-22,"Nationalratswahl 2023","ZH055","Eglisau",55,55,59685,"EDU",1036,0,1036
2023-10-22,"Nationalratswahl 2023","ZH055","Eglisau",55,55,59685,"Übrige",1419,1,1420
2023-10-22,"Nationalratswahl 2023","ZH055","Eglisau",55,55,59685,"SD",58,14,72
2023-10-22,"Nationalratswahl 2023","ZH056","Embrach",56,56,74640,"SVP",29959,510,30469
2023-10-22,"Nationalratswahl 2023","ZH056","Embrach",56,56,74640,"SP",9962,137,10099
2023-10-22,"Nationalratswahl 2023","ZH056","Embrach",56,56,74640,"GP",3845,444,4289
2023-10-22,"Nationalratswahl 2023","ZH056","Embrach",56,56,74640,"GLP",7660,207,7867
2023-10-22,"Nationalratswahl 2023","ZH056","Embrach",56,56,74640,"FDP",6285,75,6360
2023-10-22,"Nationalratswahl 2023","ZH056","Embrach",56,56,74640,"Mitte",7097,220,7317
2023-10-22,"Nationalratswahl 2023","ZH056","Embrach",56,56,74640,"EVP",2664,242,2906
2023-10-22,"Nationalratswahl 2023","ZH056","Embrach",56,56,74640,"FGA/AL/PDA",675,18,693
2023-10-22,"Nationalratswahl 2023","ZH056","Embrach",56,56,74640,"EDU",1742,70,1812
2023-10-22,"Nationalratswahl 2023","ZH056","Embrach",56,56,74640,"Übrige",2603,201,2804
2023-10-22,"Nationalratswahl 2023","ZH056","Embrach",56,56,74640,"SD",24,0,24
2023-10-22,"Nationalratswahl 2023","ZH057","Freienstein-Teufen",57,57,30118,"SVP",10592,218,10810
2023-10-22,"Nationalratswahl 2023","ZH057","Freienstein-Teufen",57,57,30118,"SP",3680,112,3792
2023-10-22,"Nationalratswahl 2023","ZH057","Freienstein-Teufen",57,57,30118,"GP",1978,70,2048
2023-10-22,"Nationalratswahl 2023","ZH057","Freienstein-Teufen",57,57,30118,"GLP",3398,55,3453
2023-10-22,"Nationalratswahl 2023","ZH057","Freienstein-Teufen",57,57,30118,"FDP",2393,127,2520
2023-10-22,"Nationalratswahl 2023","ZH057","Freienstein-Teufen",57,57,30118,"Mitte",1973,189,2162
2023-10-22,"Nationalratswahl 2023","ZH057","Freienstein-Teufen",57,57,30118,"EVP",3201,233,3434
2023-10-22,"Nationalratswahl 2023","ZH057","Freienstein-Teufen",57,57,30118,"FGA/AL/PDA",113,0,113
2023-10-22,"Nationalratswahl 2023","ZH057","Freienstein-Teufen",57,57,30118,"EDU",822,5,827
2023-10-22,"Nationalratswahl 2023","ZH057","Freienstein-Teufen",57,57,30118,"Übrige",825,86,911
2023-10-22,"Nationalratswahl 2023","ZH057","Freienstein-Teufen",57,57,30118,"SD",14,34,48
2023-10-22,"Nationalratswahl 2023","ZH058","Glattfelden",58,58,46335,"SVP",19981,250,20231
2023-10-22,"Nationalratswahl 2023","ZH058","Glattfelden",58,58,46335,"SP",6880,273,7153
2023-10-22,"Nationalratswahl 2023","ZH058","Glattfelden",58,58,46335,"GP",3139,89,3228
2023-10-22,"Nationalratswahl 2023","ZH058","Glattfelden",58,58,46335,"GLP",4784,201,4985
2023-10-22,"Nationalratswahl 2023","ZH058","Glattfelden",58,58,46335,"FDP",3645,86,3731
2023-10-22,"Nationalratswahl 2023","ZH058","Glattfelden",58,58,46335,"Mitte",2783,130,2913
2023-10-22,"Nationalratswahl 2023","ZH058","Glattfelden",58,58,46335,"EVP",1191,70,1261
2023-10-22,"Nationalratswahl 2023","ZH058","Glattfelden",58,58,46335,"FGA/AL/PDA",194,0,194
2023-10-22,"Nationalratswahl 2023","ZH058","Glattfelden",58,58,46335,"EDU",975,0,975
2023-10-22,"Nationalratswahl 2023","ZH058","Glattfelden",58,58,46335,"Übrige",1508,62,1570
2023-10-22,"Nationalratswahl 2023","ZH058","Glattfelden",58,58,46335,"SD",94,0,94
2023-10-22,"Nationalratswahl 2023","ZH059","Hochfelden",59,59,22217,"SVP",10276,67,10343
2023-10-22,"Nationalratswahl 2023","ZH059","Hochfelden",59,59,22217,"SP",2628,94,2722
2023-10-22,"Nationalratswahl 2023","ZH059","Hochfelden",59,59,22217,"GP",1153,35,1188
2023-10-22,"Nationalratswahl 2023","ZH059","Hochfelden",59,59,22217,"GLP",1937,104,2041
2023-10-22,"Nationalratswahl 2023","ZH059","Hochfelden",59,59,22217,"FDP",1336,21,1357
2023-10-22,"Nationalratswahl 2023","ZH059","Hochfelden",59,59,22217,"Mitte",1194,41,1235
2023-10-22,"Nationalratswahl 2023","ZH059","Hochfelden",59,59,22217,"EVP",1175,72,1247
2023-10-22,"Nationalratswahl 2023","ZH059","Hochfelden",59,59,22217,"FGA/AL/PDA",122,0,122
2023-10-22,"Nationalratswahl 2023","ZH059","Hochfelden",59,59,22217,"EDU",1200,0,1200
2023-10-22,"Nationalratswahl 2023","ZH059","Hochfelden",59,59,22217,"Übrige",751,2,753
2023-10-22,"Nationalratswahl 2023","ZH059","Hochfelden",59,59,22217,"SD",9,0,9
2023-10-22,"Nationalratswahl 2023","ZH060","Höri",60,60,20303,"SVP",11102,137,11239
2023-10-22,"Nationalratswahl 2023","ZH060","Höri",60,60,20303,"SP",2157,149,2306
2023-10-22,"Nationalratswahl 2023","ZH060","Höri",60,60,20303,"GP",510,12,522
2023-10-22,"Nationalratswahl 2023","ZH060","Höri",60,60,20303,"GLP",1290,140,1430
2023-10-22,"Nationalratswahl 2023","ZH060","Höri",60,60,20303,"FDP",1340,244,1584
2023-10-22,"Nationalratswahl 2023","ZH060","Höri",60,60,20303,"Mitte",956,39,995
2023-10-22,"Nationalratswahl 2023","ZH060","Höri",60,60,20303,"EVP",1135,11,1146
2023-10-22,"Nationalratswahl 2023","ZH060","Höri",60,60,20303,"FGA/AL/PDA",48,0,48
2023-10-22,"Nationalratswahl 2023","ZH060","Höri",60,60,20303,"EDU",538,0,538
2023-10-22,"Nationalratswahl 2023","ZH060","Höri",60,60,20303,"Übrige",480,8,488
2023-10-22,"Nationalratswahl 2023","ZH060","Höri",60,60,20303,"SD",7,0,7
2023-10-22,"Nationalratswahl 2023","ZH061","Hüntwangen",61,61,13996,"SVP",6204,135,6339
2023-10-22,"Nationalratswahl 2023","ZH061","Hüntwangen",61,61,13996,"SP",1891,3,1894
2023-10-22,"Nationalratswahl 2023","ZH061","Hüntwangen",61,61,13996,"GP",924,24,948
2023-10-22,"Nationalratswahl 2023","ZH061","Hüntwangen",61,61,13996,"GLP",1378,31,1409
2023-10-22,"Nationalratswahl 2023","ZH061","Hüntwangen",61,61,13996,"FDP",1132,25,1157
2023-10-22,"Nationalratswahl 2023","ZH061","Hüntwangen",61,61,13996,"Mitte",893,30,923
2023-10-22,"Nationalratswahl 2023","ZH061","Hüntwangen",61,61,13996,"EVP",382,0,382
2023-10-22,"Nationalratswahl 2023","ZH061","Hüntwangen",61,61,13996,"FGA/AL/PDA",14,0,14
2023-10-22,"Nationalratswahl 2023","ZH061","Hüntwangen",61,61,13996,"EDU",245,0,245
2023-10-22,"Nationalratswahl 2023","ZH061","Hüntwangen",61,61,13996,"Übrige",648,31,679
2023-10-22,"Nationalratswahl 2023","ZH061","Hüntwangen",61,61,13996,"SD",6,0,6
2023-10-22,"Nationalratswahl 2023","ZH062","Kloten",62,62,129786,"SVP",48449,1002,49451
2023-10-22,"Nationalratswahl 2023","ZH062","Kloten",62,62,129786,"SP",22018,507,22525
2023-10-22,"Nationalratswahl 2023","ZH062","Kloten",62,62,129786,"GP",8281,699,8980
2023-10-22,"Nationalratswahl 2023","ZH062","Kloten",62,62,129786,"GLP",12446,312,12758
2023-10-22,"Nationalratswahl 2023","ZH062","Kloten",62,62,129786,"FDP",11606,800,12406
2023-10-22,"Nationalratswahl 2023","ZH062","Kloten",62,62,129786,"Mitte",12697,370,13067
2023-10-22,"Nationalratswahl 2023","ZH062","Kloten",62,62,129786,"EVP",4052,167,4219
2023-10-22,"Nationalratswahl 2023","ZH062","Kloten",62,62,129786,"FGA/AL/PDA",282,0,282
2023-10-22,"Nationalratswahl 2023","ZH062","Kloten",62,62,129786,"EDU",1098,4,1102
2023-10-22,"Nationalratswahl 2023","ZH062","Kloten",62,62,129786,"Übrige",4317,519,4836
2023-10-22,"Nationalratswahl 2023","ZH062","Kloten",62,62,129786,"SD",160,0,160
2023-10-22,"Nationalratswahl 2023","ZH063","Lufingen",63,63,27767,"SVP",12522,203,12725
2023-10-22,"Nationalratswahl 2023","ZH063","Lufingen",63,63,27767,"SP",3183,53,3236
2023-10-22,"Nationalratswahl 2023","ZH063","Lufingen",63,63,27767,"GP",1059,6,1065
2023-10-22,"Nationalratswahl 2023","ZH063","Lufingen",63,63,27767,"GLP",3273,111,3384
2023-10-22,"Nationalratswahl 2023","ZH063","Lufingen",63,63,27767,"FDP",3214,78,3292
2023-10-22,"Nationalratswahl 2023","ZH063","Lufingen",63,63,27767,"Mitte",1645,5,1650
2023-10-22,"Nationalratswahl 2023","ZH063","Lufingen",63,63,27767,"EVP",793,1,794
2023-10-22,"Nationalratswahl 2023","ZH063","Lufingen",63,63,27767,"FGA/AL/PDA",50,0,50
2023-10-22,"Nationalratswahl 2023","ZH063","Lufingen",63,63,27767,"EDU",686,1,687
2023-10-22,"Nationalratswahl 2023","ZH063","Lufingen",63,63,27767,"Übrige",804,2,806
2023-10-22,"Nationalratswahl 2023","ZH063","Lufingen",63,63,27767,"SD",78,0,78
2023-10-22,"Nationalratswahl 2023","ZH064","Nürensdorf",64,64,65454,"SVP",29118,800,29918
2023-10-22,"Nationalratswahl 2023","ZH064","Nürensdorf",64,64,65454,"SP",6627,171,6798
2023-10-22,"Nationalratswahl 2023","ZH064","Nürensdorf",64,64,65454,"GP",2329,11,2340
2023-10-22,"Nationalratswahl 2023","ZH064","Nürensdorf",64,64,65454,"GLP",6192,59,6251
2023-10-22,"Nationalratswahl 2023","ZH064","Nürensdorf",64,64,65454,"FDP",8288,426,8714
2023-10-22,"Nationalratswahl 2023","ZH064","Nürensdorf",64,64,65454,"Mitte",5499,266,5765
2023-10-22,"Nationalratswahl 2023","ZH064","Nürensdorf",64,64,65454,"EVP",1829,79,1908
2023-10-22,"Nationalratswahl 2023","ZH064","Nürensdorf",64,64,65454,"FGA/AL/PDA",212,0,212
2023-10-22,"Nationalratswahl 2023","ZH064","Nürensdorf",64,64,65454,"EDU",1724,3,1727
2023-10-22,"Nationalratswahl 2023","ZH064","Nürensdorf",64,64,65454,"Übrige",1678,91,1769
2023-10-22,"Nationalratswahl 2023","ZH064","Nürensdorf",64,64,65454,"SD",52,0,52
2023-10-22,"Nationalratswahl 2023","ZH065","Oberembrach",65,65,14866,"SVP",7622,76,7698
2023-10-22,"Nationalratswahl 2023","ZH065","Oberembrach",65,65,14866,"SP",1800,11,1811
2023-10-22,"Nationalratswahl 2023","ZH065","Oberembrach",65,65,14866,"GP",720,27,747
2023-10-22,"Nationalratswahl 2023","ZH065","Oberembrach",65,65,14866,"GLP",992,11,1003
2023-10-22,"Nationalratswahl 2023","ZH065","Oberembrach",65,65,14866,"FDP",916,121,1037
2023-10-22,"Nationalratswahl 2023","ZH065","Oberembrach",65,65,14866,"Mitte",1005,2,1007
2023-10-22,"Nationalratswahl 2023","ZH065","Oberembrach",65,65,14866,"EVP",379,28,407
2023-10-22,"Nationalratswahl 2023","ZH065","Oberembrach",65,65,14866,"FGA/AL/PDA",79,0,79
2023-10-22,"Nationalratswahl 2023","ZH065","Oberembrach",65,65,14866,"EDU",698,0,698
2023-10-22,"Nationalratswahl 2023","ZH065","Oberembrach",65,65,14866,"Übrige",313,63,376
2023-10-22,"Nationalratswahl 2023","ZH065","Oberembrach",65,65,14866,"SD",3,0,3
2023-10-22,"Nationalratswahl 2023","ZH066","Opfikon",66,66,91484,"SVP",29323,411,29734
2023-10-22,"Nationalratswahl 2023","ZH066","Opfikon",66,66,91484,"SP",17710,325,18035
2023-10-22,"Nationalratswahl 2023","ZH066","Opfikon",66,66,91484,"GP",5642,310,5952
2023-10-22,"Nationalratswahl 2023","ZH066","Opfikon",66,66,91484,"GLP",10981,442,11423
2023-10-22,"Nationalratswahl 2023","ZH066","Opfikon",66,66,91484,"FDP",10621,412,11033
2023-10-22,"Nationalratswahl 2023","ZH066","Opfikon",66,66,91484,"Mitte",7628,254,7882
2023-10-22,"Nationalratswahl 2023","ZH066","Opfikon",66,66,91484,"EVP",3050,63,3113
2023-10-22,"Nationalratswahl 2023","ZH066","Opfikon",66,66,91484,"FGA/AL/PDA",417,0,417
2023-10-22,"Nationalratswahl 2023","ZH066","Opfikon",66,66,91484,"EDU",616,32,648
2023-10-22,"Nationalratswahl 2023","ZH066","Opfikon",66,66,91484,"Übrige",2896,219,3115
2023-10-22,"Nationalratswahl 2023","ZH066","Opfikon",66,66,91484,"SD",132,0,132
2023-10-22,"Nationalratswahl 2023","ZH067","Rafz",67,67,53089,"SVP",20746,284,21030
2023-10-22,"Nationalratswahl 2023","ZH067","Rafz",67,67,53089,"SP",9395,275,9670
2023-10-22,"Nationalratswahl 2023","ZH067","Rafz",67,67,53089,"GP",3415,34,3449
2023-10-22,"Nationalratswahl 2023","ZH067","Rafz",67,67,53089,"GLP",4318,202,4520
2023-10-22,"Nationalratswahl 2023","ZH067","Rafz",67,67,53089,"FDP",4468,179,4647
2023-10-22,"Nationalratswahl 2023","ZH067","Rafz",67,67,53089,"Mitte",4163,93,4256
2023-10-22,"Nationalratswahl 2023","ZH067","Rafz",67,67,53089,"EVP",2015,38,2053
2023-10-22,"Nationalratswahl 2023","ZH067","Rafz",67,67,53089,"FGA/AL/PDA",145,0,145
2023-10-22,"Nationalratswahl 2023","ZH067","Rafz",67,67,53089,"EDU",1719,23,1742
2023-10-22,"Nationalratswahl 2023","ZH067","Rafz",67,67,53089,"Übrige",1501,51,1552
2023-10-22,"Nationalratswahl 2023","ZH067","Rafz",67,67,53089,"SD",25,0,25
2023-10-22,"Nationalratswahl 2023","ZH068","Rorbas",68,68,22926,"SVP",8773,161,8934
2023-10-22,"Nationalratswahl 2023","ZH068","Rorbas",68,68,22926,"SP",4414,24,4438
2023-10-22,"Nationalratswahl 2023","ZH068","Rorbas",68,68,22926,"GP",1622,106,1728
2023-10-22,"Nationalratswahl 2023","ZH068","Rorbas",68,68,22926,"GLP",1595,9,1604
2023-10-22,"Nationalratswahl 2023","ZH068","Rorbas",68,68,22926,"FDP",1796,44,1840
2023-10-22,"Nationalratswahl 2023","ZH068","Rorbas",68,68,22926,"Mitte",1460,116,1576
2023-10-22,"Nationalratswahl 2023","ZH068","Rorbas",68,68,22926,"EVP",1190,54,1244
2023-10-22,"Nationalratswahl 2023","ZH068","Rorbas",68,68,22926,"FGA/AL/PDA",157,0,157
2023-10-22,"Nationalratswahl 2023","ZH068","Rorbas",68,68,22926,"EDU",600,1,601
2023-10-22,"Nationalratswahl 2023","ZH068","Rorbas",68,68,22926,"Übrige",633,0,633
2023-10-22,"Nationalratswahl 2023","ZH068","Rorbas",68,68,22926,"SD",68,103,171
2023-10-22,"Nationalratswahl 2023","ZH069","Wallisellen",69,69,139565,"SVP",41033,792,41825
2023-10-22,"Nationalratswahl 2023","ZH069","Wallisellen",69,69,139565,"SP",25902,620,26522
2023-10-22,"Nationalratswahl 2023","ZH069","Wallisellen",69,69,139565,"GP",9437,109,9546
2023-10-22,"Nationalratswahl 2023","ZH069","Wallisellen",69,69,139565,"GLP",16486,515,17001
2023-10-22,"Nationalratswahl 2023","ZH069","Wallisellen",69,69,139565,"FDP",19638,708,20346
2023-10-22,"Nationalratswahl 2023","ZH069","Wallisellen",69,69,139565,"Mitte",12352,272,12624
2023-10-22,"Nationalratswahl 2023","ZH069","Wallisellen",69,69,139565,"EVP",3210,59,3269
2023-10-22,"Nationalratswahl 2023","ZH069","Wallisellen",69,69,139565,"FGA/AL/PDA",832,1,833
2023-10-22,"Nationalratswahl 2023","ZH069","Wallisellen",69,69,139565,"EDU",2234,80,2314
2023-10-22,"Nationalratswahl 2023","ZH069","Wallisellen",69,69,139565,"Übrige",4907,215,5122
2023-10-22,"Nationalratswahl 2023","ZH069","Wallisellen",69,69,139565,"SD",141,22,163
2023-10-22,"Nationalratswahl 2023","ZH070","Wasterkingen",70,70,7324,"SVP",3291,6,3297
2023-10-22,"Nationalratswahl 2023","ZH070","Wasterkingen",70,70,7324,"SP",1024,28,1052
2023-10-22,"Nationalratswahl 2023","ZH070","Wasterkingen",70,70,7324,"GP",457,6,463
2023-10-22,"Nationalratswahl 2023","ZH070","Wasterkingen",70,70,7324,"GLP",1064,2,1066
2023-10-22,"Nationalratswahl 2023","ZH070","Wasterkingen",70,70,7324,"FDP",285,2,287
2023-10-22,"Nationalratswahl 2023","ZH070","Wasterkingen",70,70,7324,"Mitte",624,5,629
2023-10-22,"Nationalratswahl 2023","ZH070","Wasterkingen",70,70,7324,"EVP",226,1,227
2023-10-22,"Nationalratswahl 2023","ZH070","Wasterkingen",70,70,7324,"FGA/AL/PDA",3,0,3
2023-10-22,"Nationalratswahl 2023","ZH070","Wasterkingen",70,70,7324,"EDU",37,0,37
2023-10-22,"Nationalratswahl 2023","ZH070","Wasterkingen",70,70,7324,"Übrige",259,0,259
2023-10-22,"Nationalratswahl 2023","ZH070","Wasterkingen",70,70,7324,"SD",4,0,4
2023-10-22,"Nationalratswahl 2023","ZH071","Wil",71,71,19286,"SVP",9021,91,9112
2023-10-22,"Nationalratswahl 2023","ZH071","Wil",71,71,19286,"SP",2359,26,2385
2023-10-22,"Nationalratswahl 2023","ZH071","Wil",71,71,19286,"GP",1207,5,1212
2023-10-22,"Nationalratswahl 2023","ZH071","Wil",71,71,19286,"GLP",1936,5,1941
2023-10-22,"Nationalratswahl 2023","ZH071","Wil",71,71,19286,"FDP",1945,3,1948
2023-10-22,"Nationalratswahl 2023","ZH071","Wil",71,71,19286,"Mitte",470,52,522
2023-10-22,"Nationalratswahl 2023","ZH071","Wil",71,71,19286,"EVP",894,0,894
2023-10-22,"Nationalratswahl 2023","ZH071","Wil",71,71,19286,"FGA/AL/PDA",14,34,48
2023-10-22,"Nationalratswahl 2023","ZH071","Wil",71,71,19286,"EDU",336,0,336
2023-10-22,"Nationalratswahl 2023","ZH071","Wil",71,71,19286,"Übrige",690,86,776
2023-10-22,"Nationalratswahl 2023","ZH071","Wil",71,71,19286,"SD",112,0,112
2023-10-22,"Nationalratswahl 2023","ZH072","Winkel",72,72,59627,"SVP",24138,375,24513
2023-10-22,"Nationalratswahl 2023","ZH072","Winkel",72,72,59627,"SP",5500,87,5587
2023-10-22,"Nationalratswahl 2023","ZH072","Winkel",72,72,59627,"GP",1836,102,1938
2023-10-22,"Nationalratswahl 2023","ZH072","Winkel",72,72,59627,"GLP",5904,160,6064
2023-10-22,"Nationalratswahl 2023","ZH072","Winkel",72,72,59627,"FDP",11536,398,11934
2023-10-22,"Nationalratswahl 2023","ZH072","Winkel",72,72,59627,"Mitte",4189,133,4322
2023-10-22,"Nationalratswahl 2023","ZH072","Winkel",72,72,59627,"EVP",2171,69,2240
2023-10-22,"Nationalratswahl 2023","ZH072","Winkel",72,72,59627,"FGA/AL/PDA",233,8,241
2023-10-22,"Nationalratswahl 2023","ZH072","Winkel",72,72,59627,"EDU",1027,30,1057
2023-10-22,"Nationalratswahl 2023","ZH072","Winkel",72,72,59627,"Übrige",1563,122,1685
2023-10-22,"Nationalratswahl 2023","ZH072","Winkel",72,72,59627,"SD",46,0,46
2023-10-22,"Nationalratswahl 2023","ZH081","Bachs",81,81,9584,"SVP",5046,77,5123
2023-10-22,"Nationalratswahl 2023","ZH081","Bachs",81,81,9584,"SP",1197,11,1208
2023-10-22,"Nationalratswahl 2023","ZH081","Bachs",81,81,9584,"GP",701,0,701
2023-10-22,"Nationalratswahl 2023","ZH081","Bachs",81,81,9584,"GLP",922,24,946
2023-10-22,"Nationalratswahl 2023","ZH081","Bachs",81,81,9584,"FDP",382,0,382
2023-10-22,"Nationalratswahl 2023","ZH081","Bachs",81,81,9584,"Mitte",384,16,400
2023-10-22,"Nationalratswahl 2023","ZH081","Bachs",81,81,9584,"EVP",365,6,371
2023-10-22,"Nationalratswahl 2023","ZH081","Bachs",81,81,9584,"FGA/AL/PDA",44,0,44
2023-10-22,"Nationalratswahl 2023","ZH081","Bachs",81,81,9584,"EDU",281,2,283
2023-10-22,"Nationalratswahl 2023","ZH081","Bachs",81,81,9584,"Übrige",51,0,51
2023-10-22,"Nationalratswahl 2023","ZH081","Bachs",81,81,9584,"SD",75,0,75
2023-10-22,"Nationalratswahl 2023","ZH082","Boppelsen",82,82,20332,"SVP",7990,81,8071
2023-10-22,"Nationalratswahl 2023","ZH082","Boppelsen",82,82,20332,"SP",2050,25,2075
2023-10-22,"Nationalratswahl 2023","ZH082","Boppelsen",82,82,20332,"GP",1257,1,1258
2023-10-22,"Nationalratswahl 2023","ZH082","Boppelsen",82,82,20332,"GLP",2202,6,2208
2023-10-22,"Nationalratswahl 2023","ZH082","Boppelsen",82,82,20332,"FDP",2827,38,2865
2023-10-22,"Nationalratswahl 2023","ZH082","Boppelsen",82,82,20332,"Mitte",1635,46,1681
2023-10-22,"Nationalratswahl 2023","ZH082","Boppelsen",82,82,20332,"EVP",853,1,854
2023-10-22,"Nationalratswahl 2023","ZH082","Boppelsen",82,82,20332,"FGA/AL/PDA",47,0,47
2023-10-22,"Nationalratswahl 2023","ZH082","Boppelsen",82,82,20332,"EDU",483,0,483
2023-10-22,"Nationalratswahl 2023","ZH082","Boppelsen",82,82,20332,"Übrige",772,2,774
2023-10-22,"Nationalratswahl 2023","ZH082","Boppelsen",82,82,20332,"SD",16,0,16
2023-10-22,"Nationalratswahl 2023","ZH083","Buchs",83,83,53571,"SVP",23456,791,24247
2023-10-22,"Nationalratswahl 2023","ZH083","Buchs",83,83,53571,"SP",6961,157,7118
2023-10-22,"Nationalratswahl 2023","ZH083","Buchs",83,83,53571,"GP",2023,17,2040
2023-10-22,"Nationalratswahl 2023","ZH083","Buchs",83,83,53571,"GLP",5792,231,6023
2023-10-22,"Nationalratswahl 2023","ZH083","Buchs",83,83,53571,"FDP",5438,145,5583
2023-10-22,"Nationalratswahl 2023","ZH083","Buchs",83,83,53571,"Mitte",3991,79,4070
2023-10-22,"Nationalratswahl 2023","ZH083","Buchs",83,83,53571,"EVP",1192,45,1237
2023-10-22,"Nationalratswahl 2023","ZH083","Buchs",83,83,53571,"FGA/AL/PDA",75,0,75
2023-10-22,"Nationalratswahl 2023","ZH083","Buchs",83,83,53571,"EDU",1370,1,1371
2023-10-22,"Nationalratswahl 2023","ZH083","Buchs",83,83,53571,"Übrige",1620,144,1764
2023-10-22,"Nationalratswahl 2023","ZH083","Buchs",83,83,53571,"SD",17,26,43
2023-10-22,"Nationalratswahl 2023","ZH084","Dällikon",84,84,31985,"SVP",14769,930,15699
2023-10-22,"Nationalratswahl 2023","ZH084","Dällikon",84,84,31985,"SP",3168,201,3369
2023-10-22,"Nationalratswahl 2023","ZH084","Dällikon",84,84,31985,"GP",1922,77,1999
2023-10-22,"Nationalratswahl 2023","ZH084","Dällikon",84,84,31985,"GLP",1899,97,1996
2023-10-22,"Nationalratswahl 2023","ZH084","Dällikon",84,84,31985,"FDP",3242,370,3612
2023-10-22,"Nationalratswahl 2023","ZH084","Dällikon",84,84,31985,"Mitte",2716,30,2746
2023-10-22,"Nationalratswahl 2023","ZH084","Dällikon",84,84,31985,"EVP",650,14,664
2023-10-22,"Nationalratswahl 2023","ZH084","Dällikon",84,84,31985,"FGA/AL/PDA",188,0,188
2023-10-22,"Nationalratswahl 2023","ZH084","Dällikon",84,84,31985,"EDU",452,1,453
2023-10-22,"Nationalratswahl 2023","ZH084","Dällikon",84,84,31985,"Übrige",1170,14,1184
2023-10-22,"Nationalratswahl 2023","ZH084","Dällikon",84,84,31985,"SD",75,0,75
2023-10-22,"Nationalratswahl 2023","ZH085","Dänikon",85,85,18454,"SVP",8001,326,8327
2023-10-22,"Nationalratswahl 2023","ZH085","Dänikon",85,85,18454,"SP",2262,72,2334
2023-10-22,"Nationalratswahl 2023","ZH085","Dänikon",85,85,18454,"GP",919,15,934
2023-10-22,"Nationalratswahl 2023","ZH085","Dänikon",85,85,18454,"GLP",2452,3,2455
2023-10-22,"Nationalratswahl 2023","ZH085","Dänikon",85,85,18454,"FDP",1344,7,1351
2023-10-22,"Nationalratswahl 2023","ZH085","Dänikon",85,85,18454,"Mitte",1907,65,1972
2023-10-22,"Nationalratswahl 2023","ZH085","Dänikon",85,85,18454,"EVP",389,0,389
2023-10-22,"Nationalratswahl 2023","ZH085","Dänikon",85,85,18454,"FGA/AL/PDA",110,0,110
2023-10-22,"Nationalratswahl 2023","ZH085","Dänikon",85,85,18454,"EDU",42,0,42
2023-10-22,"Nationalratswahl 2023","ZH085","Dänikon",85,85,18454,"Übrige",539,0,539
2023-10-22,"Nationalratswahl 2023","ZH085","Dänikon",85,85,18454,"SD",1,0,1
2023-10-22,"Nationalratswahl 2023","ZH086","Dielsdorf",86,86,48460,"SVP",19497,317,19814
2023-10-22,"Nationalratswahl 2023","ZH086","Dielsdorf",86,86,48460,"SP",7431,158,7589
2023-10-22,"Nationalratswahl 2023","ZH086","Dielsdorf",86,86,48460,"GP",2564,254,2818
2023-10-22,"Nationalratswahl 2023","ZH086","Dielsdorf",86,86,48460,"GLP",4462,114,4576
2023-10-22,"Nationalratswahl 2023","ZH086","Dielsdorf",86,86,48460,"FDP",4873,295,5168
2023-10-22,"Nationalratswahl 2023","ZH086","Dielsdorf",86,86,48460,"Mitte",3267,162,3429
2023-10-22,"Nationalratswahl 2023","ZH086","Dielsdorf",86,86,48460,"EVP",1744,35,1779
2023-10-22,"Nationalratswahl 2023","ZH086","Dielsdorf",86,86,48460,"FGA/AL/PDA",256,0,256
2023-10-22,"Nationalratswahl 2023","ZH086","Dielsdorf",86,86,48460,"EDU",840,31,871
2023-10-22,"Nationalratswahl 2023","ZH086","Dielsdorf",86,86,48460,"Übrige",1881,153,2034
2023-10-22,"Nationalratswahl 2023","ZH086","Dielsdorf",86,86,48460,"SD",126,0,126
2023-10-22,"Nationalratswahl 2023","ZH087","Hüttikon",87,87,11144,"SVP",5426,56,5482
2023-10-22,"Nationalratswahl 2023","ZH087","Hüttikon",87,87,11144,"SP",921,25,946
2023-10-22,"Nationalratswahl 2023","ZH087","Hüttikon",87,87,11144,"GP",507,1,508
2023-10-22,"Nationalratswahl 2023","ZH087","Hüttikon",87,87,11144,"GLP",1354,13,1367
2023-10-22,"Nationalratswahl 2023","ZH087","Hüttikon",87,87,11144,"FDP",693,64,757
2023-10-22,"Nationalratswahl 2023","ZH087","Hüttikon",87,87,11144,"Mitte",1309,24,1333
2023-10-22,"Nationalratswahl 2023","ZH087","Hüttikon",87,87,11144,"EVP",290,0,290
2023-10-22,"Nationalratswahl 2023","ZH087","Hüttikon",87,87,11144,"FGA/AL/PDA",2,0,2
2023-10-22,"Nationalratswahl 2023","ZH087","Hüttikon",87,87,11144,"EDU",160,0,160
2023-10-22,"Nationalratswahl 2023","ZH087","Hüttikon",87,87,11144,"Übrige",292,2,294
2023-10-22,"Nationalratswahl 2023","ZH087","Hüttikon",87,87,11144,"SD",5,0,5
2023-10-22,"Nationalratswahl 2023","ZH088","Neerach",88,88,44159,"SVP",21636,433,22069
2023-10-22,"Nationalratswahl 2023","ZH088","Neerach",88,88,44159,"SP",3859,94,3953
2023-10-22,"Nationalratswahl 2023","ZH088","Neerach",88,88,44159,"GP",2084,96,2180
2023-10-22,"Nationalratswahl 2023","ZH088","Neerach",88,88,44159,"GLP",3775,159,3934
2023-10-22,"Nationalratswahl 2023","ZH088","Neerach",88,88,44159,"FDP",5636,150,5786
2023-10-22,"Nationalratswahl 2023","ZH088","Neerach",88,88,44159,"Mitte",2813,81,2894
2023-10-22,"Nationalratswahl 2023","ZH088","Neerach",88,88,44159,"EVP",1069,60,1129
2023-10-22,"Nationalratswahl 2023","ZH088","Neerach",88,88,44159,"FGA/AL/PDA",56,0,56
2023-10-22,"Nationalratswahl 2023","ZH088","Neerach",88,88,44159,"EDU",846,9,855
2023-10-22,"Nationalratswahl 2023","ZH088","Neerach",88,88,44159,"Übrige",1261,28,1289
2023-10-22,"Nationalratswahl 2023","ZH088","Neerach",88,88,44159,"SD",14,0,14
2023-10-22,"Nationalratswahl 2023","ZH089","Niederglatt",89,89,42157,"SVP",19977,341,20318
2023-10-22,"Nationalratswahl 2023","ZH089","Niederglatt",89,89,42157,"SP",5290,78,5368
2023-10-22,"Nationalratswahl 2023","ZH089","Niederglatt",89,89,42157,"GP",1545,19,1564
2023-10-22,"Nationalratswahl 2023","ZH089","Niederglatt",89,89,42157,"GLP",3749,36,3785
2023-10-22,"Nationalratswahl 2023","ZH089","Niederglatt",89,89,42157,"FDP",4195,146,4341
2023-10-22,"Nationalratswahl 2023","ZH089","Niederglatt",89,89,42157,"Mitte",3544,129,3673
2023-10-22,"Nationalratswahl 2023","ZH089","Niederglatt",89,89,42157,"EVP",1100,68,1168
2023-10-22,"Nationalratswahl 2023","ZH089","Niederglatt",89,89,42157,"FGA/AL/PDA",184,5,189
2023-10-22,"Nationalratswahl 2023","ZH089","Niederglatt",89,89,42157,"EDU",871,17,888
2023-10-22,"Nationalratswahl 2023","ZH089","Niederglatt",89,89,42157,"Übrige",855,2,857
2023-10-22,"Nationalratswahl 2023","ZH089","Niederglatt",89,89,42157,"SD",6,0,6
2023-10-22,"Nationalratswahl 2023","ZH090","Niederhasli",90,90,72891,"SVP",32065,747,32812
2023-10-22,"Nationalratswahl 2023","ZH090","Niederhasli",90,90,72891,"SP",9505,452,9957
2023-10-22,"Nationalratswahl 2023","ZH090","Niederhasli",90,90,72891,"GP",3502,19,3521
2023-10-22,"Nationalratswahl 2023","ZH090","Niederhasli",90,90,72891,"GLP",6683,130,6813
2023-10-22,"Nationalratswahl 2023","ZH090","Niederhasli",90,90,72891,"FDP",7460,387,7847
2023-10-22,"Nationalratswahl 2023","ZH090","Niederhasli",90,90,72891,"Mitte",5981,363,6344
2023-10-22,"Nationalratswahl 2023","ZH090","Niederhasli",90,90,72891,"EVP",1719,47,1766
2023-10-22,"Nationalratswahl 2023","ZH090","Niederhasli",90,90,72891,"FGA/AL/PDA",138,0,138
2023-10-22,"Nationalratswahl 2023","ZH090","Niederhasli",90,90,72891,"EDU",1494,0,1494
2023-10-22,"Nationalratswahl 2023","ZH090","Niederhasli",90,90,72891,"Übrige",1866,86,1952
2023-10-22,"Nationalratswahl 2023","ZH090","Niederhasli",90,90,72891,"SD",247,0,247
2023-10-22,"Nationalratswahl 2023","ZH091","Niederweningen",91,91,36767,"SVP",12312,132,12444
2023-10-22,"Nationalratswahl 2023","ZH091","Niederweningen",91,91,36767,"SP",4681,70,4751
2023-10-22,"Nationalratswahl 2023","ZH091","Niederweningen",91,91,36767,"GP",3890,33,3923
2023-10-22,"Nationalratswahl 2023","ZH091","Niederweningen",91,91,36767,"GLP",4972,99,5071
2023-10-22,"Nationalratswahl 2023","ZH091","Niederweningen",91,91,36767,"FDP",3851,281,4132
2023-10-22,"Nationalratswahl 2023","ZH091","Niederweningen",91,91,36767,"Mitte",3268,102,3370
2023-10-22,"Nationalratswahl 2023","ZH091","Niederweningen",91,91,36767,"EVP",984,0,984
2023-10-22,"Nationalratswahl 2023","ZH091","Niederweningen",91,91,36767,"FGA/AL/PDA",137,0,137
2023-10-22,"Nationalratswahl 2023","ZH091","Niederweningen",91,91,36767,"EDU",615,0,615
2023-10-22,"Nationalratswahl 2023","ZH091","Niederweningen",91,91,36767,"Übrige",1250,68,1318
2023-10-22,"Nationalratswahl 2023","ZH091","Niederweningen",91,91,36767,"SD",22,0,22
2023-10-22,"Nationalratswahl 2023","ZH092","Oberglatt",92,92,38968,"SVP",16366,304,16670
2023-10-22,"Nationalratswahl 2023","ZH092","Oberglatt",92,92,38968,"SP",5291,108,5399
2023-10-22,"Nationalratswahl 2023","ZH092","Oberglatt",92,92,38968,"GP",2247,381,2628
2023-10-22,"Nationalratswahl 2023","ZH092","Oberglatt",92,92,38968,"GLP",2709,150,2859
2023-10-22,"Nationalratswahl 2023","ZH092","Oberglatt",92,92,38968,"FDP",3149,121,3270
2023-10-22,"Nationalratswahl 2023","ZH092","Oberglatt",92,92,38968,"Mitte",2750,73,2823
2023-10-22,"Nationalratswahl 2023","ZH092","Oberglatt",92,92,38968,"EVP",1493,12,1505
2023-10-22,"Nationalratswahl 2023","ZH092","Oberglatt",92,92,38968,"FGA/AL/PDA",169,0,169
2023-10-22,"Nationalratswahl 2023","ZH092","Oberglatt",92,92,38968,"EDU",2022,1,2023
2023-10-22,"Nationalratswahl 2023","ZH092","Oberglatt",92,92,38968,"Übrige",1507,0,1507
2023-10-22,"Nationalratswahl 2023","ZH092","Oberglatt",92,92,38968,"SD",114,1,115
2023-10-22,"Nationalratswahl 2023","ZH093","Oberweningen",93,93,20535,"SVP",8473,236,8709
2023-10-22,"Nationalratswahl 2023","ZH093","Oberweningen",93,93,20535,"SP",2644,9,2653
2023-10-22,"Nationalratswahl 2023","ZH093","Oberweningen",93,93,20535,"GP",1441,32,1473
2023-10-22,"Nationalratswahl 2023","ZH093","Oberweningen",93,93,20535,"GLP",2248,202,2450
2023-10-22,"Nationalratswahl 2023","ZH093","Oberweningen",93,93,20535,"FDP",1866,48,1914
2023-10-22,"Nationalratswahl 2023","ZH093","Oberweningen",93,93,20535,"Mitte",1683,41,1724
2023-10-22,"Nationalratswahl 2023","ZH093","Oberweningen",93,93,20535,"EVP",206,32,238
2023-10-22,"Nationalratswahl 2023","ZH093","Oberweningen",93,93,20535,"FGA/AL/PDA",165,0,165
2023-10-22,"Nationalratswahl 2023","ZH093","Oberweningen",93,93,20535,"EDU",601,0,601
2023-10-22,"Nationalratswahl 2023","ZH093","Oberweningen",93,93,20535,"Übrige",549,59,608
2023-10-22,"Nationalratswahl 2023","ZH093","Oberweningen",93,93,20535,"SD",0,0,0
2023-10-22,"Nationalratswahl 2023","ZH094","Otelfingen",94,94,32302,"SVP",11756,171,11927
2023-10-22,"Nationalratswahl 2023","ZH094","Otelfingen",94,94,32302,"SP",4284,78,4362
2023-10-22,"Nationalratswahl 2023","ZH094","Otelfingen",94,94,32302,"GP",1677,6,1683
2023-10-22,"Nationalratswahl 2023","ZH094","Otelfingen",94,94,32302,"GLP",5811,332,6143
2023-10-22,"Nationalratswahl 2023","ZH094","Otelfingen",94,94,32302,"FDP",3119,133,3252
2023-10-22,"Nationalratswahl 2023","ZH094","Otelfingen",94,94,32302,"Mitte",2523,94,2617
2023-10-22,"Nationalratswahl 2023","ZH094","Otelfingen",94,94,32302,"EVP",1179,0,1179
2023-10-22,"Nationalratswahl 2023","ZH094","Otelfingen",94,94,32302,"FGA/AL/PDA",121,0,121
2023-10-22,"Nationalratswahl 2023","ZH094","Otelfingen",94,94,32302,"EDU",320,22,342
2023-10-22,"Nationalratswahl 2023","ZH094","Otelfingen",94,94,32302,"Übrige",577,54,631
2023-10-22,"Nationalratswahl 2023","ZH094","Otelfingen",94,94,32302,"SD",45,0,45
2023-10-22,"Nationalratswahl 2023","ZH095","Regensberg",95,95,6372,"SVP",2108,5,2113
2023-10-22,"Nationalratswahl 2023","ZH095","Regensberg",95,95,6372,"SP",897,40,937
2023-10-22,"Nationalratswahl 2023","ZH095","Regensberg",95,95,6372,"GP",636,3,639
2023-10-22,"Nationalratswahl 2023","ZH095","Regensberg",95,95,6372,"GLP",784,58,842
2023-10-22,"Nationalratswahl 2023","ZH095","Regensberg",95,95,6372,"FDP",867,1,868
2023-10-22,"Nationalratswahl 2023","ZH095","Regensberg",95,95,6372,"Mitte",216,70,286
2023-10-22,"Nationalratswahl 2023","ZH095","Regensberg",95,95,6372,"EVP",204,0,204
2023-10-22,"Nationalratswahl 2023","ZH095","Regensberg",95,95,6372,"FGA/AL/PDA",13,0,13
2023-10-22,"Nationalratswahl 2023","ZH095","Regensberg",95,95,6372,"EDU",319,1,320
2023-10-22,"Nationalratswahl 2023","ZH095","Regensberg",95,95,6372,"Übrige",122,28,150
2023-10-22,"Nationalratswahl 2023","ZH095","Regensberg",95,95,6372,"SD",0,0,0
2023-10-22,"Nationalratswahl 2023","ZH096","Regensdorf",96,96,125460,"SVP",54379,1103,55482
2023-10-22,"Nationalratswahl 2023","ZH096","Regensdorf",96,96,125460,"SP",18848,713,19561
2023-10-22,"Nationalratswahl 2023","ZH096","Regensdorf",96,96,125460,"GP",6601,265,6866
2023-10-22,"Nationalratswahl 2023","ZH096","Regensdorf",96,96,125460,"GLP",11261,278,11539
2023-10-22,"Nationalratswahl 2023","ZH096","Regensdorf",96,96,125460,"FDP",11931,783,12714
2023-10-22,"Nationalratswahl 2023","ZH096","Regensdorf",96,96,125460,"Mitte",10702,541,11243
2023-10-22,"Nationalratswahl 2023","ZH096","Regensdorf",96,96,125460,"EVP",2078,75,2153
2023-10-22,"Nationalratswahl 2023","ZH096","Regensdorf",96,96,125460,"FGA/AL/PDA",538,0,538
2023-10-22,"Nationalratswahl 2023","ZH096","Regensdorf",96,96,125460,"EDU",1295,28,1323
2023-10-22,"Nationalratswahl 2023","ZH096","Regensdorf",96,96,125460,"Übrige",3357,506,3863
2023-10-22,"Nationalratswahl 2023","ZH096","Regensdorf",96,96,125460,"SD",178,0,178
2023-10-22,"Nationalratswahl 2023","ZH097","Rümlang",97,97,57003,"SVP",24765,295,25060
2023-10-22,"Nationalratswahl 2023","ZH097","Rümlang",97,97,57003,"SP",9523,245,9768
2023-10-22,"Nationalratswahl 2023","ZH097","Rümlang",97,97,57003,"GP",2904,336,3240
2023-10-22,"Nationalratswahl 2023","ZH097","Rümlang",97,97,57003,"GLP",5040,117,5157
2023-10-22,"Nationalratswahl 2023","ZH097","Rümlang",97,97,57003,"FDP",3671,356,4027
2023-10-22,"Nationalratswahl 2023","ZH097","Rümlang",97,97,57003,"Mitte",3620,244,3864
2023-10-22,"Nationalratswahl 2023","ZH097","Rümlang",97,97,57003,"EVP",1811,123,1934
2023-10-22,"Nationalratswahl 2023","ZH097","Rümlang",97,97,57003,"FGA/AL/PDA",310,0,310
2023-10-22,"Nationalratswahl 2023","ZH097","Rümlang",97,97,57003,"EDU",1716,30,1746
2023-10-22,"Nationalratswahl 2023","ZH097","Rümlang",97,97,57003,"Übrige",1678,173,1851
2023-10-22,"Nationalratswahl 2023","ZH097","Rümlang",97,97,57003,"SD",46,0,46
2023-10-22,"Nationalratswahl 2023","ZH098","Schleinikon",98,98,10072,"SVP",4834,16,4850
2023-10-22,"Nationalratswahl 2023","ZH098","Schleinikon",98,98,10072,"SP",1175,57,1232
2023-10-22,"Nationalratswahl 2023","ZH098","Schleinikon",98,98,10072,"GP",1043,1,1044
2023-10-22,"Nationalratswahl 2023","ZH098","Schleinikon",98,98,10072,"GLP",1069,61,1130
2023-10-22,"Nationalratswahl 2023","ZH098","Schleinikon",98,98,10072,"FDP",462,1,463
2023-10-22,"Nationalratswahl 2023","ZH098","Schleinikon",98,98,10072,"Mitte",494,11,505
2023-10-22,"Nationalratswahl 2023","ZH098","Schleinikon",98,98,10072,"EVP",344,26,370
2023-10-22,"Nationalratswahl 2023","ZH098","Schleinikon",98,98,10072,"FGA/AL/PDA",12,0,12
2023-10-22,"Nationalratswahl 2023","ZH098","Schleinikon",98,98,10072,"EDU",155,25,180
2023-10-22,"Nationalratswahl 2023","ZH098","Schleinikon",98,98,10072,"Übrige",253,28,281
2023-10-22,"Nationalratswahl 2023","ZH098","Schleinikon",98,98,10072,"SD",5,0,5
2023-10-22,"Nationalratswahl 2023","ZH099","Schöfflisdorf",99,99,17257,"SVP",7057,185,7242
2023-10-22,"Nationalratswahl 2023","ZH099","Schöfflisdorf",99,99,17257,"SP",1736,65,1801
2023-10-22,"Nationalratswahl 2023","ZH099","Schöfflisdorf",99,99,17257,"GP",1263,12,1275
2023-10-22,"Nationalratswahl 2023","ZH099","Schöfflisdorf",99,99,17257,"GLP",1851,121,1972
2023-10-22,"Nationalratswahl 2023","ZH099","Schöfflisdorf",99,99,17257,"FDP",1589,10,1599
2023-10-22,"Nationalratswahl 2023","ZH099","Schöfflisdorf",99,99,17257,"Mitte",1545,21,1566
2023-10-22,"Nationalratswahl 2023","ZH099","Schöfflisdorf",99,99,17257,"EVP",469,3,472
2023-10-22,"Nationalratswahl 2023","ZH099","Schöfflisdorf",99,99,17257,"FGA/AL/PDA",57,0,57
2023-10-22,"Nationalratswahl 2023","ZH099","Schöfflisdorf",99,99,17257,"EDU",691,0,691
2023-10-22,"Nationalratswahl 2023","ZH099","Schöfflisdorf",99,99,17257,"Übrige",582,0,582
2023-10-22,"Nationalratswahl 2023","ZH099","Schöfflisdorf",99,99,17257,"SD",0,0,0
2023-10-22,"Nationalratswahl 2023","ZH100","Stadel",100,100,25471,"SVP",13639,215,13854
2023-10-22,"Nationalratswahl 2023","ZH100","Stadel",100,100,25471,"SP",2274,70,2344
2023-10-22,"Nationalratswahl 2023","ZH100","Stadel",100,100,25471,"GP",1895,4,1899
2023-10-22,"Nationalratswahl 2023","ZH100","Stadel",100,100,25471,"GLP",1598,23,1621
2023-10-22,"Nationalratswahl 2023","ZH100","Stadel",100,100,25471,"FDP",2058,4,2062
2023-10-22,"Nationalratswahl 2023","ZH100","Stadel",100,100,25471,"Mitte",1787,36,1823
2023-10-22,"Nationalratswahl 2023","ZH100","Stadel",100,100,25471,"EVP",605,18,623
2023-10-22,"Nationalratswahl 2023","ZH100","Stadel",100,100,25471,"FGA/AL/PDA",17,0,17
2023-10-22,"Nationalratswahl 2023","ZH100","Stadel",100,100,25471,"EDU",660,0,660
2023-10-22,"Nationalratswahl 2023","ZH100","Stadel",100,100,25471,"Übrige",540,24,564
2023-10-22,"Nationalratswahl 2023","ZH100","Stadel",100,100,25471,"SD",4,0,4
2023-10-22,"Nationalratswahl 2023","ZH101","Steinmaur",101,101,36742,"SVP",14422,321,14743
2023-10-22,"Nationalratswahl 2023","ZH101","Steinmaur",101,101,36742,"SP",4055,47,4102
2023-10-22,"Nationalratswahl 2023","ZH101","Steinmaur",101,101,36742,"GP",2415,96,2511
2023-10-22,"Nationalratswahl 2023","ZH101","Steinmaur",101,101,36742,"GLP",3815,57,3872
2023-10-22,"Nationalratswahl 2023","ZH101","Steinmaur",101,101,36742,"FDP",3826,89,3915
2023-10-22,"Nationalratswahl 2023","ZH101","Steinmaur",101,101,36742,"Mitte",3385,148,3533
2023-10-22,"Nationalratswahl 2023","ZH101","Steinmaur",101,101,36742,"EVP",1806,1,1807
2023-10-22,"Nationalratswahl 2023","ZH101","Steinmaur",101,101,36742,"FGA/AL/PDA",68,0,68
2023-10-22,"Nationalratswahl 2023","ZH101","Steinmaur",101,101,36742,"EDU",1375,2,1377
2023-10-22,"Nationalratswahl 2023","ZH101","Steinmaur",101,101,36742,"Übrige",807,5,812
2023-10-22,"Nationalratswahl 2023","ZH101","Steinmaur",101,101,36742,"SD",2,0,2
2023-10-22,"Nationalratswahl 2023","ZH102","Weiach",102,102,15440,"SVP",8413,170,8583
2023-10-22,"Nationalratswahl 2023","ZH102","Weiach",102,102,15440,"SP",1463,96,1559
2023-10-22,"Nationalratswahl 2023","ZH102","Weiach",102,102,15440,"GP",548,102,650
2023-10-22,"Nationalratswahl 2023","ZH102","Weiach",102,102,15440,"GLP",1323,103,1426
2023-10-22,"Nationalratswahl 2023","ZH102","Weiach",102,102,15440,"FDP",1098,36,1134
2023-10-22,"Nationalratswahl 2023","ZH102","Weiach",102,102,15440,"Mitte",892,18,910
2023-10-22,"Nationalratswahl 2023","ZH102","Weiach",102,102,15440,"EVP",498,0,498
2023-10-22,"Nationalratswahl 2023","ZH102","Weiach",102,102,15440,"FGA/AL/PDA",52,0,52
2023-10-22,"Nationalratswahl 2023","ZH102","Weiach",102,102,15440,"EDU",239,0,239
2023-10-22,"Nationalratswahl 2023","ZH102","Weiach",102,102,15440,"Übrige",361,25,386
2023-10-22,"Nationalratswahl 2023","ZH102","Weiach",102,102,15440,"SD",3,0,3
2023-10-22,"Nationalratswahl 2023","ZH111","Bäretswil",111,111,65121,"SVP",29354,609,29963
2023-10-22,"Nationalratswahl 2023","ZH111","Bäretswil",111,111,65121,"SP",5249,149,5398
2023-10-22,"Nationalratswahl 2023","ZH111","Bäretswil",111,111,65121,"GP",3748,187,3935
2023-10-22,"Nationalratswahl 2023","ZH111","Bäretswil",111,111,65121,"GLP",4238,153,4391
2023-10-22,"Nationalratswahl 2023","ZH111","Bäretswil",111,111,65121,"FDP",5682,271,5953
2023-10-22,"Nationalratswahl 2023","ZH111","Bäretswil",111,111,65121,"Mitte",4252,177,4429
2023-10-22,"Nationalratswahl 2023","ZH111","Bäretswil",111,111,65121,"EVP",4304,54,4358
2023-10-22,"Nationalratswahl 2023","ZH111","Bäretswil",111,111,65121,"FGA/AL/PDA",372,0,372
2023-10-22,"Nationalratswahl 2023","ZH111","Bäretswil",111,111,65121,"EDU",3682,36,3718
2023-10-22,"Nationalratswahl 2023","ZH111","Bäretswil",111,111,65121,"Übrige",2470,41,2511
2023-10-22,"Nationalratswahl 2023","ZH111","Bäretswil",111,111,65121,"SD",93,0,93
2023-10-22,"Nationalratswahl 2023","ZH112","Bubikon",112,112,98047,"SVP",31633,644,32277
2023-10-22,"Nationalratswahl 2023","ZH112","Bubikon",112,112,98047,"SP",13210,240,13450
2023-10-22,"Nationalratswahl 2023","ZH112","Bubikon",112,112,98047,"GP",8172,251,8423
2023-10-22,"Nationalratswahl 2023","ZH112","Bubikon",112,112,98047,"GLP",11864,379,12243
2023-10-22,"Nationalratswahl 2023","ZH112","Bubikon",112,112,98047,"FDP",9154,172,9326
2023-10-22,"Nationalratswahl 2023","ZH112","Bubikon",112,112,98047,"Mitte",9205,367,9572
2023-10-22,"Nationalratswahl 2023","ZH112","Bubikon",112,112,98047,"EVP",3205,45,3250
2023-10-22,"Nationalratswahl 2023","ZH112","Bubikon",112,112,98047,"FGA/AL/PDA",221,7,228
2023-10-22,"Nationalratswahl 2023","ZH112","Bubikon",112,112,98047,"EDU",5175,22,5197
2023-10-22,"Nationalratswahl 2023","ZH112","Bubikon",112,112,98047,"Übrige",3790,250,4040
2023-10-22,"Nationalratswahl 2023","ZH112","Bubikon",112,112,98047,"SD",41,0,41
2023-10-22,"Nationalratswahl 2023","ZH113","Dürnten",113,113,84017,"SVP",30196,584,30780
2023-10-22,"Nationalratswahl 2023","ZH113","Dürnten",113,113,84017,"SP",10224,181,10405
2023-10-22,"Nationalratswahl 2023","ZH113","Dürnten",113,113,84017,"GP",6114,125,6239
2023-10-22,"Nationalratswahl 2023","ZH113","Dürnten",113,113,84017,"GLP",7577,291,7868
2023-10-22,"Nationalratswahl 2023","ZH113","Dürnten",113,113,84017,"FDP",7895,167,8062
2023-10-22,"Nationalratswahl 2023","ZH113","Dürnten",113,113,84017,"Mitte",9299,258,9557
2023-10-22,"Nationalratswahl 2023","ZH113","Dürnten",113,113,84017,"EVP",3874,52,3926
2023-10-22,"Nationalratswahl 2023","ZH113","Dürnten",113,113,84017,"FGA/AL/PDA",281,33,314
2023-10-22,"Nationalratswahl 2023","ZH113","Dürnten",113,113,84017,"EDU",4359,14,4373
2023-10-22,"Nationalratswahl 2023","ZH113","Dürnten",113,113,84017,"Übrige",2339,62,2401
2023-10-22,"Nationalratswahl 2023","ZH113","Dürnten",113,113,84017,"SD",92,0,92
2023-10-22,"Nationalratswahl 2023","ZH114","Fischenthal",114,114,28842,"SVP",17088,148,17236
2023-10-22,"Nationalratswahl 2023","ZH114","Fischenthal",114,114,28842,"SP",2846,0,2846
2023-10-22,"Nationalratswahl 2023","ZH114","Fischenthal",114,114,28842,"GP",1782,7,1789
2023-10-22,"Nationalratswahl 2023","ZH114","Fischenthal",114,114,28842,"GLP",1319,0,1319
2023-10-22,"Nationalratswahl 2023","ZH114","Fischenthal",114,114,28842,"FDP",1095,17,1112
2023-10-22,"Nationalratswahl 2023","ZH114","Fischenthal",114,114,28842,"Mitte",1299,1,1300
2023-10-22,"Nationalratswahl 2023","ZH114","Fischenthal",114,114,28842,"EVP",733,0,733
2023-10-22,"Nationalratswahl 2023","ZH114","Fischenthal",114,114,28842,"FGA/AL/PDA",113,0,113
2023-10-22,"Nationalratswahl 2023","ZH114","Fischenthal",114,114,28842,"EDU",1417,0,1417
2023-10-22,"Nationalratswahl 2023","ZH114","Fischenthal",114,114,28842,"Übrige",795,63,858
2023-10-22,"Nationalratswahl 2023","ZH114","Fischenthal",114,114,28842,"SD",119,0,119
2023-10-22,"Nationalratswahl 2023","ZH115","Gossau",115,115,122555,"SVP",48501,733,49234
2023-10-22,"Nationalratswahl 2023","ZH115","Gossau",115,115,122555,"SP",13648,343,13991
2023-10-22,"Nationalratswahl 2023","ZH115","Gossau",115,115,122555,"GP",8469,132,8601
2023-10-22,"Nationalratswahl 2023","ZH115","Gossau",115,115,122555,"GLP",11439,499,11938
2023-10-22,"Nationalratswahl 2023","ZH115","Gossau",115,115,122555,"FDP",13646,471,14117
2023-10-22,"Nationalratswahl 2023","ZH115","Gossau",115,115,122555,"Mitte",8281,429,8710
2023-10-22,"Nationalratswahl 2023","ZH115","Gossau",115,115,122555,"EVP",6807,232,7039
2023-10-22,"Nationalratswahl 2023","ZH115","Gossau",115,115,122555,"FGA/AL/PDA",319,1,320
2023-10-22,"Nationalratswahl 2023","ZH115","Gossau",115,115,122555,"EDU",4742,21,4763
2023-10-22,"Nationalratswahl 2023","ZH115","Gossau",115,115,122555,"Übrige",3581,107,3688
2023-10-22,"Nationalratswahl 2023","ZH115","Gossau",115,115,122555,"SD",128,26,154
2023-10-22,"Nationalratswahl 2023","ZH116","Grüningen",116,116,44066,"SVP",18791,264,19055
2023-10-22,"Nationalratswahl 2023","ZH116","Grüningen",116,116,44066,"SP",6061,105,6166
2023-10-22,"Nationalratswahl 2023","ZH116","Grüningen",116,116,44066,"GP",2799,90,2889
2023-10-22,"Nationalratswahl 2023","ZH116","Grüningen",116,116,44066,"GLP",3852,122,3974
2023-10-22,"Nationalratswahl 2023","ZH116","Grüningen",116,116,44066,"FDP",4498,78,4576
2023-10-22,"Nationalratswahl 2023","ZH116","Grüningen",116,116,44066,"Mitte",2922,38,2960
2023-10-22,"Nationalratswahl 2023","ZH116","Grüningen",116,116,44066,"EVP",1464,0,1464
2023-10-22,"Nationalratswahl 2023","ZH116","Grüningen",116,116,44066,"FGA/AL/PDA",130,12,142
2023-10-22,"Nationalratswahl 2023","ZH116","Grüningen",116,116,44066,"EDU",1506,0,1506
2023-10-22,"Nationalratswahl 2023","ZH116","Grüningen",116,116,44066,"Übrige",1123,49,1172
2023-10-22,"Nationalratswahl 2023","ZH116","Grüningen",116,116,44066,"SD",161,1,162
2023-10-22,"Nationalratswahl 2023","ZH117","Hinwil",117,117,131141,"SVP",53668,1174,54842
2023-10-22,"Nationalratswahl 2023","ZH117","Hinwil",117,117,131141,"SP",16550,424,16974
2023-10-22,"Nationalratswahl 2023","ZH117","Hinwil",117,117,131141,"GP",9159,139,9298
2023-10-22,"Nationalratswahl 2023","ZH117","Hinwil",117,117,131141,"GLP",11561,395,11956
2023-10-22,"Nationalratswahl 2023","ZH117","Hinwil",117,117,131141,"FDP",11893,409,12302
2023-10-22,"Nationalratswahl 2023","ZH117","Hinwil",117,117,131141,"Mitte",12101,457,12558
2023-10-22,"Nationalratswahl 2023","ZH117","Hinwil",117,117,131141,"EVP",4372,25,4397
2023-10-22,"Nationalratswahl 2023","ZH117","Hinwil",117,117,131141,"FGA/AL/PDA",506,20,526
2023-10-22,"Nationalratswahl 2023","ZH117","Hinwil",117,117,131141,"EDU",4044,24,4068
2023-10-22,"Nationalratswahl 2023","ZH117","Hinwil",117,117,131141,"Übrige",3997,185,4182
2023-10-22,"Nationalratswahl 2023","ZH117","Hinwil",117,117,131141,"SD",38,0,38
2023-10-22,"Nationalratswahl 2023","ZH118","Rüti",118,118,112202,"SVP",33387,663,34050
2023-10-22,"Nationalratswahl 2023","ZH118","Rüti",118,118,112202,"SP",17485,628,18113
2023-10-22,"Nationalratswahl 2023","ZH118","Rüti",118,118,112202,"GP",10322,187,10509
2023-10-22,"Nationalratswahl 2023","ZH118","Rüti",118,118,112202,"GLP",8569,200,8769
2023-10-22,"Nationalratswahl 2023","ZH118","Rüti",118,118,112202,"FDP",9548,370,9918
2023-10-22,"Nationalratswahl 2023","ZH118","Rüti",118,118,112202,"Mitte",15253,946,16199
2023-10-22,"Nationalratswahl 2023","ZH118","Rüti",118,118,112202,"EVP",5129,116,5245
2023-10-22,"Nationalratswahl 2023","ZH118","Rüti",118,118,112202,"FGA/AL/PDA",582,20,602
2023-10-22,"Nationalratswahl 2023","ZH118","Rüti",118,118,112202,"EDU",5215,136,5351
2023-10-22,"Nationalratswahl 2023","ZH118","Rüti",118,118,112202,"Übrige",3027,246,3273
2023-10-22,"Nationalratswahl 2023","ZH118","Rüti",118,118,112202,"SD",173,0,173
2023-10-22,"Nationalratswahl 2023","ZH119","Seegräben",119,119,18958,"SVP",8199,130,8329
2023-10-22,"Nationalratswahl 2023","ZH119","Seegräben",119,119,18958,"SP",1360,5,1365
2023-10-22,"Nationalratswahl 2023","ZH119","Seegräben",119,119,18958,"GP",1904,7,1911
2023-10-22,"Nationalratswahl 2023","ZH119","Seegräben",119,119,18958,"GLP",2290,19,2309
2023-10-22,"Nationalratswahl 2023","ZH119","Seegräben",119,119,18958,"FDP",1548,30,1578
2023-10-22,"Nationalratswahl 2023","ZH119","Seegräben",119,119,18958,"Mitte",1501,79,1580
2023-10-22,"Nationalratswahl 2023","ZH119","Seegräben",119,119,18958,"EVP",747,1,748
2023-10-22,"Nationalratswahl 2023","ZH119","Seegräben",119,119,18958,"FGA/AL/PDA",174,1,175
2023-10-22,"Nationalratswahl 2023","ZH119","Seegräben",119,119,18958,"EDU",287,12,299
2023-10-22,"Nationalratswahl 2023","ZH119","Seegräben",119,119,18958,"Übrige",655,0,655
2023-10-22,"Nationalratswahl 2023","ZH119","Seegräben",119,119,18958,"SD",9,0,9
2023-10-22,"Nationalratswahl 2023","ZH120","Wald",120,120,95675,"SVP",35794,584,36378
2023-10-22,"Nationalratswahl 2023","ZH120","Wald",120,120,95675,"SP",15015,160,15175
2023-10-22,"Nationalratswahl 2023","ZH120","Wald",120,120,95675,"GP",10102,170,10272
2023-10-22,"Nationalratswahl 2023","ZH120","Wald",120,120,95675,"GLP",8128,227,8355
2023-10-22,"Nationalratswahl 2023","ZH120","Wald",120,120,95675,"FDP",7431,158,7589
2023-10-22,"Nationalratswahl 2023","ZH120","Wald",120,120,95675,"Mitte",7845,205,8050
2023-10-22,"Nationalratswahl 2023","ZH120","Wald",120,120,95675,"EVP",2167,136,2303
2023-10-22,"Nationalratswahl 2023","ZH120","Wald",120,120,95675,"FGA/AL/PDA",600,4,604
2023-10-22,"Nationalratswahl 2023","ZH120","Wald",120,120,95675,"EDU",3033,26,3059
2023-10-22,"Nationalratswahl 2023","ZH120","Wald",120,120,95675,"Übrige",3616,112,3728
2023-10-22,"Nationalratswahl 2023","ZH120","Wald",120,120,95675,"SD",162,0,162
2023-10-22,"Nationalratswahl 2023","ZH121","Wetzikon",121,121,230653,"SVP",72895,915,73810
2023-10-22,"Nationalratswahl 2023","ZH121","Wetzikon",121,121,230653,"SP",38977,769,39746
2023-10-22,"Nationalratswahl 2023","ZH121","Wetzikon",121,121,230653,"GP",22731,300,23031
2023-10-22,"Nationalratswahl 2023","ZH121","Wetzikon",121,121,230653,"GLP",21138,498,21636
2023-10-22,"Nationalratswahl 2023","ZH121","Wetzikon",121,121,230653,"FDP",22358,574,22932
2023-10-22,"Nationalratswahl 2023","ZH121","Wetzikon",121,121,230653,"Mitte",18333,463,18796
2023-10-22,"Nationalratswahl 2023","ZH121","Wetzikon",121,121,230653,"EVP",10368,113,10481
2023-10-22,"Nationalratswahl 2023","ZH121","Wetzikon",121,121,230653,"FGA/AL/PDA",1959,48,2007
2023-10-22,"Nationalratswahl 2023","ZH121","Wetzikon",121,121,230653,"EDU",9702,119,9821
2023-10-22,"Nationalratswahl 2023","ZH121","Wetzikon",121,121,230653,"Übrige",7833,350,8183
2023-10-22,"Nationalratswahl 2023","ZH121","Wetzikon",121,121,230653,"SD",178,32,210
2023-10-22,"Nationalratswahl 2023","ZH131","Adliswil",131,131,144923,"SVP",39730,590,40320
2023-10-22,"Nationalratswahl 2023","ZH131","Adliswil",131,131,144923,"SP",28772,554,29326
2023-10-22,"Nationalratswahl 2023","ZH131","Adliswil",131,131,144923,"GP",11596,280,11876
2023-10-22,"Nationalratswahl 2023","ZH131","Adliswil",131,131,144923,"GLP",11577,285,11862
2023-10-22,"Nationalratswahl 2023","ZH131","Adliswil",131,131,144923,"FDP",22654,631,23285
2023-10-22,"Nationalratswahl 2023","ZH131","Adliswil",131,131,144923,"Mitte",17528,420,17948
2023-10-22,"Nationalratswahl 2023","ZH131","Adliswil",131,131,144923,"EVP",4579,83,4662
2023-10-22,"Nationalratswahl 2023","ZH131","Adliswil",131,131,144923,"FGA/AL/PDA",865,0,865
2023-10-22,"Nationalratswahl 2023","ZH131","Adliswil",131,131,144923,"EDU",1041,9,1050
2023-10-22,"Nationalratswahl 2023","ZH131","Adliswil",131,131,144923,"Übrige",3568,66,3634
2023-10-22,"Nationalratswahl 2023","ZH131","Adliswil",131,131,144923,"SD",95,0,95
2023-10-22,"Nationalratswahl 2023","ZH135","Kilchberg",135,135,96581,"SVP",23396,388,23784
2023-10-22,"Nationalratswahl 2023","ZH135","Kilchberg",135,135,96581,"SP",11381,274,11655
2023-10-22,"Nationalratswahl 2023","ZH135","Kilchberg",135,135,96581,"GP",6843,164,7007
2023-10-22,"Nationalratswahl 2023","ZH135","Kilchberg",135,135,96581,"GLP",13729,363,14092
2023-10-22,"Nationalratswahl 2023","ZH135","Kilchberg",135,135,96581,"FDP",26283,501,26784
2023-10-22,"Nationalratswahl 2023","ZH135","Kilchberg",135,135,96581,"Mitte",7917,371,8288
2023-10-22,"Nationalratswahl 2023","ZH135","Kilchberg",135,135,96581,"EVP",1779,125,1904
2023-10-22,"Nationalratswahl 2023","ZH135","Kilchberg",135,135,96581,"FGA/AL/PDA",641,10,651
2023-10-22,"Nationalratswahl 2023","ZH135","Kilchberg",135,135,96581,"EDU",577,4,581
2023-10-22,"Nationalratswahl 2023","ZH135","Kilchberg",135,135,96581,"Übrige",1694,101,1795
2023-10-22,"Nationalratswahl 2023","ZH135","Kilchberg",135,135,96581,"SD",40,0,40
2023-10-22,"Nationalratswahl 2023","ZH136","Langnau am Albis",136,136,75669,"SVP",21720,325,22045
2023-10-22,"Nationalratswahl 2023","ZH136","Langnau am Albis",136,136,75669,"SP",12497,265,12762
2023-10-22,"Nationalratswahl 2023","ZH136","Langnau am Albis",136,136,75669,"GP",4969,34,5003
2023-10-22,"Nationalratswahl 2023","ZH136","Langnau am Albis",136,136,75669,"GLP",8975,250,9225
2023-10-22,"Nationalratswahl 2023","ZH136","Langnau am Albis",136,136,75669,"FDP",11056,482,11538
2023-10-22,"Nationalratswahl 2023","ZH136","Langnau am Albis",136,136,75669,"Mitte",10331,263,10594
2023-10-22,"Nationalratswahl 2023","ZH136","Langnau am Albis",136,136,75669,"EVP",1552,33,1585
2023-10-22,"Nationalratswahl 2023","ZH136","Langnau am Albis",136,136,75669,"FGA/AL/PDA",319,33,352
2023-10-22,"Nationalratswahl 2023","ZH136","Langnau am Albis",136,136,75669,"EDU",949,0,949
2023-10-22,"Nationalratswahl 2023","ZH136","Langnau am Albis",136,136,75669,"Übrige",1479,96,1575
2023-10-22,"Nationalratswahl 2023","ZH136","Langnau am Albis",136,136,75669,"SD",33,8,41
2023-10-22,"Nationalratswahl 2023","ZH137","Oberrieden",137,137,68716,"SVP",17378,262,17640
2023-10-22,"Nationalratswahl 2023","ZH137","Oberrieden",137,137,68716,"SP",12543,147,12690
2023-10-22,"Nationalratswahl 2023","ZH137","Oberrieden",137,137,68716,"GP",5393,116,5509
2023-10-22,"Nationalratswahl 2023","ZH137","Oberrieden",137,137,68716,"GLP",8448,149,8597
2023-10-22,"Nationalratswahl 2023","ZH137","Oberrieden",137,137,68716,"FDP",12240,461,12701
2023-10-22,"Nationalratswahl 2023","ZH137","Oberrieden",137,137,68716,"Mitte",6917,157,7074
2023-10-22,"Nationalratswahl 2023","ZH137","Oberrieden",137,137,68716,"EVP",1973,19,1992
2023-10-22,"Nationalratswahl 2023","ZH137","Oberrieden",137,137,68716,"FGA/AL/PDA",511,0,511
2023-10-22,"Nationalratswahl 2023","ZH137","Oberrieden",137,137,68716,"EDU",368,0,368
2023-10-22,"Nationalratswahl 2023","ZH137","Oberrieden",137,137,68716,"Übrige",1594,30,1624
2023-10-22,"Nationalratswahl 2023","ZH137","Oberrieden",137,137,68716,"SD",10,0,10
2023-10-22,"Nationalratswahl 2023","ZH138","Richterswil",138,138,149438,"SVP",43989,551,44540
2023-10-22,"Nationalratswahl 2023","ZH138","Richterswil",138,138,149438,"SP",25092,461,25553
2023-10-22,"Nationalratswahl 2023","ZH138","Richterswil",138,138,149438,"GP",11132,172,11304
2023-10-22,"Nationalratswahl 2023","ZH138","Richterswil",138,138,149438,"GLP",17290,381,17671
2023-10-22,"Nationalratswahl 2023","ZH138","Richterswil",138,138,149438,"FDP",20042,679,20721
2023-10-22,"Nationalratswahl 2023","ZH138","Richterswil",138,138,149438,"Mitte",17465,795,18260
2023-10-22,"Nationalratswahl 2023","ZH138","Richterswil",138,138,149438,"EVP",3767,110,3877
2023-10-22,"Nationalratswahl 2023","ZH138","Richterswil",138,138,149438,"FGA/AL/PDA",776,3,779
2023-10-22,"Nationalratswahl 2023","ZH138","Richterswil",138,138,149438,"EDU",2153,2,2155
2023-10-22,"Nationalratswahl 2023","ZH138","Richterswil",138,138,149438,"Übrige",4193,185,4378
2023-10-22,"Nationalratswahl 2023","ZH138","Richterswil",138,138,149438,"SD",170,30,200
2023-10-22,"Nationalratswahl 2023","ZH139","Rüschlikon",139,139,64995,"SVP",16744,373,17117
2023-10-22,"Nationalratswahl 2023","ZH139","Rüschlikon",139,139,64995,"SP",7434,187,7621
2023-10-22,"Nationalratswahl 2023","ZH139","Rüschlikon",139,139,64995,"GP",4285,35,4320
2023-10-22,"Nationalratswahl 2023","ZH139","Rüschlikon",139,139,64995,"GLP",8662,284,8946
2023-10-22,"Nationalratswahl 2023","ZH139","Rüschlikon",139,139,64995,"FDP",16158,454,16612
2023-10-22,"Nationalratswahl 2023","ZH139","Rüschlikon",139,139,64995,"Mitte",6866,379,7245
2023-10-22,"Nationalratswahl 2023","ZH139","Rüschlikon",139,139,64995,"EVP",1473,34,1507
2023-10-22,"Nationalratswahl 2023","ZH139","Rüschlikon",139,139,64995,"FGA/AL/PDA",196,0,196
2023-10-22,"Nationalratswahl 2023","ZH139","Rüschlikon",139,139,64995,"EDU",255,0,255
2023-10-22,"Nationalratswahl 2023","ZH139","Rüschlikon",139,139,64995,"Übrige",1115,61,1176
2023-10-22,"Nationalratswahl 2023","ZH139","Rüschlikon",139,139,64995,"SD",0,0,0
2023-10-22,"Nationalratswahl 2023","ZH141","Thalwil",141,141,186797,"SVP",43446,862,44308
2023-10-22,"Nationalratswahl 2023","ZH141","Thalwil",141,141,186797,"SP",32225,1308,33533
2023-10-22,"Nationalratswahl 2023","ZH141","Thalwil",141,141,186797,"GP",14376,208,14584
2023-10-22,"Nationalratswahl 2023","ZH141","Thalwil",141,141,186797,"GLP",25814,830,26644
2023-10-22,"Nationalratswahl 2023","ZH141","Thalwil",141,141,186797,"FDP",33506,1149,34655
2023-10-22,"Nationalratswahl 2023","ZH141","Thalwil",141,141,186797,"Mitte",19981,711,20692
2023-10-22,"Nationalratswahl 2023","ZH141","Thalwil",141,141,186797,"EVP",4812,51,4863
2023-10-22,"Nationalratswahl 2023","ZH141","Thalwil",141,141,186797,"FGA/AL/PDA",1153,12,1165
2023-10-22,"Nationalratswahl 2023","ZH141","Thalwil",141,141,186797,"EDU",1353,8,1361
2023-10-22,"Nationalratswahl 2023","ZH141","Thalwil",141,141,186797,"Übrige",4683,218,4901
2023-10-22,"Nationalratswahl 2023","ZH141","Thalwil",141,141,186797,"SD",89,2,91
2023-10-22,"Nationalratswahl 2023","ZH151","Erlenbach",151,151,70285,"SVP",19604,330,19934
2023-10-22,"Nationalratswahl 2023","ZH151","Erlenbach",151,151,70285,"SP",7665,167,7832
2023-10-22,"Nationalratswahl 2023","ZH151","Erlenbach",151,151,70285,"GP",4713,166,4879
2023-10-22,"Nationalratswahl 2023","ZH151","Erlenbach",151,151,70285,"GLP",8988,198,9186
2023-10-22,"Nationalratswahl 2023","ZH151","Erlenbach",151,151,70285,"FDP",20694,460,21154
2023-10-22,"Nationalratswahl 2023","ZH151","Erlenbach",151,151,70285,"Mitte",4721,114,4835
2023-10-22,"Nationalratswahl 2023","ZH151","Erlenbach",151,151,70285,"EVP",658,0,658
2023-10-22,"Nationalratswahl 2023","ZH151","Erlenbach",151,151,70285,"FGA/AL/PDA",358,0,358
2023-10-22,"Nationalratswahl 2023","ZH151","Erlenbach",151,151,70285,"EDU",294,0,294
2023-10-22,"Nationalratswahl 2023","ZH151","Erlenbach",151,151,70285,"Übrige",1127,20,1147
2023-10-22,"Nationalratswahl 2023","ZH151","Erlenbach",151,151,70285,"SD",8,0,8
2023-10-22,"Nationalratswahl 2023","ZH152","Herrliberg",152,152,88178,"SVP",31357,639,31996
2023-10-22,"Nationalratswahl 2023","ZH152","Herrliberg",152,152,88178,"SP",8030,183,8213
2023-10-22,"Nationalratswahl 2023","ZH152","Herrliberg",152,152,88178,"GP",3615,77,3692
2023-10-22,"Nationalratswahl 2023","ZH152","Herrliberg",152,152,88178,"GLP",10331,241,10572
2023-10-22,"Nationalratswahl 2023","ZH152","Herrliberg",152,152,88178,"FDP",24651,515,25166
2023-10-22,"Nationalratswahl 2023","ZH152","Herrliberg",152,152,88178,"Mitte",5366,300,5666
2023-10-22,"Nationalratswahl 2023","ZH152","Herrliberg",152,152,88178,"EVP",639,16,655
2023-10-22,"Nationalratswahl 2023","ZH152","Herrliberg",152,152,88178,"FGA/AL/PDA",521,32,553
2023-10-22,"Nationalratswahl 2023","ZH152","Herrliberg",152,152,88178,"EDU",202,0,202
2023-10-22,"Nationalratswahl 2023","ZH152","Herrliberg",152,152,88178,"Übrige",1321,122,1443
2023-10-22,"Nationalratswahl 2023","ZH152","Herrliberg",152,152,88178,"SD",20,0,20
2023-10-22,"Nationalratswahl 2023","ZH153","Hombrechtikon",153,153,96891,"SVP",35918,480,36398
2023-10-22,"Nationalratswahl 2023","ZH153","Hombrechtikon",153,153,96891,"SP",13185,516,13701
2023-10-22,"Nationalratswahl 2023","ZH153","Hombrechtikon",153,153,96891,"GP",6820,65,6885
2023-10-22,"Nationalratswahl 2023","ZH153","Hombrechtikon",153,153,96891,"GLP",11382,399,11781
2023-10-22,"Nationalratswahl 2023","ZH153","Hombrechtikon",153,153,96891,"FDP",9528,325,9853
2023-10-22,"Nationalratswahl 2023","ZH153","Hombrechtikon",153,153,96891,"Mitte",7065,319,7384
2023-10-22,"Nationalratswahl 2023","ZH153","Hombrechtikon",153,153,96891,"EVP",3545,93,3638
2023-10-22,"Nationalratswahl 2023","ZH153","Hombrechtikon",153,153,96891,"FGA/AL/PDA",472,1,473
2023-10-22,"Nationalratswahl 2023","ZH153","Hombrechtikon",153,153,96891,"EDU",3220,1,3221
2023-10-22,"Nationalratswahl 2023","ZH153","Hombrechtikon",153,153,96891,"Übrige",3125,249,3374
2023-10-22,"Nationalratswahl 2023","ZH153","Hombrechtikon",153,153,96891,"SD",183,0,183
2023-10-22,"Nationalratswahl 2023","ZH154","Küsnacht",154,154,174099,"SVP",53026,1090,54116
2023-10-22,"Nationalratswahl 2023","ZH154","Küsnacht",154,154,174099,"SP",20112,400,20512
2023-10-22,"Nationalratswahl 2023","ZH154","Küsnacht",154,154,174099,"GP",11603,343,11946
2023-10-22,"Nationalratswahl 2023","ZH154","Küsnacht",154,154,174099,"GLP",22715,324,23039
2023-10-22,"Nationalratswahl 2023","ZH154","Küsnacht",154,154,174099,"FDP",44772,1194,45966
2023-10-22,"Nationalratswahl 2023","ZH154","Küsnacht",154,154,174099,"Mitte",12144,548,12692
2023-10-22,"Nationalratswahl 2023","ZH154","Küsnacht",154,154,174099,"EVP",2191,45,2236
2023-10-22,"Nationalratswahl 2023","ZH154","Küsnacht",154,154,174099,"FGA/AL/PDA",691,0,691
2023-10-22,"Nationalratswahl 2023","ZH154","Küsnacht",154,154,174099,"EDU",656,48,704
2023-10-22,"Nationalratswahl 2023","ZH154","Küsnacht",154,154,174099,"Übrige",1969,195,2164
2023-10-22,"Nationalratswahl 2023","ZH154","Küsnacht",154,154,174099,"SD",33,0,33
2023-10-22,"Nationalratswahl 2023","ZH155","Männedorf",155,155,148606,"SVP",36008,602,36610
2023-10-22,"Nationalratswahl 2023","ZH155","Männedorf",155,155,148606,"SP",25864,529,26393
2023-10-22,"Nationalratswahl 2023","ZH155","Männedorf",155,155,148606,"GP",13156,206,13362
2023-10-22,"Nationalratswahl 2023","ZH155","Männedorf",155,155,148606,"GLP",22631,502,23133
2023-10-22,"Nationalratswahl 2023","ZH155","Männedorf",155,155,148606,"FDP",23965,579,24544
2023-10-22,"Nationalratswahl 2023","ZH155","Männedorf",155,155,148606,"Mitte",13178,610,13788
2023-10-22,"Nationalratswahl 2023","ZH155","Männedorf",155,155,148606,"EVP",3421,2,3423
2023-10-22,"Nationalratswahl 2023","ZH155","Männedorf",155,155,148606,"FGA/AL/PDA",694,6,700
2023-10-22,"Nationalratswahl 2023","ZH155","Männedorf",155,155,148606,"EDU",2825,34,2859
2023-10-22,"Nationalratswahl 2023","ZH155","Männedorf",155,155,148606,"Übrige",3341,245,3586
2023-10-22,"Nationalratswahl 2023","ZH155","Männedorf",155,155,148606,"SD",208,0,208
2023-10-22,"Nationalratswahl 2023","ZH156","Meilen",156,156,178297,"SVP",51440,935,52375
2023-10-22,"Nationalratswahl 2023","ZH156","Meilen",156,156,178297,"SP",25039,423,25462
2023-10-22,"Nationalratswahl 2023","ZH156","Meilen",156,156,178297,"GP",11646,348,11994
2023-10-22,"Nationalratswahl 2023","ZH156","Meilen",156,156,178297,"GLP",24178,776,24954
2023-10-22,"Nationalratswahl 2023","ZH156","Meilen",156,156,178297,"FDP",39833,962,40795
2023-10-22,"Nationalratswahl 2023","ZH156","Meilen",156,156,178297,"Mitte",14584,675,15259
2023-10-22,"Nationalratswahl 2023","ZH156","Meilen",156,156,178297,"EVP",2463,108,2571
2023-10-22,"Nationalratswahl 2023","ZH156","Meilen",156,156,178297,"FGA/AL/PDA",569,0,569
2023-10-22,"Nationalratswahl 2023","ZH156","Meilen",156,156,178297,"EDU",1298,0,1298
2023-10-22,"Nationalratswahl 2023","ZH156","Meilen",156,156,178297,"Übrige",2621,141,2762
2023-10-22,"Nationalratswahl 2023","ZH156","Meilen",156,156,178297,"SD",258,0,258
2023-10-22,"Nationalratswahl 2023","ZH157","Oetwil am See",157,157,40666,"SVP",16808,337,17145
2023-10-22,"Nationalratswahl 2023","ZH157","Oetwil am See",157,157,40666,"SP",5691,173,5864
2023-10-22,"Nationalratswahl 2023","ZH157","Oetwil am See",157,157,40666,"GP",2629,78,2707
2023-10-22,"Nationalratswahl 2023","ZH157","Oetwil am See",157,157,40666,"GLP",4117,93,4210
2023-10-22,"Nationalratswahl 2023","ZH157","Oetwil am See",157,157,40666,"FDP",3676,137,3813
2023-10-22,"Nationalratswahl 2023","ZH157","Oetwil am See",157,157,40666,"Mitte",2761,76,2837
2023-10-22,"Nationalratswahl 2023","ZH157","Oetwil am See",157,157,40666,"EVP",905,36,941
2023-10-22,"Nationalratswahl 2023","ZH157","Oetwil am See",157,157,40666,"FGA/AL/PDA",194,4,198
2023-10-22,"Nationalratswahl 2023","ZH157","Oetwil am See",157,157,40666,"EDU",1356,3,1359
2023-10-22,"Nationalratswahl 2023","ZH157","Oetwil am See",157,157,40666,"Übrige",1464,54,1518
2023-10-22,"Nationalratswahl 2023","ZH157","Oetwil am See",157,157,40666,"SD",74,0,74
2023-10-22,"Nationalratswahl 2023","ZH158","Stäfa",158,158,196725,"SVP",47760,917,48677
2023-10-22,"Nationalratswahl 2023","ZH158","Stäfa",158,158,196725,"SP",37603,810,38413
2023-10-22,"Nationalratswahl 2023","ZH158","Stäfa",158,158,196725,"GP",17377,455,17832
2023-10-22,"Nationalratswahl 2023","ZH158","Stäfa",158,158,196725,"GLP",29037,735,29772
2023-10-22,"Nationalratswahl 2023","ZH158","Stäfa",158,158,196725,"FDP",32474,826,33300
2023-10-22,"Nationalratswahl 2023","ZH158","Stäfa",158,158,196725,"Mitte",14644,602,15246
2023-10-22,"Nationalratswahl 2023","ZH158","Stäfa",158,158,196725,"EVP",4599,58,4657
2023-10-22,"Nationalratswahl 2023","ZH158","Stäfa",158,158,196725,"FGA/AL/PDA",1088,0,1088
2023-10-22,"Nationalratswahl 2023","ZH158","Stäfa",158,158,196725,"EDU",3211,18,3229
2023-10-22,"Nationalratswahl 2023","ZH158","Stäfa",158,158,196725,"Übrige",4304,191,4495
2023-10-22,"Nationalratswahl 2023","ZH158","Stäfa",158,158,196725,"SD",16,0,16
2023-10-22,"Nationalratswahl 2023","ZH159","Uetikon am See",159,159,81374,"SVP",23694,471,24165
2023-10-22,"Nationalratswahl 2023","ZH159","Uetikon am See",159,159,81374,"SP",13145,162,13307
2023-10-22,"Nationalratswahl 2023","ZH159","Uetikon am See",159,159,81374,"GP",6201,92,6293
2023-10-22,"Nationalratswahl 2023","ZH159","Uetikon am See",159,159,81374,"GLP",10189,358,10547
2023-10-22,"Nationalratswahl 2023","ZH159","Uetikon am See",159,159,81374,"FDP",14850,477,15327
2023-10-22,"Nationalratswahl 2023","ZH159","Uetikon am See",159,159,81374,"Mitte",6730,380,7110
2023-10-22,"Nationalratswahl 2023","ZH159","Uetikon am See",159,159,81374,"EVP",1443,134,1577
2023-10-22,"Nationalratswahl 2023","ZH159","Uetikon am See",159,159,81374,"FGA/AL/PDA",429,7,436
2023-10-22,"Nationalratswahl 2023","ZH159","Uetikon am See",159,159,81374,"EDU",952,9,961
2023-10-22,"Nationalratswahl 2023","ZH159","Uetikon am See",159,159,81374,"Übrige",1487,116,1603
2023-10-22,"Nationalratswahl 2023","ZH159","Uetikon am See",159,159,81374,"SD",48,0,48
2023-10-22,"Nationalratswahl 2023","ZH160","Zumikon",160,160,71148,"SVP",20201,233,20434
2023-10-22,"Nationalratswahl 2023","ZH160","Zumikon",160,160,71148,"SP",7713,123,7836
2023-10-22,"Nationalratswahl 2023","ZH160","Zumikon",160,160,71148,"GP",3321,28,3349
2023-10-22,"Nationalratswahl 2023","ZH160","Zumikon",160,160,71148,"GLP",9343,204,9547
2023-10-22,"Nationalratswahl 2023","ZH160","Zumikon",160,160,71148,"FDP",21368,428,21796
2023-10-22,"Nationalratswahl 2023","ZH160","Zumikon",160,160,71148,"Mitte",5077,160,5237
2023-10-22,"Nationalratswahl 2023","ZH160","Zumikon",160,160,71148,"EVP",743,27,770
2023-10-22,"Nationalratswahl 2023","ZH160","Zumikon",160,160,71148,"FGA/AL/PDA",204,0,204
2023-10-22,"Nationalratswahl 2023","ZH160","Zumikon",160,160,71148,"EDU",476,1,477
2023-10-22,"Nationalratswahl 2023","ZH160","Zumikon",160,160,71148,"Übrige",1373,111,1484
2023-10-22,"Nationalratswahl 2023","ZH160","Zumikon",160,160,71148,"SD",14,0,14
2023-10-22,"Nationalratswahl 2023","ZH161","Zollikon",161,161,156339,"SVP",37603,714,38317
2023-10-22,"Nationalratswahl 2023","ZH161","Zollikon",161,161,156339,"SP",22513,477,22990
2023-10-22,"Nationalratswahl 2023","ZH161","Zollikon",161,161,156339,"GP",9452,235,9687
2023-10-22,"Nationalratswahl 2023","ZH161","Zollikon",161,161,156339,"GLP",21356,489,21845
2023-10-22,"Nationalratswahl 2023","ZH161","Zollikon",161,161,156339,"FDP",45008,1363,46371
2023-10-22,"Nationalratswahl 2023","ZH161","Zollikon",161,161,156339,"Mitte",10428,398,10826
2023-10-22,"Nationalratswahl 2023","ZH161","Zollikon",161,161,156339,"EVP",2174,12,2186
2023-10-22,"Nationalratswahl 2023","ZH161","Zollikon",161,161,156339,"FGA/AL/PDA",643,0,643
2023-10-22,"Nationalratswahl 2023","ZH161","Zollikon",161,161,156339,"EDU",847,21,868
2023-10-22,"Nationalratswahl 2023","ZH161","Zollikon",161,161,156339,"Übrige",2399,110,2509
2023-10-22,"Nationalratswahl 2023","ZH161","Zollikon",161,161,156339,"SD",97,0,97
2023-10-22,"Nationalratswahl 2023","ZH172","Fehraltorf",172,172,73394,"SVP",24640,296,24936
2023-10-22,"Nationalratswahl 2023","ZH172","Fehraltorf",172,172,73394,"SP",9861,394,10255
2023-10-22,"Nationalratswahl 2023","ZH172","Fehraltorf",172,172,73394,"GP",4870,53,4923
2023-10-22,"Nationalratswahl 2023","ZH172","Fehraltorf",172,172,73394,"GLP",8733,403,9136
2023-10-22,"Nationalratswahl 2023","ZH172","Fehraltorf",172,172,73394,"FDP",9579,399,9978
2023-10-22,"Nationalratswahl 2023","ZH172","Fehraltorf",172,172,73394,"Mitte",7244,274,7518
2023-10-22,"Nationalratswahl 2023","ZH172","Fehraltorf",172,172,73394,"EVP",2121,42,2163
2023-10-22,"Nationalratswahl 2023","ZH172","Fehraltorf",172,172,73394,"FGA/AL/PDA",277,0,277
2023-10-22,"Nationalratswahl 2023","ZH172","Fehraltorf",172,172,73394,"EDU",1602,58,1660
2023-10-22,"Nationalratswahl 2023","ZH172","Fehraltorf",172,172,73394,"Übrige",2415,83,2498
2023-10-22,"Nationalratswahl 2023","ZH172","Fehraltorf",172,172,73394,"SD",50,0,50
2023-10-22,"Nationalratswahl 2023","ZH173","Hittnau",173,173,50394,"SVP",19697,365,20062
2023-10-22,"Nationalratswahl 2023","ZH173","Hittnau",173,173,50394,"SP",5511,95,5606
2023-10-22,"Nationalratswahl 2023","ZH173","Hittnau",173,173,50394,"GP",3247,49,3296
2023-10-22,"Nationalratswahl 2023","ZH173","Hittnau",173,173,50394,"GLP",5133,162,5295
2023-10-22,"Nationalratswahl 2023","ZH173","Hittnau",173,173,50394,"FDP",4282,48,4330
2023-10-22,"Nationalratswahl 2023","ZH173","Hittnau",173,173,50394,"Mitte",3950,30,3980
2023-10-22,"Nationalratswahl 2023","ZH173","Hittnau",173,173,50394,"EVP",2729,1,2730
2023-10-22,"Nationalratswahl 2023","ZH173","Hittnau",173,173,50394,"FGA/AL/PDA",254,0,254
2023-10-22,"Nationalratswahl 2023","ZH173","Hittnau",173,173,50394,"EDU",1705,0,1705
2023-10-22,"Nationalratswahl 2023","ZH173","Hittnau",173,173,50394,"Übrige",2991,81,3072
2023-10-22,"Nationalratswahl 2023","ZH173","Hittnau",173,173,50394,"SD",64,0,64
2023-10-22,"Nationalratswahl 2023","ZH176","Lindau",176,176,63515,"SVP",24981,698,25679
2023-10-22,"Nationalratswahl 2023","ZH176","Lindau",176,176,63515,"SP",8292,349,8641
2023-10-22,"Nationalratswahl 2023","ZH176","Lindau",176,176,63515,"GP",3695,173,3868
2023-10-22,"Nationalratswahl 2023","ZH176","Lindau",176,176,63515,"GLP",5728,152,5880
2023-10-22,"Nationalratswahl 2023","ZH176","Lindau",176,176,63515,"FDP",7354,77,7431
2023-10-22,"Nationalratswahl 2023","ZH176","Lindau",176,176,63515,"Mitte",5123,178,5301
2023-10-22,"Nationalratswahl 2023","ZH176","Lindau",176,176,63515,"EVP",2328,32,2360
2023-10-22,"Nationalratswahl 2023","ZH176","Lindau",176,176,63515,"FGA/AL/PDA",95,0,95
2023-10-22,"Nationalratswahl 2023","ZH176","Lindau",176,176,63515,"EDU",2494,22,2516
2023-10-22,"Nationalratswahl 2023","ZH176","Lindau",176,176,63515,"Übrige",1346,140,1486
2023-10-22,"Nationalratswahl 2023","ZH176","Lindau",176,176,63515,"SD",258,0,258
2023-10-22,"Nationalratswahl 2023","ZH177","Pfäffikon",177,177,149807,"SVP",43657,1181,44838
2023-10-22,"Nationalratswahl 2023","ZH177","Pfäffikon",177,177,149807,"SP",22939,434,23373
2023-10-22,"Nationalratswahl 2023","ZH177","Pfäffikon",177,177,149807,"GP",12830,229,13059
2023-10-22,"Nationalratswahl 2023","ZH177","Pfäffikon",177,177,149807,"GLP",16526,512,17038
2023-10-22,"Nationalratswahl 2023","ZH177","Pfäffikon",177,177,149807,"FDP",15053,607,15660
2023-10-22,"Nationalratswahl 2023","ZH177","Pfäffikon",177,177,149807,"Mitte",13745,599,14344
2023-10-22,"Nationalratswahl 2023","ZH177","Pfäffikon",177,177,149807,"EVP",10521,268,10789
2023-10-22,"Nationalratswahl 2023","ZH177","Pfäffikon",177,177,149807,"FGA/AL/PDA",769,0,769
2023-10-22,"Nationalratswahl 2023","ZH177","Pfäffikon",177,177,149807,"EDU",3478,39,3517
2023-10-22,"Nationalratswahl 2023","ZH177","Pfäffikon",177,177,149807,"Übrige",6141,200,6341
2023-10-22,"Nationalratswahl 2023","ZH177","Pfäffikon",177,177,149807,"SD",79,0,79
2023-10-22,"Nationalratswahl 2023","ZH178","Russikon",178,178,60666,"SVP",25653,345,25998
2023-10-22,"Nationalratswahl 2023","ZH178","Russikon",178,178,60666,"SP",5691,192,5883
2023-10-22,"Nationalratswahl 2023","ZH178","Russikon",178,178,60666,"GP",3279,25,3304
2023-10-22,"Nationalratswahl 2023","ZH178","Russikon",178,178,60666,"GLP",5857,44,5901
2023-10-22,"Nationalratswahl 2023","ZH178","Russikon",178,178,60666,"FDP",8218,222,8440
2023-10-22,"Nationalratswahl 2023","ZH178","Russikon",178,178,60666,"Mitte",4656,227,4883
2023-10-22,"Nationalratswahl 2023","ZH178","Russikon",178,178,60666,"EVP",2362,34,2396
2023-10-22,"Nationalratswahl 2023","ZH178","Russikon",178,178,60666,"FGA/AL/PDA",180,0,180
2023-10-22,"Nationalratswahl 2023","ZH178","Russikon",178,178,60666,"EDU",1305,25,1330
2023-10-22,"Nationalratswahl 2023","ZH178","Russikon",178,178,60666,"Übrige",2280,52,2332
2023-10-22,"Nationalratswahl 2023","ZH178","Russikon",178,178,60666,"SD",19,0,19
2023-10-22,"Nationalratswahl 2023","ZH180","Weisslingen",180,180,44549,"SVP",18601,209,18810
2023-10-22,"Nationalratswahl 2023","ZH180","Weisslingen",180,180,44549,"SP",5034,93,5127
2023-10-22,"Nationalratswahl 2023","ZH180","Weisslingen",180,180,44549,"GP",2405,81,2486
2023-10-22,"Nationalratswahl 2023","ZH180","Weisslingen",180,180,44549,"GLP",5936,181,6117
2023-10-22,"Nationalratswahl 2023","ZH180","Weisslingen",180,180,44549,"FDP",3722,95,3817
2023-10-22,"Nationalratswahl 2023","ZH180","Weisslingen",180,180,44549,"Mitte",3487,139,3626
2023-10-22,"Nationalratswahl 2023","ZH180","Weisslingen",180,180,44549,"EVP",1780,57,1837
2023-10-22,"Nationalratswahl 2023","ZH180","Weisslingen",180,180,44549,"FGA/AL/PDA",128,0,128
2023-10-22,"Nationalratswahl 2023","ZH180","Weisslingen",180,180,44549,"EDU",1048,1,1049
2023-10-22,"Nationalratswahl 2023","ZH180","Weisslingen",180,180,44549,"Übrige",1370,62,1432
2023-10-22,"Nationalratswahl 2023","ZH180","Weisslingen",180,180,44549,"SD",119,1,120
2023-10-22,"Nationalratswahl 2023","ZH181","Wila",181,181,23777,"SVP",11806,116,11922
2023-10-22,"Nationalratswahl 2023","ZH181","Wila",181,181,23777,"SP",2508,47,2555
2023-10-22,"Nationalratswahl 2023","ZH181","Wila",181,181,23777,"GP",1547,0,1547
2023-10-22,"Nationalratswahl 2023","ZH181","Wila",181,181,23777,"GLP",1902,17,1919
2023-10-22,"Nationalratswahl 2023","ZH181","Wila",181,181,23777,"FDP",1247,30,1277
2023-10-22,"Nationalratswahl 2023","ZH181","Wila",181,181,23777,"Mitte",1533,76,1609
2023-10-22,"Nationalratswahl 2023","ZH181","Wila",181,181,23777,"EVP",791,36,827
2023-10-22,"Nationalratswahl 2023","ZH181","Wila",181,181,23777,"FGA/AL/PDA",110,0,110
2023-10-22,"Nationalratswahl 2023","ZH181","Wila",181,181,23777,"EDU",888,0,888
2023-10-22,"Nationalratswahl 2023","ZH181","Wila",181,181,23777,"Übrige",1114,4,1118
2023-10-22,"Nationalratswahl 2023","ZH181","Wila",181,181,23777,"SD",5,0,5
2023-10-22,"Nationalratswahl 2023","ZH182","Wildberg",182,182,14177,"SVP",7082,186,7268
2023-10-22,"Nationalratswahl 2023","ZH182","Wildberg",182,182,14177,"SP",1587,26,1613
2023-10-22,"Nationalratswahl 2023","ZH182","Wildberg",182,182,14177,"GP",545,0,545
2023-10-22,"Nationalratswahl 2023","ZH182","Wildberg",182,182,14177,"GLP",1212,11,1223
2023-10-22,"Nationalratswahl 2023","ZH182","Wildberg",182,182,14177,"FDP",1236,7,1243
2023-10-22,"Nationalratswahl 2023","ZH182","Wildberg",182,182,14177,"Mitte",835,0,835
2023-10-22,"Nationalratswahl 2023","ZH182","Wildberg",182,182,14177,"EVP",435,0,435
2023-10-22,"Nationalratswahl 2023","ZH182","Wildberg",182,182,14177,"FGA/AL/PDA",151,0,151
2023-10-22,"Nationalratswahl 2023","ZH182","Wildberg",182,182,14177,"EDU",296,1,297
2023-10-22,"Nationalratswahl 2023","ZH182","Wildberg",182,182,14177,"Übrige",551,16,567
2023-10-22,"Nationalratswahl 2023","ZH182","Wildberg",182,182,14177,"SD",0,0,0
2023-10-22,"Nationalratswahl 2023","ZH191","Dübendorf",191,191,232823,"SVP",70386,1853,72239
2023-10-22,"Nationalratswahl 2023","ZH191","Dübendorf",191,191,232823,"SP",40744,1019,41763
2023-10-22,"Nationalratswahl 2023","ZH191","Dübendorf",191,191,232823,"GP",16638,607,17245
2023-10-22,"Nationalratswahl 2023","ZH191","Dübendorf",191,191,232823,"GLP",35513,669,36182
2023-10-22,"Nationalratswahl 2023","ZH191","Dübendorf",191,191,232823,"FDP",23606,826,24432
2023-10-22,"Nationalratswahl 2023","ZH191","Dübendorf",191,191,232823,"Mitte",22188,636,22824
2023-10-22,"Nationalratswahl 2023","ZH191","Dübendorf",191,191,232823,"EVP",5037,100,5137
2023-10-22,"Nationalratswahl 2023","ZH191","Dübendorf",191,191,232823,"FGA/AL/PDA",1839,25,1864
2023-10-22,"Nationalratswahl 2023","ZH191","Dübendorf",191,191,232823,"EDU",2848,2,2850
2023-10-22,"Nationalratswahl 2023","ZH191","Dübendorf",191,191,232823,"Übrige",6834,938,7772
2023-10-22,"Nationalratswahl 2023","ZH191","Dübendorf",191,191,232823,"SD",514,1,515
2023-10-22,"Nationalratswahl 2023","ZH192","Egg",192,192,100973,"SVP",34589,285,34874
2023-10-22,"Nationalratswahl 2023","ZH192","Egg",192,192,100973,"SP",14397,299,14696
2023-10-22,"Nationalratswahl 2023","ZH192","Egg",192,192,100973,"GP",7611,94,7705
2023-10-22,"Nationalratswahl 2023","ZH192","Egg",192,192,100973,"GLP",11731,315,12046
2023-10-22,"Nationalratswahl 2023","ZH192","Egg",192,192,100973,"FDP",14314,295,14609
2023-10-22,"Nationalratswahl 2023","ZH192","Egg",192,192,100973,"Mitte",8919,187,9106
2023-10-22,"Nationalratswahl 2023","ZH192","Egg",192,192,100973,"EVP",2546,86,2632
2023-10-22,"Nationalratswahl 2023","ZH192","Egg",192,192,100973,"FGA/AL/PDA",287,0,287
2023-10-22,"Nationalratswahl 2023","ZH192","Egg",192,192,100973,"EDU",1232,36,1268
2023-10-22,"Nationalratswahl 2023","ZH192","Egg",192,192,100973,"Übrige",3554,77,3631
2023-10-22,"Nationalratswahl 2023","ZH192","Egg",192,192,100973,"SD",119,0,119
2023-10-22,"Nationalratswahl 2023","ZH193","Fällanden",193,193,89697,"SVP",26333,715,27048
2023-10-22,"Nationalratswahl 2023","ZH193","Fällanden",193,193,89697,"SP",15391,297,15688
2023-10-22,"Nationalratswahl 2023","ZH193","Fällanden",193,193,89697,"GP",6752,50,6802
2023-10-22,"Nationalratswahl 2023","ZH193","Fällanden",193,193,89697,"GLP",10989,349,11338
2023-10-22,"Nationalratswahl 2023","ZH193","Fällanden",193,193,89697,"FDP",14293,262,14555
2023-10-22,"Nationalratswahl 2023","ZH193","Fällanden",193,193,89697,"Mitte",8142,275,8417
2023-10-22,"Nationalratswahl 2023","ZH193","Fällanden",193,193,89697,"EVP",1663,10,1673
2023-10-22,"Nationalratswahl 2023","ZH193","Fällanden",193,193,89697,"FGA/AL/PDA",558,0,558
2023-10-22,"Nationalratswahl 2023","ZH193","Fällanden",193,193,89697,"EDU",663,2,665
2023-10-22,"Nationalratswahl 2023","ZH193","Fällanden",193,193,89697,"Übrige",2703,218,2921
2023-10-22,"Nationalratswahl 2023","ZH193","Fällanden",193,193,89697,"SD",32,0,32
2023-10-22,"Nationalratswahl 2023","ZH194","Greifensee",194,194,58626,"SVP",14384,207,14591
2023-10-22,"Nationalratswahl 2023","ZH194","Greifensee",194,194,58626,"SP",11601,295,11896
2023-10-22,"Nationalratswahl 2023","ZH194","Greifensee",194,194,58626,"GP",5696,57,5753
2023-10-22,"Nationalratswahl 2023","ZH194","Greifensee",194,194,58626,"GLP",8082,332,8414
2023-10-22,"Nationalratswahl 2023","ZH194","Greifensee",194,194,58626,"FDP",7800,276,8076
2023-10-22,"Nationalratswahl 2023","ZH194","Greifensee",194,194,58626,"Mitte",4843,163,5006
2023-10-22,"Nationalratswahl 2023","ZH194","Greifensee",194,194,58626,"EVP",1705,8,1713
2023-10-22,"Nationalratswahl 2023","ZH194","Greifensee",194,194,58626,"FGA/AL/PDA",253,0,253
2023-10-22,"Nationalratswahl 2023","ZH194","Greifensee",194,194,58626,"EDU",1295,0,1295
2023-10-22,"Nationalratswahl 2023","ZH194","Greifensee",194,194,58626,"Übrige",1536,87,1623
2023-10-22,"Nationalratswahl 2023","ZH194","Greifensee",194,194,58626,"SD",6,0,6
2023-10-22,"Nationalratswahl 2023","ZH195","Maur",195,195,128936,"SVP",39384,613,39997
2023-10-22,"Nationalratswahl 2023","ZH195","Maur",195,195,128936,"SP",17115,266,17381
2023-10-22,"Nationalratswahl 2023","ZH195","Maur",195,195,128936,"GP",7804,230,8034
2023-10-22,"Nationalratswahl 2023","ZH195","Maur",195,195,128936,"GLP",16815,392,17207
2023-10-22,"Nationalratswahl 2023","ZH195","Maur",195,195,128936,"FDP",24145,473,24618
2023-10-22,"Nationalratswahl 2023","ZH195","Maur",195,195,128936,"Mitte",12230,350,12580
2023-10-22,"Nationalratswahl 2023","ZH195","Maur",195,195,128936,"EVP",2589,102,2691
2023-10-22,"Nationalratswahl 2023","ZH195","Maur",195,195,128936,"FGA/AL/PDA",435,0,435
2023-10-22,"Nationalratswahl 2023","ZH195","Maur",195,195,128936,"EDU",2231,49,2280
2023-10-22,"Nationalratswahl 2023","ZH195","Maur",195,195,128936,"Übrige",3464,228,3692
2023-10-22,"Nationalratswahl 2023","ZH195","Maur",195,195,128936,"SD",21,0,21
2023-10-22,"Nationalratswahl 2023","ZH196","Mönchaltorf",196,196,48571,"SVP",16769,227,16996
2023-10-22,"Nationalratswahl 2023","ZH196","Mönchaltorf",196,196,48571,"SP",8374,254,8628
2023-10-22,"Nationalratswahl 2023","ZH196","Mönchaltorf",196,196,48571,"GP",3387,73,3460
2023-10-22,"Nationalratswahl 2023","ZH196","Mönchaltorf",196,196,48571,"GLP",5396,103,5499
2023-10-22,"Nationalratswahl 2023","ZH196","Mönchaltorf",196,196,48571,"FDP",5544,129,5673
2023-10-22,"Nationalratswahl 2023","ZH196","Mönchaltorf",196,196,48571,"Mitte",3512,91,3603
2023-10-22,"Nationalratswahl 2023","ZH196","Mönchaltorf",196,196,48571,"EVP",1277,0,1277
2023-10-22,"Nationalratswahl 2023","ZH196","Mönchaltorf",196,196,48571,"FGA/AL/PDA",210,32,242
2023-10-22,"Nationalratswahl 2023","ZH196","Mönchaltorf",196,196,48571,"EDU",1336,10,1346
2023-10-22,"Nationalratswahl 2023","ZH196","Mönchaltorf",196,196,48571,"Übrige",1644,136,1780
2023-10-22,"Nationalratswahl 2023","ZH196","Mönchaltorf",196,196,48571,"SD",67,0,67
2023-10-22,"Nationalratswahl 2023","ZH197","Schwerzenbach",197,197,49483,"SVP",12914,287,13201
2023-10-22,"Nationalratswahl 2023","ZH197","Schwerzenbach",197,197,49483,"SP",8132,163,8295
2023-10-22,"Nationalratswahl 2023","ZH197","Schwerzenbach",197,197,49483,"GP",5378,57,5435
2023-10-22,"Nationalratswahl 2023","ZH197","Schwerzenbach",197,197,49483,"GLP",7789,228,8017
2023-10-22,"Nationalratswahl 2023","ZH197","Schwerzenbach",197,197,49483,"FDP",5865,129,5994
2023-10-22,"Nationalratswahl 2023","ZH197","Schwerzenbach",197,197,49483,"Mitte",4226,203,4429
2023-10-22,"Nationalratswahl 2023","ZH197","Schwerzenbach",197,197,49483,"EVP",1573,41,1614
2023-10-22,"Nationalratswahl 2023","ZH197","Schwerzenbach",197,197,49483,"FGA/AL/PDA",142,0,142
2023-10-22,"Nationalratswahl 2023","ZH197","Schwerzenbach",197,197,49483,"EDU",444,0,444
2023-10-22,"Nationalratswahl 2023","ZH197","Schwerzenbach",197,197,49483,"Übrige",1822,80,1902
2023-10-22,"Nationalratswahl 2023","ZH197","Schwerzenbach",197,197,49483,"SD",10,0,10
2023-10-22,"Nationalratswahl 2023","ZH198","Uster",198,198,404423,"SVP",100662,1232,101894
2023-10-22,"Nationalratswahl 2023","ZH198","Uster",198,198,404423,"SP",83746,1488,85234
2023-10-22,"Nationalratswahl 2023","ZH198","Uster",198,198,404423,"GP",44840,766,45606
2023-10-22,"Nationalratswahl 2023","ZH198","Uster",198,198,404423,"GLP",57867,932,58799
2023-10-22,"Nationalratswahl 2023","ZH198","Uster",198,198,404423,"FDP",43369,945,44314
2023-10-22,"Nationalratswahl 2023","ZH198","Uster",198,198,404423,"Mitte",30487,856,31343
2023-10-22,"Nationalratswahl 2023","ZH198","Uster",198,198,404423,"EVP",13541,124,13665
2023-10-22,"Nationalratswahl 2023","ZH198","Uster",198,198,404423,"FGA/AL/PDA",3535,15,3550
2023-10-22,"Nationalratswahl 2023","ZH198","Uster",198,198,404423,"EDU",7777,104,7881
2023-10-22,"Nationalratswahl 2023","ZH198","Uster",198,198,404423,"Übrige",11446,344,11790
2023-10-22,"Nationalratswahl 2023","ZH198","Uster",198,198,404423,"SD",279,68,347
2023-10-22,"Nationalratswahl 2023","ZH199","Volketswil",199,199,153816,"SVP",65479,1356,66835
2023-10-22,"Nationalratswahl 2023","ZH199","Volketswil",199,199,153816,"SP",19849,699,20548
2023-10-22,"Nationalratswahl 2023","ZH199","Volketswil",199,199,153816,"GP",8453,174,8627
2023-10-22,"Nationalratswahl 2023","ZH199","Volketswil",199,199,153816,"GLP",16850,436,17286
2023-10-22,"Nationalratswahl 2023","ZH199","Volketswil",199,199,153816,"FDP",9638,1054,10692
2023-10-22,"Nationalratswahl 2023","ZH199","Volketswil",199,199,153816,"Mitte",18247,1241,19488
2023-10-22,"Nationalratswahl 2023","ZH199","Volketswil",199,199,153816,"EVP",2098,197,2295
2023-10-22,"Nationalratswahl 2023","ZH199","Volketswil",199,199,153816,"FGA/AL/PDA",475,0,475
2023-10-22,"Nationalratswahl 2023","ZH199","Volketswil",199,199,153816,"EDU",2111,30,2141
2023-10-22,"Nationalratswahl 2023","ZH199","Volketswil",199,199,153816,"Übrige",4746,452,5198
2023-10-22,"Nationalratswahl 2023","ZH199","Volketswil",199,199,153816,"SD",209,22,231
2023-10-22,"Nationalratswahl 2023","ZH200","Wangen-Brüttisellen",200,200,66739,"SVP",25592,460,26052
2023-10-22,"Nationalratswahl 2023","ZH200","Wangen-Brüttisellen",200,200,66739,"SP",8401,242,8643
2023-10-22,"Nationalratswahl 2023","ZH200","Wangen-Brüttisellen",200,200,66739,"GP",3313,75,3388
2023-10-22,"Nationalratswahl 2023","ZH200","Wangen-Brüttisellen",200,200,66739,"GLP",8224,223,8447
2023-10-22,"Nationalratswahl 2023","ZH200","Wangen-Brüttisellen",200,200,66739,"FDP",9763,177,9940
2023-10-22,"Nationalratswahl 2023","ZH200","Wangen-Brüttisellen",200,200,66739,"Mitte",5752,176,5928
2023-10-22,"Nationalratswahl 2023","ZH200","Wangen-Brüttisellen",200,200,66739,"EVP",1077,78,1155
2023-10-22,"Nationalratswahl 2023","ZH200","Wangen-Brüttisellen",200,200,66739,"FGA/AL/PDA",239,0,239
2023-10-22,"Nationalratswahl 2023","ZH200","Wangen-Brüttisellen",200,200,66739,"EDU",986,0,986
2023-10-22,"Nationalratswahl 2023","ZH200","Wangen-Brüttisellen",200,200,66739,"Übrige",1738,130,1868
2023-10-22,"Nationalratswahl 2023","ZH200","Wangen-Brüttisellen",200,200,66739,"SD",88,5,93
2023-10-22,"Nationalratswahl 2023","ZH211","Altikon",211,211,11051,"SVP",6070,104,6174
2023-10-22,"Nationalratswahl 2023","ZH211","Altikon",211,211,11051,"SP",1203,34,1237
2023-10-22,"Nationalratswahl 2023","ZH211","Altikon",211,211,11051,"GP",381,22,403
2023-10-22,"Nationalratswahl 2023","ZH211","Altikon",211,211,11051,"GLP",496,16,512
2023-10-22,"Nationalratswahl 2023","ZH211","Altikon",211,211,11051,"FDP",857,27,884
2023-10-22,"Nationalratswahl 2023","ZH211","Altikon",211,211,11051,"Mitte",749,47,796
2023-10-22,"Nationalratswahl 2023","ZH211","Altikon",211,211,11051,"EVP",342,23,365
2023-10-22,"Nationalratswahl 2023","ZH211","Altikon",211,211,11051,"FGA/AL/PDA",7,0,7
2023-10-22,"Nationalratswahl 2023","ZH211","Altikon",211,211,11051,"EDU",107,0,107
2023-10-22,"Nationalratswahl 2023","ZH211","Altikon",211,211,11051,"Übrige",566,0,566
2023-10-22,"Nationalratswahl 2023","ZH211","Altikon",211,211,11051,"SD",0,0,0
2023-10-22,"Nationalratswahl 2023","ZH213","Brütten",213,213,32832,"SVP",11960,204,12164
2023-10-22,"Nationalratswahl 2023","ZH213","Brütten",213,213,32832,"SP",3354,78,3432
2023-10-22,"Nationalratswahl 2023","ZH213","Brütten",213,213,32832,"GP",1415,34,1449
2023-10-22,"Nationalratswahl 2023","ZH213","Brütten",213,213,32832,"GLP",4235,127,4362
2023-10-22,"Nationalratswahl 2023","ZH213","Brütten",213,213,32832,"FDP",5959,250,6209
2023-10-22,"Nationalratswahl 2023","ZH213","Brütten",213,213,32832,"Mitte",2778,147,2925
2023-10-22,"Nationalratswahl 2023","ZH213","Brütten",213,213,32832,"EVP",803,13,816
2023-10-22,"Nationalratswahl 2023","ZH213","Brütten",213,213,32832,"FGA/AL/PDA",48,0,48
2023-10-22,"Nationalratswahl 2023","ZH213","Brütten",213,213,32832,"EDU",547,36,583
2023-10-22,"Nationalratswahl 2023","ZH213","Brütten",213,213,32832,"Übrige",727,34,761
2023-10-22,"Nationalratswahl 2023","ZH213","Brütten",213,213,32832,"SD",83,0,83
2023-10-22,"Nationalratswahl 2023","ZH214","Dägerlen",214,214,16658,"SVP",7008,147,7155
2023-10-22,"Nationalratswahl 2023","ZH214","Dägerlen",214,214,16658,"SP",2016,71,2087
2023-10-22,"Nationalratswahl 2023","ZH214","Dägerlen",214,214,16658,"GP",1338,4,1342
2023-10-22,"Nationalratswahl 2023","ZH214","Dägerlen",214,214,16658,"GLP",1968,86,2054
2023-10-22,"Nationalratswahl 2023","ZH214","Dägerlen",214,214,16658,"FDP",1326,18,1344
2023-10-22,"Nationalratswahl 2023","ZH214","Dägerlen",214,214,16658,"Mitte",718,45,763
2023-10-22,"Nationalratswahl 2023","ZH214","Dägerlen",214,214,16658,"EVP",652,6,658
2023-10-22,"Nationalratswahl 2023","ZH214","Dägerlen",214,214,16658,"FGA/AL/PDA",92,0,92
2023-10-22,"Nationalratswahl 2023","ZH214","Dägerlen",214,214,16658,"EDU",464,1,465
2023-10-22,"Nationalratswahl 2023","ZH214","Dägerlen",214,214,16658,"Übrige",614,7,621
2023-10-22,"Nationalratswahl 2023","ZH214","Dägerlen",214,214,16658,"SD",77,0,77
2023-10-22,"Nationalratswahl 2023","ZH215","Dättlikon",215,215,13438,"SVP",4704,35,4739
2023-10-22,"Nationalratswahl 2023","ZH215","Dättlikon",215,215,13438,"SP",1735,135,1870
2023-10-22,"Nationalratswahl 2023","ZH215","Dättlikon",215,215,13438,"GP",794,75,869
2023-10-22,"Nationalratswahl 2023","ZH215","Dättlikon",215,215,13438,"GLP",1331,39,1370
2023-10-22,"Nationalratswahl 2023","ZH215","Dättlikon",215,215,13438,"FDP",1874,38,1912
2023-10-22,"Nationalratswahl 2023","ZH215","Dättlikon",215,215,13438,"Mitte",1108,30,1138
2023-10-22,"Nationalratswahl 2023","ZH215","Dättlikon",215,215,13438,"EVP",707,2,709
2023-10-22,"Nationalratswahl 2023","ZH215","Dättlikon",215,215,13438,"FGA/AL/PDA",58,0,58
2023-10-22,"Nationalratswahl 2023","ZH215","Dättlikon",215,215,13438,"EDU",113,0,113
2023-10-22,"Nationalratswahl 2023","ZH215","Dättlikon",215,215,13438,"Übrige",595,29,624
2023-10-22,"Nationalratswahl 2023","ZH215","Dättlikon",215,215,13438,"SD",36,0,36
2023-10-22,"Nationalratswahl 2023","ZH216","Dinhard",216,216,26018,"SVP",11627,204,11831
2023-10-22,"Nationalratswahl 2023","ZH216","Dinhard",216,216,26018,"SP",2523,41,2564
2023-10-22,"Nationalratswahl 2023","ZH216","Dinhard",216,216,26018,"GP",1738,14,1752
2023-10-22,"Nationalratswahl 2023","ZH216","Dinhard",216,216,26018,"GLP",2251,107,2358
2023-10-22,"Nationalratswahl 2023","ZH216","Dinhard",216,216,26018,"FDP",2555,3,2558
2023-10-22,"Nationalratswahl 2023","ZH216","Dinhard",216,216,26018,"Mitte",1970,48,2018
2023-10-22,"Nationalratswahl 2023","ZH216","Dinhard",216,216,26018,"EVP",720,0,720
2023-10-22,"Nationalratswahl 2023","ZH216","Dinhard",216,216,26018,"FGA/AL/PDA",130,0,130
2023-10-22,"Nationalratswahl 2023","ZH216","Dinhard",216,216,26018,"EDU",1026,1,1027
2023-10-22,"Nationalratswahl 2023","ZH216","Dinhard",216,216,26018,"Übrige",935,75,1010
2023-10-22,"Nationalratswahl 2023","ZH216","Dinhard",216,216,26018,"SD",50,0,50
2023-10-22,"Nationalratswahl 2023","ZH218","Ellikon a.d.Thur",218,218,12795,"SVP",5253,126,5379
2023-10-22,"Nationalratswahl 2023","ZH218","Ellikon a.d.Thur",218,218,12795,"SP",1474,4,1478
2023-10-22,"Nationalratswahl 2023","ZH218","Ellikon a.d.Thur",218,218,12795,"GP",780,3,783
2023-10-22,"Nationalratswahl 2023","ZH218","Ellikon a.d.Thur",218,218,12795,"GLP",1533,19,1552
2023-10-22,"Nationalratswahl 2023","ZH218","Ellikon a.d.Thur",218,218,12795,"FDP",1169,0,1169
2023-10-22,"Nationalratswahl 2023","ZH218","Ellikon a.d.Thur",218,218,12795,"Mitte",1117,37,1154
2023-10-22,"Nationalratswahl 2023","ZH218","Ellikon a.d.Thur",218,218,12795,"EVP",359,1,360
2023-10-22,"Nationalratswahl 2023","ZH218","Ellikon a.d.Thur",218,218,12795,"FGA/AL/PDA",79,0,79
2023-10-22,"Nationalratswahl 2023","ZH218","Ellikon a.d.Thur",218,218,12795,"EDU",313,0,313
2023-10-22,"Nationalratswahl 2023","ZH218","Ellikon a.d.Thur",218,218,12795,"Übrige",468,49,517
2023-10-22,"Nationalratswahl 2023","ZH218","Ellikon a.d.Thur",218,218,12795,"SD",11,0,11
2023-10-22,"Nationalratswahl 2023","ZH219","Elsau",219,219,45529,"SVP",16471,250,16721
2023-10-22,"Nationalratswahl 2023","ZH219","Elsau",219,219,45529,"SP",6550,93,6643
2023-10-22,"Nationalratswahl 2023","ZH219","Elsau",219,219,45529,"GP",3452,190,3642
2023-10-22,"Nationalratswahl 2023","ZH219","Elsau",219,219,45529,"GLP",5671,111,5782
2023-10-22,"Nationalratswahl 2023","ZH219","Elsau",219,219,45529,"FDP",4928,67,4995
2023-10-22,"Nationalratswahl 2023","ZH219","Elsau",219,219,45529,"Mitte",3424,94,3518
2023-10-22,"Nationalratswahl 2023","ZH219","Elsau",219,219,45529,"EVP",1446,34,1480
2023-10-22,"Nationalratswahl 2023","ZH219","Elsau",219,219,45529,"FGA/AL/PDA",370,0,370
2023-10-22,"Nationalratswahl 2023","ZH219","Elsau",219,219,45529,"EDU",1039,0,1039
2023-10-22,"Nationalratswahl 2023","ZH219","Elsau",219,219,45529,"Übrige",1224,72,1296
2023-10-22,"Nationalratswahl 2023","ZH219","Elsau",219,219,45529,"SD",43,0,43
2023-10-22,"Nationalratswahl 2023","ZH220","Hagenbuch",220,220,13160,"SVP",7416,139,7555
2023-10-22,"Nationalratswahl 2023","ZH220","Hagenbuch",220,220,13160,"SP",1470,45,1515
2023-10-22,"Nationalratswahl 2023","ZH220","Hagenbuch",220,220,13160,"GP",362,0,362
2023-10-22,"Nationalratswahl 2023","ZH220","Hagenbuch",220,220,13160,"GLP",859,12,871
2023-10-22,"Nationalratswahl 2023","ZH220","Hagenbuch",220,220,13160,"FDP",588,144,732
2023-10-22,"Nationalratswahl 2023","ZH220","Hagenbuch",220,220,13160,"Mitte",904,3,907
2023-10-22,"Nationalratswahl 2023","ZH220","Hagenbuch",220,220,13160,"EVP",311,18,329
2023-10-22,"Nationalratswahl 2023","ZH220","Hagenbuch",220,220,13160,"FGA/AL/PDA",47,0,47
2023-10-22,"Nationalratswahl 2023","ZH220","Hagenbuch",220,220,13160,"EDU",131,0,131
2023-10-22,"Nationalratswahl 2023","ZH220","Hagenbuch",220,220,13160,"Übrige",674,1,675
2023-10-22,"Nationalratswahl 2023","ZH220","Hagenbuch",220,220,13160,"SD",36,0,36
2023-10-22,"Nationalratswahl 2023","ZH221","Hettlingen",221,221,48304,"SVP",15868,796,16664
2023-10-22,"Nationalratswahl 2023","ZH221","Hettlingen",221,221,48304,"SP",5352,129,5481
2023-10-22,"Nationalratswahl 2023","ZH221","Hettlingen",221,221,48304,"GP",3449,6,3455
2023-10-22,"Nationalratswahl 2023","ZH221","Hettlingen",221,221,48304,"GLP",7985,94,8079
2023-10-22,"Nationalratswahl 2023","ZH221","Hettlingen",221,221,48304,"FDP",6239,284,6523
2023-10-22,"Nationalratswahl 2023","ZH221","Hettlingen",221,221,48304,"Mitte",3805,46,3851
2023-10-22,"Nationalratswahl 2023","ZH221","Hettlingen",221,221,48304,"EVP",2158,7,2165
2023-10-22,"Nationalratswahl 2023","ZH221","Hettlingen",221,221,48304,"FGA/AL/PDA",247,0,247
2023-10-22,"Nationalratswahl 2023","ZH221","Hettlingen",221,221,48304,"EDU",429,1,430
2023-10-22,"Nationalratswahl 2023","ZH221","Hettlingen",221,221,48304,"Übrige",1359,41,1400
2023-10-22,"Nationalratswahl 2023","ZH221","Hettlingen",221,221,48304,"SD",9,0,9
2023-10-22,"Nationalratswahl 2023","ZH223","Neftenbach",223,223,71295,"SVP",25752,448,26200
2023-10-22,"Nationalratswahl 2023","ZH223","Neftenbach",223,223,71295,"SP",9543,343,9886
2023-10-22,"Nationalratswahl 2023","ZH223","Neftenbach",223,223,71295,"GP",3492,77,3569
2023-10-22,"Nationalratswahl 2023","ZH223","Neftenbach",223,223,71295,"GLP",7995,323,8318
2023-10-22,"Nationalratswahl 2023","ZH223","Neftenbach",223,223,71295,"FDP",10223,290,10513
2023-10-22,"Nationalratswahl 2023","ZH223","Neftenbach",223,223,71295,"Mitte",5364,229,5593
2023-10-22,"Nationalratswahl 2023","ZH223","Neftenbach",223,223,71295,"EVP",3008,116,3124
2023-10-22,"Nationalratswahl 2023","ZH223","Neftenbach",223,223,71295,"FGA/AL/PDA",216,0,216
2023-10-22,"Nationalratswahl 2023","ZH223","Neftenbach",223,223,71295,"EDU",1670,2,1672
2023-10-22,"Nationalratswahl 2023","ZH223","Neftenbach",223,223,71295,"Übrige",2126,45,2171
2023-10-22,"Nationalratswahl 2023","ZH223","Neftenbach",223,223,71295,"SD",32,1,33
2023-10-22,"Nationalratswahl 2023","ZH224","Pfungen",224,224,33562,"SVP",11840,253,12093
2023-10-22,"Nationalratswahl 2023","ZH224","Pfungen",224,224,33562,"SP",5892,238,6130
2023-10-22,"Nationalratswahl 2023","ZH224","Pfungen",224,224,33562,"GP",2518,90,2608
2023-10-22,"Nationalratswahl 2023","ZH224","Pfungen",224,224,33562,"GLP",4274,114,4388
2023-10-22,"Nationalratswahl 2023","ZH224","Pfungen",224,224,33562,"FDP",2551,71,2622
2023-10-22,"Nationalratswahl 2023","ZH224","Pfungen",224,224,33562,"Mitte",2151,39,2190
2023-10-22,"Nationalratswahl 2023","ZH224","Pfungen",224,224,33562,"EVP",1340,1,1341
2023-10-22,"Nationalratswahl 2023","ZH224","Pfungen",224,224,33562,"FGA/AL/PDA",242,7,249
2023-10-22,"Nationalratswahl 2023","ZH224","Pfungen",224,224,33562,"EDU",533,23,556
2023-10-22,"Nationalratswahl 2023","ZH224","Pfungen",224,224,33562,"Übrige",1235,40,1275
2023-10-22,"Nationalratswahl 2023","ZH224","Pfungen",224,224,33562,"SD",110,0,110
2023-10-22,"Nationalratswahl 2023","ZH225","Rickenbach",225,225,33499,"SVP",13025,414,13439
2023-10-22,"Nationalratswahl 2023","ZH225","Rickenbach",225,225,33499,"SP",3956,92,4048
2023-10-22,"Nationalratswahl 2023","ZH225","Rickenbach",225,225,33499,"GP",2450,7,2457
2023-10-22,"Nationalratswahl 2023","ZH225","Rickenbach",225,225,33499,"GLP",3566,174,3740
2023-10-22,"Nationalratswahl 2023","ZH225","Rickenbach",225,225,33499,"FDP",3133,121,3254
2023-10-22,"Nationalratswahl 2023","ZH225","Rickenbach",225,225,33499,"Mitte",3064,139,3203
2023-10-22,"Nationalratswahl 2023","ZH225","Rickenbach",225,225,33499,"EVP",1598,60,1658
2023-10-22,"Nationalratswahl 2023","ZH225","Rickenbach",225,225,33499,"FGA/AL/PDA",191,0,191
2023-10-22,"Nationalratswahl 2023","ZH225","Rickenbach",225,225,33499,"EDU",394,25,419
2023-10-22,"Nationalratswahl 2023","ZH225","Rickenbach",225,225,33499,"Übrige",980,99,1079
2023-10-22,"Nationalratswahl 2023","ZH225","Rickenbach",225,225,33499,"SD",11,0,11
2023-10-22,"Nationalratswahl 2023","ZH226","Schlatt",226,226,9608,"SVP",4188,105,4293
2023-10-22,"Nationalratswahl 2023","ZH226","Schlatt",226,226,9608,"SP",1111,0,1111
2023-10-22,"Nationalratswahl 2023","ZH226","Schlatt",226,226,9608,"GP",641,34,675
2023-10-22,"Nationalratswahl 2023","ZH226","Schlatt",226,226,9608,"GLP",1093,49,1142
2023-10-22,"Nationalratswahl 2023","ZH226","Schlatt",226,226,9608,"FDP",671,10,681
2023-10-22,"Nationalratswahl 2023","ZH226","Schlatt",226,226,9608,"Mitte",268,21,289
2023-10-22,"Nationalratswahl 2023","ZH226","Schlatt",226,226,9608,"EVP",216,77,293
2023-10-22,"Nationalratswahl 2023","ZH226","Schlatt",226,226,9608,"FGA/AL/PDA",167,0,167
2023-10-22,"Nationalratswahl 2023","ZH226","Schlatt",226,226,9608,"EDU",321,0,321
2023-10-22,"Nationalratswahl 2023","ZH226","Schlatt",226,226,9608,"Übrige",610,26,636
2023-10-22,"Nationalratswahl 2023","ZH226","Schlatt",226,226,9608,"SD",0,0,0
2023-10-22,"Nationalratswahl 2023","ZH227","Seuzach",227,227,95087,"SVP",33208,435,33643
2023-10-22,"Nationalratswahl 2023","ZH227","Seuzach",227,227,95087,"SP",12186,409,12595
2023-10-22,"Nationalratswahl 2023","ZH227","Seuzach",227,227,95087,"GP",4552,63,4615
2023-10-22,"Nationalratswahl 2023","ZH227","Seuzach",227,227,95087,"GLP",9879,216,10095
2023-10-22,"Nationalratswahl 2023","ZH227","Seuzach",227,227,95087,"FDP",14662,412,15074
2023-10-22,"Nationalratswahl 2023","ZH227","Seuzach",227,227,95087,"Mitte",8447,241,8688
2023-10-22,"Nationalratswahl 2023","ZH227","Seuzach",227,227,95087,"EVP",4442,42,4484
2023-10-22,"Nationalratswahl 2023","ZH227","Seuzach",227,227,95087,"FGA/AL/PDA",430,1,431
2023-10-22,"Nationalratswahl 2023","ZH227","Seuzach",227,227,95087,"EDU",2157,20,2177
2023-10-22,"Nationalratswahl 2023","ZH227","Seuzach",227,227,95087,"Übrige",3081,151,3232
2023-10-22,"Nationalratswahl 2023","ZH227","Seuzach",227,227,95087,"SD",53,0,53
2023-10-22,"Nationalratswahl 2023","ZH228","Turbenthal",228,228,49480,"SVP",19739,268,20007
2023-10-22,"Nationalratswahl 2023","ZH228","Turbenthal",228,228,49480,"SP",6755,214,6969
2023-10-22,"Nationalratswahl 2023","ZH228","Turbenthal",228,228,49480,"GP",2856,40,2896
2023-10-22,"Nationalratswahl 2023","ZH228","Turbenthal",228,228,49480,"GLP",3952,103,4055
2023-10-22,"Nationalratswahl 2023","ZH228","Turbenthal",228,228,49480,"FDP",3527,240,3767
2023-10-22,"Nationalratswahl 2023","ZH228","Turbenthal",228,228,49480,"Mitte",3124,165,3289
2023-10-22,"Nationalratswahl 2023","ZH228","Turbenthal",228,228,49480,"EVP",3280,107,3387
2023-10-22,"Nationalratswahl 2023","ZH228","Turbenthal",228,228,49480,"FGA/AL/PDA",316,68,384
2023-10-22,"Nationalratswahl 2023","ZH228","Turbenthal",228,228,49480,"EDU",1875,0,1875
2023-10-22,"Nationalratswahl 2023","ZH228","Turbenthal",228,228,49480,"Übrige",2660,100,2760
2023-10-22,"Nationalratswahl 2023","ZH228","Turbenthal",228,228,49480,"SD",91,0,91
2023-10-22,"Nationalratswahl 2023","ZH230K1","Winterthur Altstadt",230,1,320409,"SVP",29521,508,30029
2023-10-22,"Nationalratswahl 2023","ZH230K1","Winterthur Altstadt",230,1,320409,"SP",104294,1706,106000
2023-10-22,"Nationalratswahl 2023","ZH230K1","Winterthur Altstadt",230,1,320409,"GP",51202,789,51991
2023-10-22,"Nationalratswahl 2023","ZH230K1","Winterthur Altstadt",230,1,320409,"GLP",47777,751,48528
2023-10-22,"Nationalratswahl 2023","ZH230K1","Winterthur Altstadt",230,1,320409,"FDP",31670,827,32497
2023-10-22,"Nationalratswahl 2023","ZH230K1","Winterthur Altstadt",230,1,320409,"Mitte",21689,569,22258
2023-10-22,"Nationalratswahl 2023","ZH230K1","Winterthur Altstadt",230,1,320409,"EVP",9193,192,9385
2023-10-22,"Nationalratswahl 2023","ZH230K1","Winterthur Altstadt",230,1,320409,"FGA/AL/PDA",7902,214,8116
2023-10-22,"Nationalratswahl 2023","ZH230K1","Winterthur Altstadt",230,1,320409,"EDU",2582,18,2600
2023-10-22,"Nationalratswahl 2023","ZH230K1","Winterthur Altstadt",230,1,320409,"Übrige",8489,357,8846
2023-10-22,"Nationalratswahl 2023","ZH230K1","Winterthur Altstadt",230,1,320409,"SD",159,0,159
2023-10-22,"Nationalratswahl 2023","ZH230K2","Winterthur O'Winterthur",230,2,235511,"SVP",44547,908,45455
2023-10-22,"Nationalratswahl 2023","ZH230K2","Winterthur O'Winterthur",230,2,235511,"SP",56915,610,57525
2023-10-22,"Nationalratswahl 2023","ZH230K2","Winterthur O'Winterthur",230,2,235511,"GP",31446,540,31986
2023-10-22,"Nationalratswahl 2023","ZH230K2","Winterthur O'Winterthur",230,2,235511,"GLP",29024,281,29305
2023-10-22,"Nationalratswahl 2023","ZH230K2","Winterthur O'Winterthur",230,2,235511,"FDP",20811,644,21455
2023-10-22,"Nationalratswahl 2023","ZH230K2","Winterthur O'Winterthur",230,2,235511,"Mitte",19749,540,20289
2023-10-22,"Nationalratswahl 2023","ZH230K2","Winterthur O'Winterthur",230,2,235511,"EVP",10857,285,11142
2023-10-22,"Nationalratswahl 2023","ZH230K2","Winterthur O'Winterthur",230,2,235511,"FGA/AL/PDA",3547,30,3577
2023-10-22,"Nationalratswahl 2023","ZH230K2","Winterthur O'Winterthur",230,2,235511,"EDU",4115,40,4155
2023-10-22,"Nationalratswahl 2023","ZH230K2","Winterthur O'Winterthur",230,2,235511,"Übrige",9927,566,10493
2023-10-22,"Nationalratswahl 2023","ZH230K2","Winterthur O'Winterthur",230,2,235511,"SD",129,0,129
2023-10-22,"Nationalratswahl 2023","ZH230K3","Winterthur Seen",230,3,214043,"SVP",52497,647,53144
2023-10-22,"Nationalratswahl 2023","ZH230K3","Winterthur Seen",230,3,214043,"SP",40042,735,40777
2023-10-22,"Nationalratswahl 2023","ZH230K3","Winterthur Seen",230,3,214043,"GP",19763,380,20143
2023-10-22,"Nationalratswahl 2023","ZH230K3","Winterthur Seen",230,3,214043,"GLP",24962,563,25525
2023-10-22,"Nationalratswahl 2023","ZH230K3","Winterthur Seen",230,3,214043,"FDP",23170,937,24107
2023-10-22,"Nationalratswahl 2023","ZH230K3","Winterthur Seen",230,3,214043,"Mitte",20879,484,21363
2023-10-22,"Nationalratswahl 2023","ZH230K3","Winterthur Seen",230,3,214043,"EVP",13477,146,13623
2023-10-22,"Nationalratswahl 2023","ZH230K3","Winterthur Seen",230,3,214043,"FGA/AL/PDA",2238,41,2279
2023-10-22,"Nationalratswahl 2023","ZH230K3","Winterthur Seen",230,3,214043,"EDU",4787,151,4938
2023-10-22,"Nationalratswahl 2023","ZH230K3","Winterthur Seen",230,3,214043,"Übrige",7537,433,7970
2023-10-22,"Nationalratswahl 2023","ZH230K3","Winterthur Seen",230,3,214043,"SD",174,0,174
2023-10-22,"Nationalratswahl 2023","ZH230K4","Winterthur Töss",230,4,85282,"SVP",17130,143,17273
2023-10-22,"Nationalratswahl 2023","ZH230K4","Winterthur Töss",230,4,85282,"SP",24645,242,24887
2023-10-22,"Nationalratswahl 2023","ZH230K4","Winterthur Töss",230,4,85282,"GP",10085,278,10363
2023-10-22,"Nationalratswahl 2023","ZH230K4","Winterthur Töss",230,4,85282,"GLP",9378,165,9543
2023-10-22,"Nationalratswahl 2023","ZH230K4","Winterthur Töss",230,4,85282,"FDP",7047,680,7727
2023-10-22,"Nationalratswahl 2023","ZH230K4","Winterthur Töss",230,4,85282,"Mitte",6093,173,6266
2023-10-22,"Nationalratswahl 2023","ZH230K4","Winterthur Töss",230,4,85282,"EVP",2659,9,2668
2023-10-22,"Nationalratswahl 2023","ZH230K4","Winterthur Töss",230,4,85282,"FGA/AL/PDA",2070,33,2103
2023-10-22,"Nationalratswahl 2023","ZH230K4","Winterthur Töss",230,4,85282,"EDU",1358,0,1358
2023-10-22,"Nationalratswahl 2023","ZH230K4","Winterthur Töss",230,4,85282,"Übrige",2684,285,2969
2023-10-22,"Nationalratswahl 2023","ZH230K4","Winterthur Töss",230,4,85282,"SD",115,10,125
2023-10-22,"Nationalratswahl 2023","ZH230K5","Winterthur Veltheim",230,5,133577,"SVP",12128,293,12421
2023-10-22,"Nationalratswahl 2023","ZH230K5","Winterthur Veltheim",230,5,133577,"SP",44073,620,44693
2023-10-22,"Nationalratswahl 2023","ZH230K5","Winterthur Veltheim",230,5,133577,"GP",22929,358,23287
2023-10-22,"Nationalratswahl 2023","ZH230K5","Winterthur Veltheim",230,5,133577,"GLP",17674,326,18000
2023-10-22,"Nationalratswahl 2023","ZH230K5","Winterthur Veltheim",230,5,133577,"FDP",9680,255,9935
2023-10-22,"Nationalratswahl 2023","ZH230K5","Winterthur Veltheim",230,5,133577,"Mitte",9185,234,9419
2023-10-22,"Nationalratswahl 2023","ZH230K5","Winterthur Veltheim",230,5,133577,"EVP",6613,118,6731
2023-10-22,"Nationalratswahl 2023","ZH230K5","Winterthur Veltheim",230,5,133577,"FGA/AL/PDA",3089,16,3105
2023-10-22,"Nationalratswahl 2023","ZH230K5","Winterthur Veltheim",230,5,133577,"EDU",845,0,845
2023-10-22,"Nationalratswahl 2023","ZH230K5","Winterthur Veltheim",230,5,133577,"Übrige",4696,429,5125
2023-10-22,"Nationalratswahl 2023","ZH230K5","Winterthur Veltheim",230,5,133577,"SD",16,0,16
2023-10-22,"Nationalratswahl 2023","ZH230K6","Winterthur Wülflingen",230,6,142487,"SVP",34851,447,35298
2023-10-22,"Nationalratswahl 2023","ZH230K6","Winterthur Wülflingen",230,6,142487,"SP",36589,632,37221
2023-10-22,"Nationalratswahl 2023","ZH230K6","Winterthur Wülflingen",230,6,142487,"GP",15862,438,16300
2023-10-22,"Nationalratswahl 2023","ZH230K6","Winterthur Wülflingen",230,6,142487,"GLP",15194,194,15388
2023-10-22,"Nationalratswahl 2023","ZH230K6","Winterthur Wülflingen",230,6,142487,"FDP",12604,355,12959
2023-10-22,"Nationalratswahl 2023","ZH230K6","Winterthur Wülflingen",230,6,142487,"Mitte",11085,293,11378
2023-10-22,"Nationalratswahl 2023","ZH230K6","Winterthur Wülflingen",230,6,142487,"EVP",4194,65,4259
2023-10-22,"Nationalratswahl 2023","ZH230K6","Winterthur Wülflingen",230,6,142487,"FGA/AL/PDA",1772,68,1840
2023-10-22,"Nationalratswahl 2023","ZH230K6","Winterthur Wülflingen",230,6,142487,"EDU",1540,0,1540
2023-10-22,"Nationalratswahl 2023","ZH230K6","Winterthur Wülflingen",230,6,142487,"Übrige",5615,467,6082
2023-10-22,"Nationalratswahl 2023","ZH230K6","Winterthur Wülflingen",230,6,142487,"SD",196,26,222
2023-10-22,"Nationalratswahl 2023","ZH230K7","Winterthur Mattenbach",230,7,116455,"SVP",18939,321,19260
2023-10-22,"Nationalratswahl 2023","ZH230K7","Winterthur Mattenbach",230,7,116455,"SP",36732,465,37197
2023-10-22,"Nationalratswahl 2023","ZH230K7","Winterthur Mattenbach",230,7,116455,"GP",18068,236,18304
2023-10-22,"Nationalratswahl 2023","ZH230K7","Winterthur Mattenbach",230,7,116455,"GLP",12955,217,13172
2023-10-22,"Nationalratswahl 2023","ZH230K7","Winterthur Mattenbach",230,7,116455,"FDP",7443,499,7942
2023-10-22,"Nationalratswahl 2023","ZH230K7","Winterthur Mattenbach",230,7,116455,"Mitte",7669,87,7756
2023-10-22,"Nationalratswahl 2023","ZH230K7","Winterthur Mattenbach",230,7,116455,"EVP",3821,49,3870
2023-10-22,"Nationalratswahl 2023","ZH230K7","Winterthur Mattenbach",230,7,116455,"FGA/AL/PDA",2260,33,2293
2023-10-22,"Nationalratswahl 2023","ZH230K7","Winterthur Mattenbach",230,7,116455,"EDU",1881,18,1899
2023-10-22,"Nationalratswahl 2023","ZH230K7","Winterthur Mattenbach",230,7,116455,"Übrige",4409,317,4726
2023-10-22,"Nationalratswahl 2023","ZH230K7","Winterthur Mattenbach",230,7,116455,"SD",34,2,36
2023-10-22,"Nationalratswahl 2023","ZH231","Zell",231,231,60672,"SVP",22270,379,22649
2023-10-22,"Nationalratswahl 2023","ZH231","Zell",231,231,60672,"SP",9659,168,9827
2023-10-22,"Nationalratswahl 2023","ZH231","Zell",231,231,60672,"GP",4310,73,4383
2023-10-22,"Nationalratswahl 2023","ZH231","Zell",231,231,60672,"GLP",4872,230,5102
2023-10-22,"Nationalratswahl 2023","ZH231","Zell",231,231,60672,"FDP",3969,400,4369
2023-10-22,"Nationalratswahl 2023","ZH231","Zell",231,231,60672,"Mitte",4283,231,4514
2023-10-22,"Nationalratswahl 2023","ZH231","Zell",231,231,60672,"EVP",3881,104,3985
2023-10-22,"Nationalratswahl 2023","ZH231","Zell",231,231,60672,"FGA/AL/PDA",587,2,589
2023-10-22,"Nationalratswahl 2023","ZH231","Zell",231,231,60672,"EDU",2186,105,2291
2023-10-22,"Nationalratswahl 2023","ZH231","Zell",231,231,60672,"Übrige",2550,203,2753
2023-10-22,"Nationalratswahl 2023","ZH231","Zell",231,231,60672,"SD",210,0,210
2023-10-22,"Nationalratswahl 2023","ZH241","Aesch",241,241,22109,"SVP",7969,99,8068
2023-10-22,"Nationalratswahl 2023","ZH241","Aesch",241,241,22109,"SP",1852,24,1876
2023-10-22,"Nationalratswahl 2023","ZH241","Aesch",241,241,22109,"GP",881,19,900
2023-10-22,"Nationalratswahl 2023","ZH241","Aesch",241,241,22109,"GLP",3155,194,3349
2023-10-22,"Nationalratswahl 2023","ZH241","Aesch",241,241,22109,"FDP",4233,80,4313
2023-10-22,"Nationalratswahl 2023","ZH241","Aesch",241,241,22109,"Mitte",2222,56,2278
2023-10-22,"Nationalratswahl 2023","ZH241","Aesch",241,241,22109,"EVP",443,0,443
2023-10-22,"Nationalratswahl 2023","ZH241","Aesch",241,241,22109,"FGA/AL/PDA",7,0,7
2023-10-22,"Nationalratswahl 2023","ZH241","Aesch",241,241,22109,"EDU",233,0,233
2023-10-22,"Nationalratswahl 2023","ZH241","Aesch",241,241,22109,"Übrige",607,34,641
2023-10-22,"Nationalratswahl 2023","ZH241","Aesch",241,241,22109,"SD",1,0,1
2023-10-22,"Nationalratswahl 2023","ZH242","Birmensdorf",242,242,75701,"SVP",24481,731,25212
2023-10-22,"Nationalratswahl 2023","ZH242","Birmensdorf",242,242,75701,"SP",11060,448,11508
2023-10-22,"Nationalratswahl 2023","ZH242","Birmensdorf",242,242,75701,"GP",5814,106,5920
2023-10-22,"Nationalratswahl 2023","ZH242","Birmensdorf",242,242,75701,"GLP",9156,118,9274
2023-10-22,"Nationalratswahl 2023","ZH242","Birmensdorf",242,242,75701,"FDP",9814,518,10332
2023-10-22,"Nationalratswahl 2023","ZH242","Birmensdorf",242,242,75701,"Mitte",7771,530,8301
2023-10-22,"Nationalratswahl 2023","ZH242","Birmensdorf",242,242,75701,"EVP",1091,0,1091
2023-10-22,"Nationalratswahl 2023","ZH242","Birmensdorf",242,242,75701,"FGA/AL/PDA",523,0,523
2023-10-22,"Nationalratswahl 2023","ZH242","Birmensdorf",242,242,75701,"EDU",836,26,862
2023-10-22,"Nationalratswahl 2023","ZH242","Birmensdorf",242,242,75701,"Übrige",2507,75,2582
2023-10-22,"Nationalratswahl 2023","ZH242","Birmensdorf",242,242,75701,"SD",94,2,96
2023-10-22,"Nationalratswahl 2023","ZH243","Dietikon",243,243,141143,"SVP",42263,883,43146
2023-10-22,"Nationalratswahl 2023","ZH243","Dietikon",243,243,141143,"SP",26961,780,27741
2023-10-22,"Nationalratswahl 2023","ZH243","Dietikon",243,243,141143,"GP",9684,959,10643
2023-10-22,"Nationalratswahl 2023","ZH243","Dietikon",243,243,141143,"GLP",12939,452,13391
2023-10-22,"Nationalratswahl 2023","ZH243","Dietikon",243,243,141143,"FDP",11732,475,12207
2023-10-22,"Nationalratswahl 2023","ZH243","Dietikon",243,243,141143,"Mitte",17697,648,18345
2023-10-22,"Nationalratswahl 2023","ZH243","Dietikon",243,243,141143,"EVP",4648,89,4737
2023-10-22,"Nationalratswahl 2023","ZH243","Dietikon",243,243,141143,"FGA/AL/PDA",1954,30,1984
2023-10-22,"Nationalratswahl 2023","ZH243","Dietikon",243,243,141143,"EDU",1206,0,1206
2023-10-22,"Nationalratswahl 2023","ZH243","Dietikon",243,243,141143,"Übrige",4788,2675,7463
2023-10-22,"Nationalratswahl 2023","ZH243","Dietikon",243,243,141143,"SD",278,2,280
2023-10-22,"Nationalratswahl 2023","ZH244","Geroldswil",244,244,41586,"SVP",16897,457,17354
2023-10-22,"Nationalratswahl 2023","ZH244","Geroldswil",244,244,41586,"SP",4700,89,4789
2023-10-22,"Nationalratswahl 2023","ZH244","Geroldswil",244,244,41586,"GP",1637,114,1751
2023-10-22,"Nationalratswahl 2023","ZH244","Geroldswil",244,244,41586,"GLP",3956,96,4052
2023-10-22,"Nationalratswahl 2023","ZH244","Geroldswil",244,244,41586,"FDP",7029,85,7114
2023-10-22,"Nationalratswahl 2023","ZH244","Geroldswil",244,244,41586,"Mitte",4062,90,4152
2023-10-22,"Nationalratswahl 2023","ZH244","Geroldswil",244,244,41586,"EVP",610,35,645
2023-10-22,"Nationalratswahl 2023","ZH244","Geroldswil",244,244,41586,"FGA/AL/PDA",174,0,174
2023-10-22,"Nationalratswahl 2023","ZH244","Geroldswil",244,244,41586,"EDU",290,0,290
2023-10-22,"Nationalratswahl 2023","ZH244","Geroldswil",244,244,41586,"Übrige",1018,151,1169
2023-10-22,"Nationalratswahl 2023","ZH244","Geroldswil",244,244,41586,"SD",96,0,96
2023-10-22,"Nationalratswahl 2023","ZH245","Oberengstringen",245,245,48861,"SVP",15248,358,15606
2023-10-22,"Nationalratswahl 2023","ZH245","Oberengstringen",245,245,48861,"SP",9186,194,9380
2023-10-22,"Nationalratswahl 2023","ZH245","Oberengstringen",245,245,48861,"GP",3164,234,3398
2023-10-22,"Nationalratswahl 2023","ZH245","Oberengstringen",245,245,48861,"GLP",5115,224,5339
2023-10-22,"Nationalratswahl 2023","ZH245","Oberengstringen",245,245,48861,"FDP",6935,175,7110
2023-10-22,"Nationalratswahl 2023","ZH245","Oberengstringen",245,245,48861,"Mitte",4228,116,4344
2023-10-22,"Nationalratswahl 2023","ZH245","Oberengstringen",245,245,48861,"EVP",954,0,954
2023-10-22,"Nationalratswahl 2023","ZH245","Oberengstringen",245,245,48861,"FGA/AL/PDA",791,8,799
2023-10-22,"Nationalratswahl 2023","ZH245","Oberengstringen",245,245,48861,"EDU",387,0,387
2023-10-22,"Nationalratswahl 2023","ZH245","Oberengstringen",245,245,48861,"Übrige",1281,187,1468
2023-10-22,"Nationalratswahl 2023","ZH245","Oberengstringen",245,245,48861,"SD",76,0,76
2023-10-22,"Nationalratswahl 2023","ZH246","Oetwil an der Limmat",246,246,26730,"SVP",11380,71,11451
2023-10-22,"Nationalratswahl 2023","ZH246","Oetwil an der Limmat",246,246,26730,"SP",2460,89,2549
2023-10-22,"Nationalratswahl 2023","ZH246","Oetwil an der Limmat",246,246,26730,"GP",1128,0,1128
2023-10-22,"Nationalratswahl 2023","ZH246","Oetwil an der Limmat",246,246,26730,"GLP",2764,167,2931
2023-10-22,"Nationalratswahl 2023","ZH246","Oetwil an der Limmat",246,246,26730,"FDP",5106,193,5299
2023-10-22,"Nationalratswahl 2023","ZH246","Oetwil an der Limmat",246,246,26730,"Mitte",1844,48,1892
2023-10-22,"Nationalratswahl 2023","ZH246","Oetwil an der Limmat",246,246,26730,"EVP",455,0,455
2023-10-22,"Nationalratswahl 2023","ZH246","Oetwil an der Limmat",246,246,26730,"FGA/AL/PDA",102,0,102
2023-10-22,"Nationalratswahl 2023","ZH246","Oetwil an der Limmat",246,246,26730,"EDU",182,0,182
2023-10-22,"Nationalratswahl 2023","ZH246","Oetwil an der Limmat",246,246,26730,"Übrige",696,42,738
2023-10-22,"Nationalratswahl 2023","ZH246","Oetwil an der Limmat",246,246,26730,"SD",3,0,3
2023-10-22,"Nationalratswahl 2023","ZH247","Schlieren",247,247,101828,"SVP",26577,531,27108
2023-10-22,"Nationalratswahl 2023","ZH247","Schlieren",247,247,101828,"SP",22479,1048,23527
2023-10-22,"Nationalratswahl 2023","ZH247","Schlieren",247,247,101828,"GP",9885,1238,11123
2023-10-22,"Nationalratswahl 2023","ZH247","Schlieren",247,247,101828,"GLP",11991,469,12460
2023-10-22,"Nationalratswahl 2023","ZH247","Schlieren",247,247,101828,"FDP",9924,835,10759
2023-10-22,"Nationalratswahl 2023","ZH247","Schlieren",247,247,101828,"Mitte",8946,230,9176
2023-10-22,"Nationalratswahl 2023","ZH247","Schlieren",247,247,101828,"EVP",2184,3,2187
2023-10-22,"Nationalratswahl 2023","ZH247","Schlieren",247,247,101828,"FGA/AL/PDA",1104,35,1139
2023-10-22,"Nationalratswahl 2023","ZH247","Schlieren",247,247,101828,"EDU",828,25,853
2023-10-22,"Nationalratswahl 2023","ZH247","Schlieren",247,247,101828,"Übrige",3215,189,3404
2023-10-22,"Nationalratswahl 2023","ZH247","Schlieren",247,247,101828,"SD",85,7,92
2023-10-22,"Nationalratswahl 2023","ZH248","Uitikon",248,248,71274,"SVP",20359,423,20782
2023-10-22,"Nationalratswahl 2023","ZH248","Uitikon",248,248,71274,"SP",6325,168,6493
2023-10-22,"Nationalratswahl 2023","ZH248","Uitikon",248,248,71274,"GP",3590,101,3691
2023-10-22,"Nationalratswahl 2023","ZH248","Uitikon",248,248,71274,"GLP",10692,310,11002
2023-10-22,"Nationalratswahl 2023","ZH248","Uitikon",248,248,71274,"FDP",19776,477,20253
2023-10-22,"Nationalratswahl 2023","ZH248","Uitikon",248,248,71274,"Mitte",6632,215,6847
2023-10-22,"Nationalratswahl 2023","ZH248","Uitikon",248,248,71274,"EVP",703,3,706
2023-10-22,"Nationalratswahl 2023","ZH248","Uitikon",248,248,71274,"FGA/AL/PDA",38,0,38
2023-10-22,"Nationalratswahl 2023","ZH248","Uitikon",248,248,71274,"EDU",227,0,227
2023-10-22,"Nationalratswahl 2023","ZH248","Uitikon",248,248,71274,"Übrige",1106,82,1188
2023-10-22,"Nationalratswahl 2023","ZH248","Uitikon",248,248,71274,"SD",47,0,47
2023-10-22,"Nationalratswahl 2023","ZH249","Unterengstringen",249,249,38755,"SVP",14855,237,15092
2023-10-22,"Nationalratswahl 2023","ZH249","Unterengstringen",249,249,38755,"SP",4586,219,4805
2023-10-22,"Nationalratswahl 2023","ZH249","Unterengstringen",249,249,38755,"GP",1731,324,2055
2023-10-22,"Nationalratswahl 2023","ZH249","Unterengstringen",249,249,38755,"GLP",4401,131,4532
2023-10-22,"Nationalratswahl 2023","ZH249","Unterengstringen",249,249,38755,"FDP",6296,94,6390
2023-10-22,"Nationalratswahl 2023","ZH249","Unterengstringen",249,249,38755,"Mitte",3091,139,3230
2023-10-22,"Nationalratswahl 2023","ZH249","Unterengstringen",249,249,38755,"EVP",1272,0,1272
2023-10-22,"Nationalratswahl 2023","ZH249","Unterengstringen",249,249,38755,"FGA/AL/PDA",102,0,102
2023-10-22,"Nationalratswahl 2023","ZH249","Unterengstringen",249,249,38755,"EDU",325,0,325
2023-10-22,"Nationalratswahl 2023","ZH249","Unterengstringen",249,249,38755,"Übrige",944,0,944
2023-10-22,"Nationalratswahl 2023","ZH249","Unterengstringen",249,249,38755,"SD",8,0,8
2023-10-22,"Nationalratswahl 2023","ZH250","Urdorf",250,250,92992,"SVP",32777,631,33408
2023-10-22,"Nationalratswahl 2023","ZH250","Urdorf",250,250,92992,"SP",16123,354,16477
2023-10-22,"Nationalratswahl 2023","ZH250","Urdorf",250,250,92992,"GP",5624,276,5900
2023-10-22,"Nationalratswahl 2023","ZH250","Urdorf",250,250,92992,"GLP",10263,317,10580
2023-10-22,"Nationalratswahl 2023","ZH250","Urdorf",250,250,92992,"FDP",9731,291,10022
2023-10-22,"Nationalratswahl 2023","ZH250","Urdorf",250,250,92992,"Mitte",8413,404,8817
2023-10-22,"Nationalratswahl 2023","ZH250","Urdorf",250,250,92992,"EVP",2654,248,2902
2023-10-22,"Nationalratswahl 2023","ZH250","Urdorf",250,250,92992,"FGA/AL/PDA",703,36,739
2023-10-22,"Nationalratswahl 2023","ZH250","Urdorf",250,250,92992,"EDU",670,14,684
2023-10-22,"Nationalratswahl 2023","ZH250","Urdorf",250,250,92992,"Übrige",2930,335,3265
2023-10-22,"Nationalratswahl 2023","ZH250","Urdorf",250,250,92992,"SD",198,0,198
2023-10-22,"Nationalratswahl 2023","ZH251","Weiningen",251,251,42762,"SVP",17670,214,17884
2023-10-22,"Nationalratswahl 2023","ZH251","Weiningen",251,251,42762,"SP",6473,185,6658
2023-10-22,"Nationalratswahl 2023","ZH251","Weiningen",251,251,42762,"GP",2273,20,2293
2023-10-22,"Nationalratswahl 2023","ZH251","Weiningen",251,251,42762,"GLP",4808,69,4877
2023-10-22,"Nationalratswahl 2023","ZH251","Weiningen",251,251,42762,"FDP",5109,181,5290
2023-10-22,"Nationalratswahl 2023","ZH251","Weiningen",251,251,42762,"Mitte",3483,118,3601
2023-10-22,"Nationalratswahl 2023","ZH251","Weiningen",251,251,42762,"EVP",749,26,775
2023-10-22,"Nationalratswahl 2023","ZH251","Weiningen",251,251,42762,"FGA/AL/PDA",185,0,185
2023-10-22,"Nationalratswahl 2023","ZH251","Weiningen",251,251,42762,"EDU",234,0,234
2023-10-22,"Nationalratswahl 2023","ZH251","Weiningen",251,251,42762,"Übrige",721,167,888
2023-10-22,"Nationalratswahl 2023","ZH251","Weiningen",251,251,42762,"SD",77,0,77
2023-10-22,"Nationalratswahl 2023","ZHZP01","Stadt Zürich, Kreis 1+2",261,1,432338,"SVP",62317,1059,63376
2023-10-22,"Nationalratswahl 2023","ZHZP01","Stadt Zürich, Kreis 1+2",261,1,432338,"SP",125918,2403,128321
2023-10-22,"Nationalratswahl 2023","ZHZP01","Stadt Zürich, Kreis 1+2",261,1,432338,"GP",62414,1469,63883
2023-10-22,"Nationalratswahl 2023","ZHZP01","Stadt Zürich, Kreis 1+2",261,1,432338,"GLP",54152,1585,55737
2023-10-22,"Nationalratswahl 2023","ZHZP01","Stadt Zürich, Kreis 1+2",261,1,432338,"FDP",61575,2826,64401
2023-10-22,"Nationalratswahl 2023","ZHZP01","Stadt Zürich, Kreis 1+2",261,1,432338,"Mitte",28243,904,29147
2023-10-22,"Nationalratswahl 2023","ZHZP01","Stadt Zürich, Kreis 1+2",261,1,432338,"EVP",5334,200,5534
2023-10-22,"Nationalratswahl 2023","ZHZP01","Stadt Zürich, Kreis 1+2",261,1,432338,"FGA/AL/PDA",10227,227,10454
2023-10-22,"Nationalratswahl 2023","ZHZP01","Stadt Zürich, Kreis 1+2",261,1,432338,"EDU",2063,7,2070
2023-10-22,"Nationalratswahl 2023","ZHZP01","Stadt Zürich, Kreis 1+2",261,1,432338,"Übrige",8593,479,9072
2023-10-22,"Nationalratswahl 2023","ZHZP01","Stadt Zürich, Kreis 1+2",261,1,432338,"SD",343,0,343
2023-10-22,"Nationalratswahl 2023","ZHZP03","Stadt Zürich, Kreis 3",261,2,520496,"SVP",54976,926,55902
2023-10-22,"Nationalratswahl 2023","ZHZP03","Stadt Zürich, Kreis 3",261,2,520496,"SP",201877,3896,205773
2023-10-22,"Nationalratswahl 2023","ZHZP03","Stadt Zürich, Kreis 3",261,2,520496,"GP",83478,1856,85334
2023-10-22,"Nationalratswahl 2023","ZHZP03","Stadt Zürich, Kreis 3",261,2,520496,"GLP",64884,1463,66347
2023-10-22,"Nationalratswahl 2023","ZHZP03","Stadt Zürich, Kreis 3",261,2,520496,"FDP",38819,2419,41238
2023-10-22,"Nationalratswahl 2023","ZHZP03","Stadt Zürich, Kreis 3",261,2,520496,"Mitte",25567,1007,26574
2023-10-22,"Nationalratswahl 2023","ZHZP03","Stadt Zürich, Kreis 3",261,2,520496,"EVP",5614,92,5706
2023-10-22,"Nationalratswahl 2023","ZHZP03","Stadt Zürich, Kreis 3",261,2,520496,"FGA/AL/PDA",19358,242,19600
2023-10-22,"Nationalratswahl 2023","ZHZP03","Stadt Zürich, Kreis 3",261,2,520496,"EDU",1572,2,1574
2023-10-22,"Nationalratswahl 2023","ZHZP03","Stadt Zürich, Kreis 3",261,2,520496,"Übrige",10260,1608,11868
2023-10-22,"Nationalratswahl 2023","ZHZP03","Stadt Zürich, Kreis 3",261,2,520496,"SD",579,1,580
2023-10-22,"Nationalratswahl 2023","ZHZP04","Stadt Zürich, Kreis 4+5",261,3,473431,"SVP",33641,996,34637
2023-10-22,"Nationalratswahl 2023","ZHZP04","Stadt Zürich, Kreis 4+5",261,3,473431,"SP",195814,3772,199586
2023-10-22,"Nationalratswahl 2023","ZHZP04","Stadt Zürich, Kreis 4+5",261,3,473431,"GP",77722,1329,79051
2023-10-22,"Nationalratswahl 2023","ZHZP04","Stadt Zürich, Kreis 4+5",261,3,473431,"GLP",64030,1718,65748
2023-10-22,"Nationalratswahl 2023","ZHZP04","Stadt Zürich, Kreis 4+5",261,3,473431,"FDP",34849,1372,36221
2023-10-22,"Nationalratswahl 2023","ZHZP04","Stadt Zürich, Kreis 4+5",261,3,473431,"Mitte",17871,492,18363
2023-10-22,"Nationalratswahl 2023","ZHZP04","Stadt Zürich, Kreis 4+5",261,3,473431,"EVP",3811,56,3867
2023-10-22,"Nationalratswahl 2023","ZHZP04","Stadt Zürich, Kreis 4+5",261,3,473431,"FGA/AL/PDA",25485,285,25770
2023-10-22,"Nationalratswahl 2023","ZHZP04","Stadt Zürich, Kreis 4+5",261,3,473431,"EDU",769,0,769
2023-10-22,"Nationalratswahl 2023","ZHZP04","Stadt Zürich, Kreis 4+5",261,3,473431,"Übrige",8462,662,9124
2023-10-22,"Nationalratswahl 2023","ZHZP04","Stadt Zürich, Kreis 4+5",261,3,473431,"SD",293,2,295
2023-10-22,"Nationalratswahl 2023","ZHZP06","Stadt Zürich, Kreis 6",261,4,426957,"SVP",43776,679,44455
2023-10-22,"Nationalratswahl 2023","ZHZP06","Stadt Zürich, Kreis 6",261,4,426957,"SP",142970,2498,145468
2023-10-22,"Nationalratswahl 2023","ZHZP06","Stadt Zürich, Kreis 6",261,4,426957,"GP",70353,1246,71599
2023-10-22,"Nationalratswahl 2023","ZHZP06","Stadt Zürich, Kreis 6",261,4,426957,"GLP",65685,1849,67534
2023-10-22,"Nationalratswahl 2023","ZHZP06","Stadt Zürich, Kreis 6",261,4,426957,"FDP",46437,895,47332
2023-10-22,"Nationalratswahl 2023","ZHZP06","Stadt Zürich, Kreis 6",261,4,426957,"Mitte",23324,836,24160
2023-10-22,"Nationalratswahl 2023","ZHZP06","Stadt Zürich, Kreis 6",261,4,426957,"EVP",6161,127,6288
2023-10-22,"Nationalratswahl 2023","ZHZP06","Stadt Zürich, Kreis 6",261,4,426957,"FGA/AL/PDA",10403,102,10505
2023-10-22,"Nationalratswahl 2023","ZHZP06","Stadt Zürich, Kreis 6",261,4,426957,"EDU",961,18,979
2023-10-22,"Nationalratswahl 2023","ZHZP06","Stadt Zürich, Kreis 6",261,4,426957,"Übrige",7869,596,8465
2023-10-22,"Nationalratswahl 2023","ZHZP06","Stadt Zürich, Kreis 6",261,4,426957,"SD",172,0,172
2023-10-22,"Nationalratswahl 2023","ZHZP07","Stadt Zürich, Kreis 7+8",261,5,668414,"SVP",91435,1669,93104
2023-10-22,"Nationalratswahl 2023","ZHZP07","Stadt Zürich, Kreis 7+8",261,5,668414,"SP",176232,2862,179094
2023-10-22,"Nationalratswahl 2023","ZHZP07","Stadt Zürich, Kreis 7+8",261,5,668414,"GP",79490,1451,80941
2023-10-22,"Nationalratswahl 2023","ZHZP07","Stadt Zürich, Kreis 7+8",261,5,668414,"GLP",101342,2400,103742
2023-10-22,"Nationalratswahl 2023","ZHZP07","Stadt Zürich, Kreis 7+8",261,5,668414,"FDP",126867,3087,129954
2023-10-22,"Nationalratswahl 2023","ZHZP07","Stadt Zürich, Kreis 7+8",261,5,668414,"Mitte",44134,1271,45405
2023-10-22,"Nationalratswahl 2023","ZHZP07","Stadt Zürich, Kreis 7+8",261,5,668414,"EVP",8583,162,8745
2023-10-22,"Nationalratswahl 2023","ZHZP07","Stadt Zürich, Kreis 7+8",261,5,668414,"FGA/AL/PDA",12209,236,12445
2023-10-22,"Nationalratswahl 2023","ZHZP07","Stadt Zürich, Kreis 7+8",261,5,668414,"EDU",2299,19,2318
2023-10-22,"Nationalratswahl 2023","ZHZP07","Stadt Zürich, Kreis 7+8",261,5,668414,"Übrige",11748,631,12379
2023-10-22,"Nationalratswahl 2023","ZHZP07","Stadt Zürich, Kreis 7+8",261,5,668414,"SD",252,35,287
2023-10-22,"Nationalratswahl 2023","ZHZP09","Stadt Zürich, Kreis 9",261,6,515031,"SVP",93357,1375,94732
2023-10-22,"Nationalratswahl 2023","ZHZP09","Stadt Zürich, Kreis 9",261,6,515031,"SP",159707,3646,163353
2023-10-22,"Nationalratswahl 2023","ZHZP09","Stadt Zürich, Kreis 9",261,6,515031,"GP",69634,1729,71363
2023-10-22,"Nationalratswahl 2023","ZHZP09","Stadt Zürich, Kreis 9",261,6,515031,"GLP",62211,1647,63858
2023-10-22,"Nationalratswahl 2023","ZHZP09","Stadt Zürich, Kreis 9",261,6,515031,"FDP",42931,2558,45489
2023-10-22,"Nationalratswahl 2023","ZHZP09","Stadt Zürich, Kreis 9",261,6,515031,"Mitte",34879,915,35794
2023-10-22,"Nationalratswahl 2023","ZHZP09","Stadt Zürich, Kreis 9",261,6,515031,"EVP",9093,158,9251
2023-10-22,"Nationalratswahl 2023","ZHZP09","Stadt Zürich, Kreis 9",261,6,515031,"FGA/AL/PDA",14282,242,14524
2023-10-22,"Nationalratswahl 2023","ZHZP09","Stadt Zürich, Kreis 9",261,6,515031,"EDU",2314,26,2340
2023-10-22,"Nationalratswahl 2023","ZHZP09","Stadt Zürich, Kreis 9",261,6,515031,"Übrige",11714,1605,13319
2023-10-22,"Nationalratswahl 2023","ZHZP09","Stadt Zürich, Kreis 9",261,6,515031,"SD",990,18,1008
2023-10-22,"Nationalratswahl 2023","ZHZP10","Stadt Zürich, Kreis 10",261,7,509087,"SVP",67718,843,68561
2023-10-22,"Nationalratswahl 2023","ZHZP10","Stadt Zürich, Kreis 10",261,7,509087,"SP",173747,2813,176560
2023-10-22,"Nationalratswahl 2023","ZHZP10","Stadt Zürich, Kreis 10",261,7,509087,"GP",78559,2218,80777
2023-10-22,"Nationalratswahl 2023","ZHZP10","Stadt Zürich, Kreis 10",261,7,509087,"GLP",65898,1638,67536
2023-10-22,"Nationalratswahl 2023","ZHZP10","Stadt Zürich, Kreis 10",261,7,509087,"FDP",49717,877,50594
2023-10-22,"Nationalratswahl 2023","ZHZP10","Stadt Zürich, Kreis 10",261,7,509087,"Mitte",30411,1177,31588
2023-10-22,"Nationalratswahl 2023","ZHZP10","Stadt Zürich, Kreis 10",261,7,509087,"EVP",6774,172,6946
2023-10-22,"Nationalratswahl 2023","ZHZP10","Stadt Zürich, Kreis 10",261,7,509087,"FGA/AL/PDA",14086,284,14370
2023-10-22,"Nationalratswahl 2023","ZHZP10","Stadt Zürich, Kreis 10",261,7,509087,"EDU",1467,6,1473
2023-10-22,"Nationalratswahl 2023","ZHZP10","Stadt Zürich, Kreis 10",261,7,509087,"Übrige",9518,957,10475
2023-10-22,"Nationalratswahl 2023","ZHZP10","Stadt Zürich, Kreis 10",261,7,509087,"SD",184,23,207
2023-10-22,"Nationalratswahl 2023","ZHZP11","Stadt Zürich, Kreis 11",261,8,556976,"SVP",111594,1797,113391
2023-10-22,"Nationalratswahl 2023","ZHZP11","Stadt Zürich, Kreis 11",261,8,556976,"SP",158597,2935,161532
2023-10-22,"Nationalratswahl 2023","ZHZP11","Stadt Zürich, Kreis 11",261,8,556976,"GP",69526,2915,72441
2023-10-22,"Nationalratswahl 2023","ZHZP11","Stadt Zürich, Kreis 11",261,8,556976,"GLP",72145,2175,74320
2023-10-22,"Nationalratswahl 2023","ZHZP11","Stadt Zürich, Kreis 11",261,8,556976,"FDP",48123,2230,50353
2023-10-22,"Nationalratswahl 2023","ZHZP11","Stadt Zürich, Kreis 11",261,8,556976,"Mitte",40250,839,41089
2023-10-22,"Nationalratswahl 2023","ZHZP11","Stadt Zürich, Kreis 11",261,8,556976,"EVP",12327,94,12421
2023-10-22,"Nationalratswahl 2023","ZHZP11","Stadt Zürich, Kreis 11",261,8,556976,"FGA/AL/PDA",11070,133,11203
2023-10-22,"Nationalratswahl 2023","ZHZP11","Stadt Zürich, Kreis 11",261,8,556976,"EDU",4332,60,4392
2023-10-22,"Nationalratswahl 2023","ZHZP11","Stadt Zürich, Kreis 11",261,8,556976,"Übrige",13499,1738,15237
2023-10-22,"Nationalratswahl 2023","ZHZP11","Stadt Zürich, Kreis 11",261,8,556976,"SD",595,2,597
2023-10-22,"Nationalratswahl 2023","ZHZP12","Stadt Zürich, Kreis 12",261,9,189603,"SVP",43757,640,44397
2023-10-22,"Nationalratswahl 2023","ZHZP12","Stadt Zürich, Kreis 12",261,9,189603,"SP",56985,1211,58196
2023-10-22,"Nationalratswahl 2023","ZHZP12","Stadt Zürich, Kreis 12",261,9,189603,"GP",23612,1027,24639
2023-10-22,"Nationalratswahl 2023","ZHZP12","Stadt Zürich, Kreis 12",261,9,189603,"GLP",17690,492,18182
2023-10-22,"Nationalratswahl 2023","ZHZP12","Stadt Zürich, Kreis 12",261,9,189603,"FDP",12268,708,12976
2023-10-22,"Nationalratswahl 2023","ZHZP12","Stadt Zürich, Kreis 12",261,9,189603,"Mitte",12600,495,13095
2023-10-22,"Nationalratswahl 2023","ZHZP12","Stadt Zürich, Kreis 12",261,9,189603,"EVP",5438,71,5509
2023-10-22,"Nationalratswahl 2023","ZHZP12","Stadt Zürich, Kreis 12",261,9,189603,"FGA/AL/PDA",3976,79,4055
2023-10-22,"Nationalratswahl 2023","ZHZP12","Stadt Zürich, Kreis 12",261,9,189603,"EDU",2135,0,2135
2023-10-22,"Nationalratswahl 2023","ZHZP12","Stadt Zürich, Kreis 12",261,9,189603,"Übrige",5002,982,5984
2023-10-22,"Nationalratswahl 2023","ZHZP12","Stadt Zürich, Kreis 12",261,9,189603,"SD",435,0,435
2023-10-22,"Nationalratswahl 2023","ZH990","Auslandschweizer/-innen",9010,9010,205174,"SVP",34626,415,35041
2023-10-22,"Nationalratswahl 2023","ZH990","Auslandschweizer/-innen",9010,9010,205174,"SP",44043,706,44749
2023-10-22,"Nationalratswahl 2023","ZH990","Auslandschweizer/-innen",9010,9010,205174,"GP",37937,472,38409
2023-10-22,"Nationalratswahl 2023","ZH990","Auslandschweizer/-innen",9010,9010,205174,"GLP",30123,571,30694
2023-10-22,"Nationalratswahl 2023","ZH990","Auslandschweizer/-innen",9010,9010,205174,"FDP",25247,557,25804
2023-10-22,"Nationalratswahl 2023","ZH990","Auslandschweizer/-innen",9010,9010,205174,"Mitte",12701,240,12941
2023-10-22,"Nationalratswahl 2023","ZH990","Auslandschweizer/-innen",9010,9010,205174,"EVP",4810,142,4952
2023-10-22,"Nationalratswahl 2023","ZH990","Auslandschweizer/-innen",9010,9010,205174,"FGA/AL/PDA",3940,81,4021
2023-10-22,"Nationalratswahl 2023","ZH990","Auslandschweizer/-innen",9010,9010,205174,"EDU",3267,15,3282
2023-10-22,"Nationalratswahl 2023","ZH990","Auslandschweizer/-innen",9010,9010,205174,"Übrige",4566,429,4995
2023-10-22,"Nationalratswahl 2023","ZH990","Auslandschweizer/-innen",9010,9010,205174,"SD",286,0,286
2023-10-22,"Nationalratswahl 2023","ZH291","Andelfingen",291,291,47979,"SVP",17334,314,17648
2023-10-22,"Nationalratswahl 2023","ZH291","Andelfingen",291,291,47979,"SP",5213,58,5271
2023-10-22,"Nationalratswahl 2023","ZH291","Andelfingen",291,291,47979,"GP",3486,27,3513
2023-10-22,"Nationalratswahl 2023","ZH291","Andelfingen",291,291,47979,"GLP",5248,138,5386
2023-10-22,"Nationalratswahl 2023","ZH291","Andelfingen",291,291,47979,"FDP",5942,127,6069
2023-10-22,"Nationalratswahl 2023","ZH291","Andelfingen",291,291,47979,"Mitte",4034,172,4206
2023-10-22,"Nationalratswahl 2023","ZH291","Andelfingen",291,291,47979,"EVP",2662,64,2726
2023-10-22,"Nationalratswahl 2023","ZH291","Andelfingen",291,291,47979,"FGA/AL/PDA",333,1,334
2023-10-22,"Nationalratswahl 2023","ZH291","Andelfingen",291,291,47979,"EDU",1504,15,1519
2023-10-22,"Nationalratswahl 2023","ZH291","Andelfingen",291,291,47979,"Übrige",1253,43,1296
2023-10-22,"Nationalratswahl 2023","ZH291","Andelfingen",291,291,47979,"SD",11,0,11
2023-10-22,"Nationalratswahl 2023","ZH292","Stammheim",292,292,43850,"SVP",15561,367,15928
2023-10-22,"Nationalratswahl 2023","ZH292","Stammheim",292,292,43850,"SP",5716,207,5923
2023-10-22,"Nationalratswahl 2023","ZH292","Stammheim",292,292,43850,"GP",2726,42,2768
2023-10-22,"Nationalratswahl 2023","ZH292","Stammheim",292,292,43850,"GLP",3147,182,3329
2023-10-22,"Nationalratswahl 2023","ZH292","Stammheim",292,292,43850,"FDP",5902,591,6493
2023-10-22,"Nationalratswahl 2023","ZH292","Stammheim",292,292,43850,"Mitte",4826,661,5487
2023-10-22,"Nationalratswahl 2023","ZH292","Stammheim",292,292,43850,"EVP",1263,190,1453
2023-10-22,"Nationalratswahl 2023","ZH292","Stammheim",292,292,43850,"FGA/AL/PDA",85,0,85
2023-10-22,"Nationalratswahl 2023","ZH292","Stammheim",292,292,43850,"EDU",1120,55,1175
2023-10-22,"Nationalratswahl 2023","ZH292","Stammheim",292,292,43850,"Übrige",1109,87,1196
2023-10-22,"Nationalratswahl 2023","ZH292","Stammheim",292,292,43850,"SD",13,0,13
2023-10-22,"Nationalratswahl 2023","ZH293","Wädenswil",293,293,291019,"SVP",87332,1226,88558
2023-10-22,"Nationalratswahl 2023","ZH293","Wädenswil",293,293,291019,"SP",46658,801,47459
2023-10-22,"Nationalratswahl 2023","ZH293","Wädenswil",293,293,291019,"GP",26226,669,26895
2023-10-22,"Nationalratswahl 2023","ZH293","Wädenswil",293,293,291019,"GLP",28623,518,29141
2023-10-22,"Nationalratswahl 2023","ZH293","Wädenswil",293,293,291019,"FDP",35083,994,36077
2023-10-22,"Nationalratswahl 2023","ZH293","Wädenswil",293,293,291019,"Mitte",38457,1972,40429
2023-10-22,"Nationalratswahl 2023","ZH293","Wädenswil",293,293,291019,"EVP",9525,186,9711
2023-10-22,"Nationalratswahl 2023","ZH293","Wädenswil",293,293,291019,"FGA/AL/PDA",1593,45,1638
2023-10-22,"Nationalratswahl 2023","ZH293","Wädenswil",293,293,291019,"EDU",3720,1,3721
2023-10-22,"Nationalratswahl 2023","ZH293","Wädenswil",293,293,291019,"Übrige",6723,508,7231
2023-10-22,"Nationalratswahl 2023","ZH293","Wädenswil",293,293,291019,"SD",158,1,159
2023-10-22,"Nationalratswahl 2023","ZH294","Elgg",294,294,58971,"SVP",20471,383,20854
2023-10-22,"Nationalratswahl 2023","ZH294","Elgg",294,294,58971,"SP",8442,266,8708
2023-10-22,"Nationalratswahl 2023","ZH294","Elgg",294,294,58971,"GP",3989,113,4102
2023-10-22,"Nationalratswahl 2023","ZH294","Elgg",294,294,58971,"GLP",8463,225,8688
2023-10-22,"Nationalratswahl 2023","ZH294","Elgg",294,294,58971,"FDP",4779,147,4926
2023-10-22,"Nationalratswahl 2023","ZH294","Elgg",294,294,58971,"Mitte",4460,177,4637
2023-10-22,"Nationalratswahl 2023","ZH294","Elgg",294,294,58971,"EVP",2398,135,2533
2023-10-22,"Nationalratswahl 2023","ZH294","Elgg",294,294,58971,"FGA/AL/PDA",321,0,321
2023-10-22,"Nationalratswahl 2023","ZH294","Elgg",294,294,58971,"EDU",1165,10,1175
2023-10-22,"Nationalratswahl 2023","ZH294","Elgg",294,294,58971,"Übrige",2777,142,2919
2023-10-22,"Nationalratswahl 2023","ZH294","Elgg",294,294,58971,"SD",104,4,108
2023-10-22,"Nationalratswahl 2023","ZH295","Horgen",295,295,207985,"SVP",58885,871,59756
2023-10-22,"Nationalratswahl 2023","ZH295","Horgen",295,295,207985,"SP",35273,948,36221
2023-10-22,"Nationalratswahl 2023","ZH295","Horgen",295,295,207985,"GP",15195,341,15536
2023-10-22,"Nationalratswahl 2023","ZH295","Horgen",295,295,207985,"GLP",25518,907,26425
2023-10-22,"Nationalratswahl 2023","ZH295","Horgen",295,295,207985,"FDP",31739,1500,33239
2023-10-22,"Nationalratswahl 2023","ZH295","Horgen",295,295,207985,"Mitte",22544,903,23447
2023-10-22,"Nationalratswahl 2023","ZH295","Horgen",295,295,207985,"EVP",4874,203,5077
2023-10-22,"Nationalratswahl 2023","ZH295","Horgen",295,295,207985,"FGA/AL/PDA",1426,9,1435
2023-10-22,"Nationalratswahl 2023","ZH295","Horgen",295,295,207985,"EDU",1624,2,1626
2023-10-22,"Nationalratswahl 2023","ZH295","Horgen",295,295,207985,"Übrige",4940,114,5054
2023-10-22,"Nationalratswahl 2023","ZH295","Horgen",295,295,207985,"SD",169,0,169
2023-10-22,"Nationalratswahl 2023","ZH296","Illnau-Effretikon",296,296,167419,"SVP",53102,790,53892
2023-10-22,"Nationalratswahl 2023","ZH296","Illnau-Effretikon",296,296,167419,"SP",31221,967,32188
2023-10-22,"Nationalratswahl 2023","ZH296","Illnau-Effretikon",296,296,167419,"GP",12255,233,12488
2023-10-22,"Nationalratswahl 2023","ZH296","Illnau-Effretikon",296,296,167419,"GLP",17389,447,17836
2023-10-22,"Nationalratswahl 2023","ZH296","Illnau-Effretikon",296,296,167419,"FDP",18550,554,19104
2023-10-22,"Nationalratswahl 2023","ZH296","Illnau-Effretikon",296,296,167419,"Mitte",15604,593,16197
2023-10-22,"Nationalratswahl 2023","ZH296","Illnau-Effretikon",296,296,167419,"EVP",5697,118,5815
2023-10-22,"Nationalratswahl 2023","ZH296","Illnau-Effretikon",296,296,167419,"FGA/AL/PDA",829,8,837
2023-10-22,"Nationalratswahl 2023","ZH296","Illnau-Effretikon",296,296,167419,"EDU",3954,23,3977
2023-10-22,"Nationalratswahl 2023","ZH296","Illnau-Effretikon",296,296,167419,"Übrige",4552,398,4950
2023-10-22,"Nationalratswahl 2023","ZH296","Illnau-Effretikon",296,296,167419,"SD",135,0,135
2023-10-22,"Nationalratswahl 2023","ZH297","Bauma",297,297,59105,"SVP",27680,810,28490
2023-10-22,"Nationalratswahl 2023","ZH297","Bauma",297,297,59105,"SP",5369,208,5577
2023-10-22,"Nationalratswahl 2023","ZH297","Bauma",297,297,59105,"GP",3069,32,3101
2023-10-22,"Nationalratswahl 2023","ZH297","Bauma",297,297,59105,"GLP",4002,132,4134
2023-10-22,"Nationalratswahl 2023","ZH297","Bauma",297,297,59105,"FDP",3147,64,3211
2023-10-22,"Nationalratswahl 2023","ZH297","Bauma",297,297,59105,"Mitte",2798,81,2879
2023-10-22,"Nationalratswahl 2023","ZH297","Bauma",297,297,59105,"EVP",4893,301,5194
2023-10-22,"Nationalratswahl 2023","ZH297","Bauma",297,297,59105,"FGA/AL/PDA",576,6,582
2023-10-22,"Nationalratswahl 2023","ZH297","Bauma",297,297,59105,"EDU",3112,20,3132
2023-10-22,"Nationalratswahl 2023","ZH297","Bauma",297,297,59105,"Übrige",2738,39,2777
2023-10-22,"Nationalratswahl 2023","ZH297","Bauma",297,297,59105,"SD",28,0,28
2023-10-22,"Nationalratswahl 2023","ZH298","Wiesendangen",298,298,93036,"SVP",34584,923,35507
2023-10-22,"Nationalratswahl 2023","ZH298","Wiesendangen",298,298,93036,"SP",10490,262,10752
2023-10-22,"Nationalratswahl 2023","ZH298","Wiesendangen",298,298,93036,"GP",5210,304,5514
2023-10-22,"Nationalratswahl 2023","ZH298","Wiesendangen",298,298,93036,"GLP",10775,257,11032
2023-10-22,"Nationalratswahl 2023","ZH298","Wiesendangen",298,298,93036,"FDP",11541,511,12052
2023-10-22,"Nationalratswahl 2023","ZH298","Wiesendangen",298,298,93036,"Mitte",8788,461,9249
2023-10-22,"Nationalratswahl 2023","ZH298","Wiesendangen",298,298,93036,"EVP",4365,128,4493
2023-10-22,"Nationalratswahl 2023","ZH298","Wiesendangen",298,298,93036,"FGA/AL/PDA",330,14,344
2023-10-22,"Nationalratswahl 2023","ZH298","Wiesendangen",298,298,93036,"EDU",1059,2,1061
2023-10-22,"Nationalratswahl 2023","ZH298","Wiesendangen",298,298,93036,"Übrige",2920,96,3016
2023-10-22,"Nationalratswahl 2023","ZH298","Wiesendangen",298,298,93036,"SD",16,0,16
