"Datum","Standort","Parameter","Intervall","Einheit","Wert","Status"
"2026-01-01T00:00+0100","Zch_Heubeeribüel","T","d1","°C",-2.57,"provisorisch"
"2026-01-01T00:00+0100","Zch_Heubeeribüel","T_max_h1","d1","°C",1.3,"provisorisch"
"2026-01-01T00:00+0100","Zch_Heubeeribüel","p","d1","hPa",941.89,"provisorisch"
"2026-01-01T00:00+0100","Zch_Rosengartenstrasse","RainDur","d1","min",0.0,"provisorisch"
"2026-01-01T00:00+0100","Zch_Rosengartenstrasse","T","d1","°C",-1.97,"provisorisch"
"2026-01-01T00:00+0100","Zch_Rosengartenstrasse","T_max_h1","d1","°C",2.47,"provisorisch"
"2026-01-01T00:00+0100","Zch_Rosengartenstrasse","p","d1","hPa",962.78,"provisorisch"
"2026-01-01T00:00+0100","Zch_Schimmelstrasse","RainDur","d1","min",0.0,"provisorisch"
"2026-01-01T00:00+0100","Zch_Schimmelstrasse","T","d1","°C",-1.05,"provisorisch"
"2026-01-01T00:00+0100","Zch_Schimmelstrasse","T_max_h1","d1","°C",2.79,"provisorisch"
"2026-01-01T00:00+0100","Zch_Schimmelstrasse","p","d1","hPa",965.43,"provisorisch"
"2026-01-01T00:00+0100","Zch_Stampfenbachstrasse","RainDur","d1","min",0.0,"provisorisch"
"2026-01-01T00:00+0100","Zch_Stampfenbachstrasse","StrGlo","d1","W/m2",68.82,"provisorisch"
"2026-01-01T00:00+0100","Zch_Stampfenbachstrasse","T","d1","°C",-1.42,"provisorisch"
"2026-01-01T00:00+0100","Zch_Stampfenbachstrasse","T_max_h1","d1","°C",2.68,"provisorisch"
"2026-01-01T00:00+0100","Zch_Stampfenbachstrasse","p","d1","hPa",962.72,"provisorisch"
"2026-01-02T00:00+0100","Zch_Heubeeribüel","T","d1","°C",0.12,"provisorisch"
"2026-01-02T00:00+0100","Zch_Heubeeribüel","T_max_h1","d1","°C",1.74,"provisorisch"
"2026-01-02T00:00+0100","Zch_Heubeeribüel","p","d1","hPa",934.82,"provisorisch"
"2026-01-02T00:00+0100","Zch_Rosengartenstrasse","RainDur","d1","min",111.68,"provisorisch"
"2026-01-02T00:00+0100","Zch_Rosengartenstrasse","T","d1","°C",1.19,"provisorisch"
"2026-01-02T00:00+0100","Zch_Rosengartenstrasse","T_max_h1","d1","°C",3.38,"provisorisch"
"2026-01-02T00:00+0100","Zch_Rosengartenstrasse","p","d1","hPa",955.39,"provisorisch"
"2026-01-02T00:00+0100","Zch_Schimmelstrasse","RainDur","d1","min",152.1,"provisorisch"
"2026-01-02T00:00+0100","Zch_Schimmelstrasse","T","d1","°C",1.9,"provisorisch"
"2026-01-02T00:00+0100","Zch_Schimmelstrasse","T_max_h1","d1","°C",3.81,"provisorisch"
"2026-01-02T00:00+0100","Zch_Schimmelstrasse","p","d1","hPa",958.0,"provisorisch"
"2026-01-02T00:00+0100","Zch_Stampfenbachstrasse","RainDur","d1","min",123.1,"provisorisch"
"2026-01-02T00:00+0100","Zch_Stampfenbachstrasse","StrGlo","d1","W/m2",18.62,"provisorisch"
"2026-01-02T00:00+0100","Zch_Stampfenbachstrasse","T","d1","°C",1.79,"provisorisch"
"2026-01-02T00:00+0100","Zch_Stampfenbachstrasse","T_max_h1","d1","°C",3.59,"provisorisch"
"2026-01-02T00:00+0100","Zch_Stampfenbachstrasse","p","d1","hPa",955.37,"provisorisch"
"2026-01-03T00:00+0100","Zch_Heubeeribüel","T","d1","°C",-2.46,"provisorisch"
"2026-01-03T00:00+0100","Zch_Heubeeribüel","T_max_h1","d1","°C",-1.26,"provisorisch"
"2026-01-03T00:00+0100","Zch_Heubeeribüel","p","d1","hPa",936.83,"provisorisch"
"2026-01-03T00:00+0100","Zch_Rosengartenstrasse","RainDur","d1","min",0.0,"provisorisch"
"2026-01-03T00:00+0100","Zch_Rosengartenstrasse","T","d1","°C",-0.75,"provisorisch"
"2026-01-03T00:00+0100","Zch_Rosengartenstrasse","T_max_h1","d1","°C",0.32,"provisorisch"
"2026-01-03T00:00+0100","Zch_Rosengartenstrasse","p","d1","hPa",957.63,"provisorisch"
"2026-01-03T00:00+0100","Zch_Schimmelstrasse","RainDur","d1","min",12.33,"provisorisch"
"2026-01-03T00:00+0100","Zch_Schimmelstrasse","T","d1","°C",-0.03,"provisorisch"
"2026-01-03T00:00+0100","Zch_Schimmelstrasse","T_max_h1","d1","°C",0.89,"provisorisch"
"2026-01-03T00:00+0100","Zch_Schimmelstrasse","p","d1","hPa",960.24,"provisorisch"
"2026-01-03T00:00+0100","Zch_Stampfenbachstrasse","RainDur","d1","min",2.55,"provisorisch"
"2026-01-03T00:00+0100","Zch_Stampfenbachstrasse","StrGlo","d1","W/m2",57.63,"provisorisch"
"2026-01-03T00:00+0100","Zch_Stampfenbachstrasse","T","d1","°C",-0.36,"provisorisch"
"2026-01-03T00:00+0100","Zch_Stampfenbachstrasse","T_max_h1","d1","°C",0.68,"provisorisch"
"2026-01-03T00:00+0100","Zch_Stampfenbachstrasse","p","d1","hPa",957.57,"provisorisch"
"2026-01-04T00:00+0100","Zch_Heubeeribüel","T","d1","°C",-4.71,"provisorisch"
"2026-01-04T00:00+0100","Zch_Heubeeribüel","T_max_h1","d1","°C",-2.71,"provisorisch"
"2026-01-04T00:00+0100","Zch_Heubeeribüel","p","d1","hPa",940.43,"provisorisch"
"2026-01-04T00:00+0100","Zch_Rosengartenstrasse","RainDur","d1","min",0.0,"provisorisch"
"2026-01-04T00:00+0100","Zch_Rosengartenstrasse","T","d1","°C",-3.45,"provisorisch"
"2026-01-04T00:00+0100","Zch_Rosengartenstrasse","T_max_h1","d1","°C",-1.0,"provisorisch"
"2026-01-04T00:00+0100","Zch_Rosengartenstrasse","p","d1","hPa",961.41,"provisorisch"
"2026-01-04T00:00+0100","Zch_Schimmelstrasse","RainDur","d1","min",0.0,"provisorisch"
"2026-01-04T00:00+0100","Zch_Schimmelstrasse","T","d1","°C",-2.38,"provisorisch"
"2026-01-04T00:00+0100","Zch_Schimmelstrasse","T_max_h1","d1","°C",-0.49,"provisorisch"
"2026-01-04T00:00+0100","Zch_Schimmelstrasse","p","d1","hPa",964.06,"provisorisch"
"2026-01-04T00:00+0100","Zch_Stampfenbachstrasse","RainDur","d1","min",0.0,"provisorisch"
"2026-01-04T00:00+0100","Zch_Stampfenbachstrasse","StrGlo","d1","W/m2",74.23,"provisorisch"
"2026-01-04T00:00+0100","Zch_Stampfenbachstrasse","T","d1","°C",-2.87,"provisorisch"
"2026-01-04T00:00+0100","Zch_Stampfenbachstrasse","T_max_h1","d1","°C",-0.89,"provisorisch"
"2026-01-04T00:00+0100","Zch_Stampfenbachstrasse","p","d1","hPa",961.27,"provisorisch"
"2026-01-05T00:00+0100","Zch_Heubeeribüel","T","d1","°C",-5.84,"provisorisch"
"2026-01-05T00:00+0100","Zch_Heubeeribüel","T_max_h1","d1","°C",-5.1,"provisorisch"
"2026-01-05T00:00+0100","Zch_Heubeeribüel","p","d1","hPa",941.14,"provisorisch"
"2026-01-05T00:00+0100","Zch_Rosengartenstrasse","RainDur","d1","min",0.0,"provisorisch"
"2026-01-05T00:00+0100","Zch_Rosengartenstrasse","T","d1","°C",-3.85,"provisorisch"
"2026-01-05T00:00+0100","Zch_Rosengartenstrasse","T_max_h1","d1","°C",-2.72,"provisorisch"
"2026-01-05T00:00+0100","Zch_Rosengartenstrasse","p","d1","hPa",962.26,"provisorisch"
"2026-01-05T00:00+0100","Zch_Schimmelstrasse","RainDur","d1","min",0.0,"provisorisch"
"2026-01-05T00:00+0100","Zch_Schimmelstrasse","T","d1","°C",-3.04,"provisorisch"
"2026-01-05T00:00+0100","Zch_Schimmelstrasse","T_max_h1","d1","°C",-2.1,"provisorisch"
"2026-01-05T00:00+0100","Zch_Schimmelstrasse","p","d1","hPa",964.91,"provisorisch"
"2026-01-05T00:00+0100","Zch_Stampfenbachstrasse","RainDur","d1","min",0.0,"provisorisch"
"2026-01-05T00:00+0100","Zch_Stampfenbachstrasse","StrGlo","d1","W/m2",36.89,"provisorisch"
"2026-01-05T00:00+0100","Zch_Stampfenbachstrasse","T","d1","°C",-3.35,"provisorisch"
"2026-01-05T00:00+0100","Zch_Stampfenbachstrasse","T_max_h1","d1","°C",-2.34,"provisorisch"
"2026-01-05T00:00+0100","Zch_Stampfenbachstrasse","p","d1","hPa",962.1,"provisorisch"
"2026-01-06T00:00+0100","Zch_Heubeeribüel","T","d1","°C",-7.05,"provisorisch"
"2026-01-06T00:00+0100","Zch_Heubeeribüel","T_max_h1","d1","°C",-5.29,"provisorisch"
"2026-01-06T00:00+0100","Zch_Heubeeribüel","p","d1","hPa",943.32,"provisorisch"
"2026-01-06T00:00+0100","Zch_Rosengartenstrasse","RainDur","d1","min",4.77,"provisorisch"
"2026-01-06T00:00+0100","Zch_Rosengartenstrasse","T","d1","°C",-5.89,"provisorisch"
"2026-01-06T00:00+0100","Zch_Rosengartenstrasse","T_max_h1","d1","°C",-3.5,"provisorisch"
"2026-01-06T00:00+0100","Zch_Rosengartenstrasse","p","d1","hPa",964.7,"provisorisch"
"2026-01-06T00:00+0100","Zch_Schimmelstrasse","RainDur","d1","min",5.78,"provisorisch"
"2026-01-06T00:00+0100","Zch_Schimmelstrasse","T","d1","°C",-4.51,"provisorisch"
"2026-01-06T00:00+0100","Zch_Schimmelstrasse","T_max_h1","d1","°C",-2.56,"provisorisch"
"2026-01-06T00:00+0100","Zch_Schimmelstrasse","p","d1","hPa",967.32,"provisorisch"
"2026-01-06T00:00+0100","Zch_Stampfenbachstrasse","RainDur","d1","min",13.22,"provisorisch"
"2026-01-06T00:00+0100","Zch_Stampfenbachstrasse","StrGlo","d1","W/m2",43.17,"provisorisch"
"2026-01-06T00:00+0100","Zch_Stampfenbachstrasse","T","d1","°C",-5.35,"provisorisch"
"2026-01-06T00:00+0100","Zch_Stampfenbachstrasse","T_max_h1","d1","°C",-3.24,"provisorisch"
"2026-01-06T00:00+0100","Zch_Stampfenbachstrasse","p","d1","hPa",964.46,"provisorisch"
"2026-01-07T00:00+0100","Zch_Heubeeribüel","T","d1","°C",-5.01,"provisorisch"
"2026-01-07T00:00+0100","Zch_Heubeeribüel","T_max_h1","d1","°C",-2.97,"provisorisch"
"2026-01-07T00:00+0100","Zch_Heubeeribüel","p","d1","hPa",942.24,"provisorisch"
"2026-01-07T00:00+0100","Zch_Rosengartenstrasse","RainDur","d1","min",40.83,"provisorisch"
"2026-01-07T00:00+0100","Zch_Rosengartenstrasse","T","d1","°C",-3.32,"provisorisch"
"2026-01-07T00:00+0100","Zch_Rosengartenstrasse","T_max_h1","d1","°C",-1.8,"provisorisch"
"2026-01-07T00:00+0100","Zch_Rosengartenstrasse","p","d1","hPa",963.38,"provisorisch"
"2026-01-07T00:00+0100","Zch_Schimmelstrasse","RainDur","d1","min",55.73,"provisorisch"
"2026-01-07T00:00+0100","Zch_Schimmelstrasse","T","d1","°C",-2.86,"provisorisch"
"2026-01-07T00:00+0100","Zch_Schimmelstrasse","T_max_h1","d1","°C",-1.4,"provisorisch"
"2026-01-07T00:00+0100","Zch_Schimmelstrasse","p","d1","hPa",966.01,"provisorisch"
"2026-01-07T00:00+0100","Zch_Stampfenbachstrasse","RainDur","d1","min",72.58,"provisorisch"
"2026-01-07T00:00+0100","Zch_Stampfenbachstrasse","StrGlo","d1","W/m2",60.48,"provisorisch"
"2026-01-07T00:00+0100","Zch_Stampfenbachstrasse","T","d1","°C",-2.98,"provisorisch"
"2026-01-07T00:00+0100","Zch_Stampfenbachstrasse","T_max_h1","d1","°C",-1.39,"provisorisch"
"2026-01-07T00:00+0100","Zch_Stampfenbachstrasse","p","d1","hPa",963.22,"provisorisch"
"2026-01-08T00:00+0100","Zch_Heubeeribüel","T","d1","°C",-0.82,"provisorisch"
"2026-01-08T00:00+0100","Zch_Heubeeribüel","T_max_h1","d1","°C",3.66,"provisorisch"
"2026-01-08T00:00+0100","Zch_Heubeeribüel","p","d1","hPa",938.98,"provisorisch"
"2026-01-08T00:00+0100","Zch_Rosengartenstrasse","RainDur","d1","min",455.36,"provisorisch"
"2026-01-08T00:00+0100","Zch_Rosengartenstrasse","T","d1","°C",0.78,"provisorisch"
"2026-01-08T00:00+0100","Zch_Rosengartenstrasse","T_max_h1","d1","°C",3.76,"provisorisch"
"2026-01-08T00:00+0100","Zch_Rosengartenstrasse","p","d1","hPa",959.63,"provisorisch"
"2026-01-08T00:00+0100","Zch_Schimmelstrasse","RainDur","d1","min",585.02,"provisorisch"
"2026-01-08T00:00+0100","Zch_Schimmelstrasse","T","d1","°C",1.35,"provisorisch"
"2026-01-08T00:00+0100","Zch_Schimmelstrasse","T_max_h1","d1","°C",4.94,"provisorisch"
"2026-01-08T00:00+0100","Zch_Schimmelstrasse","p","d1","hPa",962.2,"provisorisch"
"2026-01-08T00:00+0100","Zch_Stampfenbachstrasse","RainDur","d1","min",683.1,"provisorisch"
"2026-01-08T00:00+0100","Zch_Stampfenbachstrasse","StrGlo","d1","W/m2",15.9,"provisorisch"
"2026-01-08T00:00+0100","Zch_Stampfenbachstrasse","T","d1","°C",1.11,"provisorisch"
"2026-01-08T00:00+0100","Zch_Stampfenbachstrasse","T_max_h1","d1","°C",4.76,"provisorisch"
"2026-01-08T00:00+0100","Zch_Stampfenbachstrasse","p","d1","hPa",959.57,"provisorisch"
"2026-01-09T00:00+0100","Zch_Heubeeribüel","T","d1","°C",3.74,"provisorisch"
"2026-01-09T00:00+0100","Zch_Heubeeribüel","T_max_h1","d1","°C",5.18,"provisorisch"
"2026-01-09T00:00+0100","Zch_Heubeeribüel","p","d1","hPa",929.66,"provisorisch"
"2026-01-09T00:00+0100","Zch_Rosengartenstrasse","RainDur","d1","min",215.22,"provisorisch"
"2026-01-09T00:00+0100","Zch_Rosengartenstrasse","T","d1","°C",5.05,"provisorisch"
"2026-01-09T00:00+0100","Zch_Rosengartenstrasse","T_max_h1","d1","°C",6.52,"provisorisch"
"2026-01-09T00:00+0100","Zch_Rosengartenstrasse","p","d1","hPa",949.81,"provisorisch"
"2026-01-09T00:00+0100","Zch_Schimmelstrasse","RainDur","d1","min",275.83,"provisorisch"
"2026-01-09T00:00+0100","Zch_Schimmelstrasse","T","d1","°C",5.7,"provisorisch"
"2026-01-09T00:00+0100","Zch_Schimmelstrasse","T_max_h1","d1","°C",7.02,"provisorisch"
"2026-01-09T00:00+0100","Zch_Schimmelstrasse","p","d1","hPa",952.48,"provisorisch"
"2026-01-09T00:00+0100","Zch_Stampfenbachstrasse","RainDur","d1","min",296.01,"provisorisch"
"2026-01-09T00:00+0100","Zch_Stampfenbachstrasse","StrGlo","d1","W/m2",25.58,"provisorisch"
"2026-01-09T00:00+0100","Zch_Stampfenbachstrasse","T","d1","°C",5.42,"provisorisch"
"2026-01-09T00:00+0100","Zch_Stampfenbachstrasse","T_max_h1","d1","°C",6.73,"provisorisch"
"2026-01-09T00:00+0100","Zch_Stampfenbachstrasse","p","d1","hPa",949.87,"provisorisch"
"2026-01-10T00:00+0100","Zch_Heubeeribüel","T","d1","°C",-0.39,"provisorisch"
"2026-01-10T00:00+0100","Zch_Heubeeribüel","T_max_h1","d1","°C",0.84,"provisorisch"
"2026-01-10T00:00+0100","Zch_Heubeeribüel","p","d1","hPa",936.4,"provisorisch"
"2026-01-10T00:00+0100","Zch_Rosengartenstrasse","RainDur","d1","min",712.01,"provisorisch"
"2026-01-10T00:00+0100","Zch_Rosengartenstrasse","T","d1","°C",1.09,"provisorisch"
"2026-01-10T00:00+0100","Zch_Rosengartenstrasse","T_max_h1","d1","°C",2.42,"provisorisch"
"2026-01-10T00:00+0100","Zch_Rosengartenstrasse","p","d1","hPa",957.1,"provisorisch"
"2026-01-10T00:00+0100","Zch_Schimmelstrasse","RainDur","d1","min",836.8,"provisorisch"
"2026-01-10T00:00+0100","Zch_Schimmelstrasse","T","d1","°C",1.55,"provisorisch"
"2026-01-10T00:00+0100","Zch_Schimmelstrasse","T_max_h1","d1","°C",3.01,"provisorisch"
"2026-01-10T00:00+0100","Zch_Schimmelstrasse","p","d1","hPa",959.71,"provisorisch"
"2026-01-10T00:00+0100","Zch_Stampfenbachstrasse","RainDur","d1","min",672.25,"provisorisch"
"2026-01-10T00:00+0100","Zch_Stampfenbachstrasse","StrGlo","d1","W/m2",13.33,"provisorisch"
"2026-01-10T00:00+0100","Zch_Stampfenbachstrasse","T","d1","°C",1.29,"provisorisch"
"2026-01-10T00:00+0100","Zch_Stampfenbachstrasse","T_max_h1","d1","°C",2.58,"provisorisch"
"2026-01-10T00:00+0100","Zch_Stampfenbachstrasse","p","d1","hPa",957.09,"provisorisch"
"2026-01-11T00:00+0100","Zch_Heubeeribüel","T","d1","°C",-1.78,"provisorisch"
"2026-01-11T00:00+0100","Zch_Heubeeribüel","T_max_h1","d1","°C",-0.75,"provisorisch"
"2026-01-11T00:00+0100","Zch_Heubeeribüel","p","d1","hPa",950.63,"provisorisch"
"2026-01-11T00:00+0100","Zch_Rosengartenstrasse","RainDur","d1","min",37.4,"provisorisch"
"2026-01-11T00:00+0100","Zch_Rosengartenstrasse","T","d1","°C",-0.16,"provisorisch"
"2026-01-11T00:00+0100","Zch_Rosengartenstrasse","T_max_h1","d1","°C",0.88,"provisorisch"
"2026-01-11T00:00+0100","Zch_Rosengartenstrasse","p","d1","hPa",971.64,"provisorisch"
"2026-01-11T00:00+0100","Zch_Schimmelstrasse","RainDur","d1","min",145.98,"provisorisch"
"2026-01-11T00:00+0100","Zch_Schimmelstrasse","T","d1","°C",0.64,"provisorisch"
"2026-01-11T00:00+0100","Zch_Schimmelstrasse","T_max_h1","d1","°C",1.75,"provisorisch"
"2026-01-11T00:00+0100","Zch_Schimmelstrasse","p","d1","hPa",974.2,"provisorisch"
"2026-01-11T00:00+0100","Zch_Stampfenbachstrasse","RainDur","d1","min",130.9,"provisorisch"
"2026-01-11T00:00+0100","Zch_Stampfenbachstrasse","StrGlo","d1","W/m2",21.58,"provisorisch"
"2026-01-11T00:00+0100","Zch_Stampfenbachstrasse","T","d1","°C",0.22,"provisorisch"
"2026-01-11T00:00+0100","Zch_Stampfenbachstrasse","T_max_h1","d1","°C",1.18,"provisorisch"
"2026-01-11T00:00+0100","Zch_Stampfenbachstrasse","p","d1","hPa",971.52,"provisorisch"
"2026-01-12T00:00+0100","Zch_Heubeeribüel","T","d1","°C",1.33,"provisorisch"
"2026-01-12T00:00+0100","Zch_Heubeeribüel","T_max_h1","d1","°C",4.82,"provisorisch"
"2026-01-12T00:00+0100","Zch_Heubeeribüel","p","d1","hPa",947.27,"provisorisch"
"2026-01-12T00:00+0100","Zch_Rosengartenstrasse","RainDur","d1","min",68.75,"provisorisch"
"2026-01-12T00:00+0100","Zch_Rosengartenstrasse","T","d1","°C",2.02,"provisorisch"
"2026-01-12T00:00+0100","Zch_Rosengartenstrasse","T_max_h1","d1","°C",4.31,"provisorisch"
"2026-01-12T00:00+0100","Zch_Rosengartenstrasse","p","d1","hPa",967.86,"provisorisch"
"2026-01-12T00:00+0100","Zch_Schimmelstrasse","RainDur","d1","min",83.2,"provisorisch"
"2026-01-12T00:00+0100","Zch_Schimmelstrasse","T","d1","°C",2.36,"provisorisch"
"2026-01-12T00:00+0100","Zch_Schimmelstrasse","T_max_h1","d1","°C",5.14,"provisorisch"
"2026-01-12T00:00+0100","Zch_Schimmelstrasse","p","d1","hPa",970.49,"provisorisch"
"2026-01-12T00:00+0100","Zch_Stampfenbachstrasse","RainDur","d1","min",116.75,"provisorisch"
"2026-01-12T00:00+0100","Zch_Stampfenbachstrasse","StrGlo","d1","W/m2",36.44,"provisorisch"
"2026-01-12T00:00+0100","Zch_Stampfenbachstrasse","T","d1","°C",2.43,"provisorisch"
"2026-01-12T00:00+0100","Zch_Stampfenbachstrasse","T_max_h1","d1","°C",4.92,"provisorisch"
"2026-01-12T00:00+0100","Zch_Stampfenbachstrasse","p","d1","hPa",967.84,"provisorisch"
"2026-01-13T00:00+0100","Zch_Heubeeribüel","T","d1","°C",4.97,"provisorisch"
"2026-01-13T00:00+0100","Zch_Heubeeribüel","T_max_h1","d1","°C",7.85,"provisorisch"
"2026-01-13T00:00+0100","Zch_Heubeeribüel","p","d1","hPa",945.07,"provisorisch"
"2026-01-13T00:00+0100","Zch_Rosengartenstrasse","RainDur","d1","min",0.0,"provisorisch"
"2026-01-13T00:00+0100","Zch_Rosengartenstrasse","T","d1","°C",4.39,"provisorisch"
"2026-01-13T00:00+0100","Zch_Rosengartenstrasse","T_max_h1","d1","°C",8.13,"provisorisch"
"2026-01-13T00:00+0100","Zch_Rosengartenstrasse","p","d1","hPa",965.41,"provisorisch"
"2026-01-13T00:00+0100","Zch_Schimmelstrasse","RainDur","d1","min",0.0,"provisorisch"
"2026-01-13T00:00+0100","Zch_Schimmelstrasse","T","d1","°C",4.24,"provisorisch"
"2026-01-13T00:00+0100","Zch_Schimmelstrasse","T_max_h1","d1","°C",8.05,"provisorisch"
"2026-01-13T00:00+0100","Zch_Schimmelstrasse","p","d1","hPa",968.02,"provisorisch"
"2026-01-13T00:00+0100","Zch_Stampfenbachstrasse","RainDur","d1","min",0.0,"provisorisch"
"2026-01-13T00:00+0100","Zch_Stampfenbachstrasse","StrGlo","d1","W/m2",57.11,"provisorisch"
"2026-01-13T00:00+0100","Zch_Stampfenbachstrasse","T","d1","°C",4.83,"provisorisch"
"2026-01-13T00:00+0100","Zch_Stampfenbachstrasse","T_max_h1","d1","°C",8.41,"provisorisch"
"2026-01-13T00:00+0100","Zch_Stampfenbachstrasse","p","d1","hPa",965.32,"provisorisch"
"2026-01-14T00:00+0100","Zch_Heubeeribüel","T","d1","°C",6.51,"provisorisch"
"2026-01-14T00:00+0100","Zch_Heubeeribüel","T_max_h1","d1","°C",10.28,"provisorisch"
"2026-01-14T00:00+0100","Zch_Heubeeribüel","p","d1","hPa",946.84,"provisorisch"
"2026-01-14T00:00+0100","Zch_Rosengartenstrasse","RainDur","d1","min",0.0,"provisorisch"
"2026-01-14T00:00+0100","Zch_Rosengartenstrasse","T","d1","°C",4.78,"provisorisch"
"2026-01-14T00:00+0100","Zch_Rosengartenstrasse","T_max_h1","d1","°C",10.08,"provisorisch"
"2026-01-14T00:00+0100","Zch_Rosengartenstrasse","p","d1","hPa",967.2,"provisorisch"
"2026-01-14T00:00+0100","Zch_Schimmelstrasse","RainDur","d1","min",0.0,"provisorisch"
"2026-01-14T00:00+0100","Zch_Schimmelstrasse","T","d1","°C",4.53,"provisorisch"
"2026-01-14T00:00+0100","Zch_Schimmelstrasse","T_max_h1","d1","°C",9.29,"provisorisch"
"2026-01-14T00:00+0100","Zch_Schimmelstrasse","p","d1","hPa",969.77,"provisorisch"
"2026-01-14T00:00+0100","Zch_Stampfenbachstrasse","RainDur","d1","min",0.0,"provisorisch"
"2026-01-14T00:00+0100","Zch_Stampfenbachstrasse","StrGlo","d1","W/m2",72.58,"provisorisch"
"2026-01-14T00:00+0100","Zch_Stampfenbachstrasse","T","d1","°C",5.23,"provisorisch"
"2026-01-14T00:00+0100","Zch_Stampfenbachstrasse","T_max_h1","d1","°C",10.01,"provisorisch"
"2026-01-14T00:00+0100","Zch_Stampfenbachstrasse","p","d1","hPa",967.13,"provisorisch"
"2026-01-15T00:00+0100","Zch_Heubeeribüel","T","d1","°C",6.85,"provisorisch"
"2026-01-15T00:00+0100","Zch_Heubeeribüel","T_max_h1","d1","°C",9.58,"provisorisch"
"2026-01-15T00:00+0100","Zch_Heubeeribüel","p","d1","hPa",945.01,"provisorisch"
"2026-01-15T00:00+0100","Zch_Rosengartenstrasse","RainDur","d1","min",0.5,"provisorisch"
"2026-01-15T00:00+0100","Zch_Rosengartenstrasse","T","d1","°C",6.44,"provisorisch"
"2026-01-15T00:00+0100","Zch_Rosengartenstrasse","T_max_h1","d1","°C",10.28,"provisorisch"
"2026-01-15T00:00+0100","Zch_Rosengartenstrasse","p","d1","hPa",965.27,"provisorisch"
"2026-01-15T00:00+0100","Zch_Schimmelstrasse","RainDur","d1","min",0.47,"provisorisch"
"2026-01-15T00:00+0100","Zch_Schimmelstrasse","T","d1","°C",6.26,"provisorisch"
"2026-01-15T00:00+0100","Zch_Schimmelstrasse","T_max_h1","d1","°C",9.97,"provisorisch"
"2026-01-15T00:00+0100","Zch_Schimmelstrasse","p","d1","hPa",967.82,"provisorisch"
"2026-01-15T00:00+0100","Zch_Stampfenbachstrasse","RainDur","d1","min",0.0,"provisorisch"
"2026-01-15T00:00+0100","Zch_Stampfenbachstrasse","StrGlo","d1","W/m2",67.15,"provisorisch"
"2026-01-15T00:00+0100","Zch_Stampfenbachstrasse","T","d1","°C",6.75,"provisorisch"
"2026-01-15T00:00+0100","Zch_Stampfenbachstrasse","T_max_h1","d1","°C",10.18,"provisorisch"
"2026-01-15T00:00+0100","Zch_Stampfenbachstrasse","p","d1","hPa",965.2,"provisorisch"
"2026-01-16T00:00+0100","Zch_Heubeeribüel","T","d1","°C",3.88,"provisorisch"
"2026-01-16T00:00+0100","Zch_Heubeeribüel","T_max_h1","d1","°C",6.76,"provisorisch"
"2026-01-16T00:00+0100","Zch_Heubeeribüel","p","d1","hPa",945.01,"provisorisch"
"2026-01-16T00:00+0100","Zch_Rosengartenstrasse","RainDur","d1","min",0.0,"provisorisch"
"2026-01-16T00:00+0100","Zch_Rosengartenstrasse","T","d1","°C",2.08,"provisorisch"
"2026-01-16T00:00+0100","Zch_Rosengartenstrasse","T_max_h1","d1","°C",4.34,"provisorisch"
"2026-01-16T00:00+0100","Zch_Rosengartenstrasse","p","d1","hPa",965.65,"provisorisch"
"2026-01-16T00:00+0100","Zch_Schimmelstrasse","RainDur","d1","min",0.0,"provisorisch"
"2026-01-16T00:00+0100","Zch_Schimmelstrasse","T","d1","°C",2.9,"provisorisch"
"2026-01-16T00:00+0100","Zch_Schimmelstrasse","T_max_h1","d1","°C",5.7,"provisorisch"
"2026-01-16T00:00+0100","Zch_Schimmelstrasse","p","d1","hPa",968.25,"provisorisch"
"2026-01-16T00:00+0100","Zch_Stampfenbachstrasse","RainDur","d1","min",0.0,"provisorisch"
"2026-01-16T00:00+0100","Zch_Stampfenbachstrasse","StrGlo","d1","W/m2",53.5,"provisorisch"
"2026-01-16T00:00+0100","Zch_Stampfenbachstrasse","T","d1","°C",2.84,"provisorisch"
"2026-01-16T00:00+0100","Zch_Stampfenbachstrasse","T_max_h1","d1","°C",4.73,"provisorisch"
"2026-01-16T00:00+0100","Zch_Stampfenbachstrasse","p","d1","hPa",965.55,"provisorisch"
"2026-01-17T00:00+0100","Zch_Heubeeribüel","T","d1","°C",1.95,"provisorisch"
"2026-01-17T00:00+0100","Zch_Heubeeribüel","T_max_h1","d1","°C",3.11,"provisorisch"
"2026-01-17T00:00+0100","Zch_Heubeeribüel","p","d1","hPa",946.59,"provisorisch"
"2026-01-17T00:00+0100","Zch_Rosengartenstrasse","RainDur","d1","min",0.0,"provisorisch"
"2026-01-17T00:00+0100","Zch_Rosengartenstrasse","T","d1","°C",1.89,"provisorisch"
"2026-01-17T00:00+0100","Zch_Rosengartenstrasse","T_max_h1","d1","°C",3.95,"provisorisch"
"2026-01-17T00:00+0100","Zch_Rosengartenstrasse","p","d1","hPa",967.33,"provisorisch"
"2026-01-17T00:00+0100","Zch_Schimmelstrasse","RainDur","d1","min",0.0,"provisorisch"
"2026-01-17T00:00+0100","Zch_Schimmelstrasse","T","d1","°C",2.72,"provisorisch"
"2026-01-17T00:00+0100","Zch_Schimmelstrasse","T_max_h1","d1","°C",4.92,"provisorisch"
"2026-01-17T00:00+0100","Zch_Schimmelstrasse","p","d1","hPa",969.9,"provisorisch"
"2026-01-17T00:00+0100","Zch_Stampfenbachstrasse","RainDur","d1","min",171.33,"provisorisch"
"2026-01-17T00:00+0100","Zch_Stampfenbachstrasse","StrGlo","d1","W/m2",37.34,"provisorisch"
"2026-01-17T00:00+0100","Zch_Stampfenbachstrasse","T","d1","°C",2.45,"provisorisch"
"2026-01-17T00:00+0100","Zch_Stampfenbachstrasse","T_max_h1","d1","°C",4.32,"provisorisch"
"2026-01-17T00:00+0100","Zch_Stampfenbachstrasse","p","d1","hPa",967.23,"provisorisch"
"2026-01-18T00:00+0100","Zch_Heubeeribüel","T","d1","°C",-1.59,"provisorisch"
"2026-01-18T00:00+0100","Zch_Heubeeribüel","T_max_h1","d1","°C",-1.06,"provisorisch"
"2026-01-18T00:00+0100","Zch_Heubeeribüel","p","d1","hPa",947.04,"provisorisch"
"2026-01-18T00:00+0100","Zch_Rosengartenstrasse","RainDur","d1","min",0.0,"provisorisch"
"2026-01-18T00:00+0100","Zch_Rosengartenstrasse","T","d1","°C",0.22,"provisorisch"
"2026-01-18T00:00+0100","Zch_Rosengartenstrasse","T_max_h1","d1","°C",0.83,"provisorisch"
"2026-01-18T00:00+0100","Zch_Rosengartenstrasse","p","d1","hPa",967.97,"provisorisch"
"2026-01-18T00:00+0100","Zch_Schimmelstrasse","RainDur","d1","min",0.02,"provisorisch"
"2026-01-18T00:00+0100","Zch_Schimmelstrasse","T","d1","°C",0.98,"provisorisch"
"2026-01-18T00:00+0100","Zch_Schimmelstrasse","T_max_h1","d1","°C",1.99,"provisorisch"
"2026-01-18T00:00+0100","Zch_Schimmelstrasse","p","d1","hPa",970.54,"provisorisch"
"2026-01-18T00:00+0100","Zch_Stampfenbachstrasse","RainDur","d1","min",0.0,"provisorisch"
"2026-01-18T00:00+0100","Zch_Stampfenbachstrasse","StrGlo","d1","W/m2",21.24,"provisorisch"
"2026-01-18T00:00+0100","Zch_Stampfenbachstrasse","T","d1","°C",0.57,"provisorisch"
"2026-01-18T00:00+0100","Zch_Stampfenbachstrasse","T_max_h1","d1","°C",1.29,"provisorisch"
"2026-01-18T00:00+0100","Zch_Stampfenbachstrasse","p","d1","hPa",967.88,"provisorisch"
"2026-01-19T00:00+0100","Zch_Heubeeribüel","T","d1","°C",-1.46,"provisorisch"
"2026-01-19T00:00+0100","Zch_Heubeeribüel","T_max_h1","d1","°C",0.04,"provisorisch"
"2026-01-19T00:00+0100","Zch_Heubeeribüel","p","d1","hPa",947.46,"provisorisch"
"2026-01-19T00:00+0100","Zch_Rosengartenstrasse","RainDur","d1","min",0.0,"provisorisch"
"2026-01-19T00:00+0100","Zch_Rosengartenstrasse","T","d1","°C",-0.13,"provisorisch"
"2026-01-19T00:00+0100","Zch_Rosengartenstrasse","T_max_h1","d1","°C",1.53,"provisorisch"
"2026-01-19T00:00+0100","Zch_Rosengartenstrasse","p","d1","hPa",968.39,"provisorisch"
"2026-01-19T00:00+0100","Zch_Schimmelstrasse","RainDur","d1","min",0.0,"provisorisch"
"2026-01-19T00:00+0100","Zch_Schimmelstrasse","T","d1","°C",0.69,"provisorisch"
"2026-01-19T00:00+0100","Zch_Schimmelstrasse","T_max_h1","d1","°C",1.91,"provisorisch"
"2026-01-19T00:00+0100","Zch_Schimmelstrasse","p","d1","hPa",970.91,"provisorisch"
"2026-01-19T00:00+0100","Zch_Stampfenbachstrasse","RainDur","d1","min",0.0,"provisorisch"
"2026-01-19T00:00+0100","Zch_Stampfenbachstrasse","StrGlo","d1","W/m2",47.84,"provisorisch"
"2026-01-19T00:00+0100","Zch_Stampfenbachstrasse","T","d1","°C",0.36,"provisorisch"
"2026-01-19T00:00+0100","Zch_Stampfenbachstrasse","T_max_h1","d1","°C",2.25,"provisorisch"
"2026-01-19T00:00+0100","Zch_Stampfenbachstrasse","p","d1","hPa",968.31,"provisorisch"
"2026-01-20T00:00+0100","Zch_Heubeeribüel","T","d1","°C",-0.72,"provisorisch"
"2026-01-20T00:00+0100","Zch_Heubeeribüel","T_max_h1","d1","°C",3.31,"provisorisch"
"2026-01-20T00:00+0100","Zch_Heubeeribüel","p","d1","hPa",946.05,"provisorisch"
"2026-01-20T00:00+0100","Zch_Rosengartenstrasse","RainDur","d1","min",0.0,"provisorisch"
"2026-01-20T00:00+0100","Zch_Rosengartenstrasse","T","d1","°C",-1.01,"provisorisch"
"2026-01-20T00:00+0100","Zch_Rosengartenstrasse","T_max_h1","d1","°C",1.37,"provisorisch"
"2026-01-20T00:00+0100","Zch_Rosengartenstrasse","p","d1","hPa",967.03,"provisorisch"
"2026-01-20T00:00+0100","Zch_Schimmelstrasse","RainDur","d1","min",0.02,"provisorisch"
"2026-01-20T00:00+0100","Zch_Schimmelstrasse","T","d1","°C",0.05,"provisorisch"
"2026-01-20T00:00+0100","Zch_Schimmelstrasse","T_max_h1","d1","°C",2.36,"provisorisch"
"2026-01-20T00:00+0100","Zch_Schimmelstrasse","p","d1","hPa",969.57,"provisorisch"
"2026-01-20T00:00+0100","Zch_Stampfenbachstrasse","RainDur","d1","min",0.0,"provisorisch"
"2026-01-20T00:00+0100","Zch_Stampfenbachstrasse","StrGlo","d1","W/m2",75.14,"provisorisch"
"2026-01-20T00:00+0100","Zch_Stampfenbachstrasse","T","d1","°C",-0.53,"provisorisch"
"2026-01-20T00:00+0100","Zch_Stampfenbachstrasse","T_max_h1","d1","°C",1.42,"provisorisch"
"2026-01-20T00:00+0100","Zch_Stampfenbachstrasse","p","d1","hPa",966.92,"provisorisch"
"2026-01-21T00:00+0100","Zch_Heubeeribüel","T","d1","°C",-0.84,"provisorisch"
"2026-01-21T00:00+0100","Zch_Heubeeribüel","T_max_h1","d1","°C",3.39,"provisorisch"
"2026-01-21T00:00+0100","Zch_Heubeeribüel","p","d1","hPa",935.38,"provisorisch"
"2026-01-21T00:00+0100","Zch_Rosengartenstrasse","RainDur","d1","min",0.0,"provisorisch"
"2026-01-21T00:00+0100","Zch_Rosengartenstrasse","T","d1","°C",-1.53,"provisorisch"
"2026-01-21T00:00+0100","Zch_Rosengartenstrasse","T_max_h1","d1","°C",2.71,"provisorisch"
"2026-01-21T00:00+0100","Zch_Rosengartenstrasse","p","d1","hPa",956.08,"provisorisch"
"2026-01-21T00:00+0100","Zch_Schimmelstrasse","RainDur","d1","min",0.0,"provisorisch"
"2026-01-21T00:00+0100","Zch_Schimmelstrasse","T","d1","°C",0.22,"provisorisch"
"2026-01-21T00:00+0100","Zch_Schimmelstrasse","T_max_h1","d1","°C",4.2,"provisorisch"
"2026-01-21T00:00+0100","Zch_Schimmelstrasse","p","d1","hPa",958.62,"provisorisch"
"2026-01-21T00:00+0100","Zch_Stampfenbachstrasse","RainDur","d1","min",15.03,"provisorisch"
"2026-01-21T00:00+0100","Zch_Stampfenbachstrasse","StrGlo","d1","W/m2",82.67,"provisorisch"
"2026-01-21T00:00+0100","Zch_Stampfenbachstrasse","T","d1","°C",-0.78,"provisorisch"
"2026-01-21T00:00+0100","Zch_Stampfenbachstrasse","T_max_h1","d1","°C",3.27,"provisorisch"
"2026-01-21T00:00+0100","Zch_Stampfenbachstrasse","p","d1","hPa",955.94,"provisorisch"
"2026-01-22T00:00+0100","Zch_Heubeeribüel","T","d1","°C",-2.0,"provisorisch"
"2026-01-22T00:00+0100","Zch_Heubeeribüel","T_max_h1","d1","°C",-0.15,"provisorisch"
"2026-01-22T00:00+0100","Zch_Heubeeribüel","p","d1","hPa",927.87,"provisorisch"
"2026-01-22T00:00+0100","Zch_Rosengartenstrasse","RainDur","d1","min",0.0,"provisorisch"
"2026-01-22T00:00+0100","Zch_Rosengartenstrasse","T","d1","°C",-1.25,"provisorisch"
"2026-01-22T00:00+0100","Zch_Rosengartenstrasse","T_max_h1","d1","°C",1.77,"provisorisch"
"2026-01-22T00:00+0100","Zch_Rosengartenstrasse","p","d1","hPa",948.28,"provisorisch"
"2026-01-22T00:00+0100","Zch_Schimmelstrasse","RainDur","d1","min",0.0,"provisorisch"
"2026-01-22T00:00+0100","Zch_Schimmelstrasse","T","d1","°C",-0.23,"provisorisch"
"2026-01-22T00:00+0100","Zch_Schimmelstrasse","T_max_h1","d1","°C",1.73,"provisorisch"
"2026-01-22T00:00+0100","Zch_Schimmelstrasse","p","d1","hPa",950.83,"provisorisch"
"2026-01-22T00:00+0100","Zch_Stampfenbachstrasse","RainDur","d1","min",0.0,"provisorisch"
"2026-01-22T00:00+0100","Zch_Stampfenbachstrasse","StrGlo","d1","W/m2",48.34,"provisorisch"
"2026-01-22T00:00+0100","Zch_Stampfenbachstrasse","T","d1","°C",-0.64,"provisorisch"
"2026-01-22T00:00+0100","Zch_Stampfenbachstrasse","T_max_h1","d1","°C",2.01,"provisorisch"
"2026-01-22T00:00+0100","Zch_Stampfenbachstrasse","p","d1","hPa",948.2,"provisorisch"
"2026-01-23T00:00+0100","Zch_Heubeeribüel","T","d1","°C",-2.34,"provisorisch"
"2026-01-23T00:00+0100","Zch_Heubeeribüel","T_max_h1","d1","°C",-0.16,"provisorisch"
"2026-01-23T00:00+0100","Zch_Heubeeribüel","p","d1","hPa",926.8,"provisorisch"
"2026-01-23T00:00+0100","Zch_Rosengartenstrasse","RainDur","d1","min",0.0,"provisorisch"
"2026-01-23T00:00+0100","Zch_Rosengartenstrasse","T","d1","°C",-0.7,"provisorisch"
"2026-01-23T00:00+0100","Zch_Rosengartenstrasse","T_max_h1","d1","°C",0.9,"provisorisch"
"2026-01-23T00:00+0100","Zch_Rosengartenstrasse","p","d1","hPa",947.2,"provisorisch"
"2026-01-23T00:00+0100","Zch_Schimmelstrasse","RainDur","d1","min",0.02,"provisorisch"
"2026-01-23T00:00+0100","Zch_Schimmelstrasse","T","d1","°C",0.2,"provisorisch"
"2026-01-23T00:00+0100","Zch_Schimmelstrasse","T_max_h1","d1","°C",2.08,"provisorisch"
"2026-01-23T00:00+0100","Zch_Schimmelstrasse","p","d1","hPa",949.73,"provisorisch"
"2026-01-23T00:00+0100","Zch_Stampfenbachstrasse","RainDur","d1","min",0.0,"provisorisch"
"2026-01-23T00:00+0100","Zch_Stampfenbachstrasse","StrGlo","d1","W/m2",54.06,"provisorisch"
"2026-01-23T00:00+0100","Zch_Stampfenbachstrasse","T","d1","°C",-0.2,"provisorisch"
"2026-01-23T00:00+0100","Zch_Stampfenbachstrasse","T_max_h1","d1","°C",1.64,"provisorisch"
"2026-01-23T00:00+0100","Zch_Stampfenbachstrasse","p","d1","hPa",947.11,"provisorisch"
"2026-01-24T00:00+0100","Zch_Heubeeribüel","T","d1","°C",-0.21,"provisorisch"
"2026-01-24T00:00+0100","Zch_Heubeeribüel","T_max_h1","d1","°C",0.85,"provisorisch"
"2026-01-24T00:00+0100","Zch_Heubeeribüel","p","d1","hPa",929.59,"provisorisch"
"2026-01-24T00:00+0100","Zch_Rosengartenstrasse","RainDur","d1","min",0.0,"provisorisch"
"2026-01-24T00:00+0100","Zch_Rosengartenstrasse","T","d1","°C",1.64,"provisorisch"
"2026-01-24T00:00+0100","Zch_Rosengartenstrasse","T_max_h1","d1","°C",3.02,"provisorisch"
"2026-01-24T00:00+0100","Zch_Rosengartenstrasse","p","d1","hPa",949.92,"provisorisch"
"2026-01-24T00:00+0100","Zch_Schimmelstrasse","RainDur","d1","min",0.15,"provisorisch"
"2026-01-24T00:00+0100","Zch_Schimmelstrasse","T","d1","°C",2.41,"provisorisch"
"2026-01-24T00:00+0100","Zch_Schimmelstrasse","T_max_h1","d1","°C",3.7,"provisorisch"
"2026-01-24T00:00+0100","Zch_Schimmelstrasse","p","d1","hPa",952.49,"provisorisch"
"2026-01-24T00:00+0100","Zch_Stampfenbachstrasse","RainDur","d1","min",0.48,"provisorisch"
"2026-01-24T00:00+0100","Zch_Stampfenbachstrasse","StrGlo","d1","W/m2",29.72,"provisorisch"
"2026-01-24T00:00+0100","Zch_Stampfenbachstrasse","T","d1","°C",2.03,"provisorisch"
"2026-01-24T00:00+0100","Zch_Stampfenbachstrasse","T_max_h1","d1","°C",3.29,"provisorisch"
"2026-01-24T00:00+0100","Zch_Stampfenbachstrasse","p","d1","hPa",949.81,"provisorisch"
"2026-01-25T00:00+0100","Zch_Heubeeribüel","T","d1","°C",1.59,"provisorisch"
"2026-01-25T00:00+0100","Zch_Heubeeribüel","T_max_h1","d1","°C",4.04,"provisorisch"
"2026-01-25T00:00+0100","Zch_Heubeeribüel","p","d1","hPa",927.22,"provisorisch"
"2026-01-25T00:00+0100","Zch_Rosengartenstrasse","RainDur","d1","min",9.07,"provisorisch"
"2026-01-25T00:00+0100","Zch_Rosengartenstrasse","T","d1","°C",3.27,"provisorisch"
"2026-01-25T00:00+0100","Zch_Rosengartenstrasse","T_max_h1","d1","°C",5.35,"provisorisch"
"2026-01-25T00:00+0100","Zch_Rosengartenstrasse","p","d1","hPa",947.42,"provisorisch"
"2026-01-25T00:00+0100","Zch_Schimmelstrasse","RainDur","d1","min",9.35,"provisorisch"
"2026-01-25T00:00+0100","Zch_Schimmelstrasse","T","d1","°C",3.57,"provisorisch"
"2026-01-25T00:00+0100","Zch_Schimmelstrasse","T_max_h1","d1","°C",5.4,"provisorisch"
"2026-01-25T00:00+0100","Zch_Schimmelstrasse","p","d1","hPa",949.95,"provisorisch"
"2026-01-25T00:00+0100","Zch_Stampfenbachstrasse","RainDur","d1","min",23.43,"provisorisch"
"2026-01-25T00:00+0100","Zch_Stampfenbachstrasse","StrGlo","d1","W/m2",65.61,"provisorisch"
"2026-01-25T00:00+0100","Zch_Stampfenbachstrasse","T","d1","°C",3.53,"provisorisch"
"2026-01-25T00:00+0100","Zch_Stampfenbachstrasse","T_max_h1","d1","°C",5.45,"provisorisch"
"2026-01-25T00:00+0100","Zch_Stampfenbachstrasse","p","d1","hPa",947.36,"provisorisch"
"2026-01-26T00:00+0100","Zch_Heubeeribüel","T","d1","°C",3.17,"provisorisch"
"2026-01-26T00:00+0100","Zch_Heubeeribüel","T_max_h1","d1","°C",5.42,"provisorisch"
"2026-01-26T00:00+0100","Zch_Heubeeribüel","p","d1","hPa",931.22,"provisorisch"
"2026-01-26T00:00+0100","Zch_Rosengartenstrasse","RainDur","d1","min",268.83,"provisorisch"
"2026-01-26T00:00+0100","Zch_Rosengartenstrasse","T","d1","°C",4.58,"provisorisch"
"2026-01-26T00:00+0100","Zch_Rosengartenstrasse","T_max_h1","d1","°C",6.85,"provisorisch"
"2026-01-26T00:00+0100","Zch_Rosengartenstrasse","p","d1","hPa",951.34,"provisorisch"
"2026-01-26T00:00+0100","Zch_Schimmelstrasse","RainDur","d1","min",338.25,"provisorisch"
"2026-01-26T00:00+0100","Zch_Schimmelstrasse","T","d1","°C",5.07,"provisorisch"
"2026-01-26T00:00+0100","Zch_Schimmelstrasse","T_max_h1","d1","°C",7.13,"provisorisch"
"2026-01-26T00:00+0100","Zch_Schimmelstrasse","p","d1","hPa",953.86,"provisorisch"
"2026-01-26T00:00+0100","Zch_Stampfenbachstrasse","RainDur","d1","min",504.05,"provisorisch"
"2026-01-26T00:00+0100","Zch_Stampfenbachstrasse","StrGlo","d1","W/m2",44.7,"provisorisch"
"2026-01-26T00:00+0100","Zch_Stampfenbachstrasse","T","d1","°C",5.0,"provisorisch"
"2026-01-26T00:00+0100","Zch_Stampfenbachstrasse","T_max_h1","d1","°C",7.14,"provisorisch"
"2026-01-26T00:00+0100","Zch_Stampfenbachstrasse","p","d1","hPa",951.31,"provisorisch"
"2026-01-27T00:00+0100","Zch_Heubeeribüel","T","d1","°C",1.76,"provisorisch"
"2026-01-27T00:00+0100","Zch_Heubeeribüel","T_max_h1","d1","°C",3.72,"provisorisch"
"2026-01-27T00:00+0100","Zch_Heubeeribüel","p","d1","hPa",928.65,"provisorisch"
"2026-01-27T00:00+0100","Zch_Rosengartenstrasse","RainDur","d1","min",86.87,"provisorisch"
"2026-01-27T00:00+0100","Zch_Rosengartenstrasse","T","d1","°C",2.29,"provisorisch"
"2026-01-27T00:00+0100","Zch_Rosengartenstrasse","T_max_h1","d1","°C",5.0,"provisorisch"
"2026-01-27T00:00+0100","Zch_Rosengartenstrasse","p","d1","hPa",948.87,"provisorisch"
"2026-01-27T00:00+0100","Zch_Schimmelstrasse","RainDur","d1","min",104.73,"provisorisch"
"2026-01-27T00:00+0100","Zch_Schimmelstrasse","T","d1","°C",3.16,"provisorisch"
"2026-01-27T00:00+0100","Zch_Schimmelstrasse","T_max_h1","d1","°C",5.57,"provisorisch"
"2026-01-27T00:00+0100","Zch_Schimmelstrasse","p","d1","hPa",951.39,"provisorisch"
"2026-01-27T00:00+0100","Zch_Stampfenbachstrasse","RainDur","d1","min",94.57,"provisorisch"
"2026-01-27T00:00+0100","Zch_Stampfenbachstrasse","StrGlo","d1","W/m2",61.54,"provisorisch"
"2026-01-27T00:00+0100","Zch_Stampfenbachstrasse","T","d1","°C",2.85,"provisorisch"
"2026-01-27T00:00+0100","Zch_Stampfenbachstrasse","T_max_h1","d1","°C",5.35,"provisorisch"
"2026-01-27T00:00+0100","Zch_Stampfenbachstrasse","p","d1","hPa",948.79,"provisorisch"
"2026-01-28T00:00+0100","Zch_Heubeeribüel","T","d1","°C",1.66,"provisorisch"
"2026-01-28T00:00+0100","Zch_Heubeeribüel","T_max_h1","d1","°C",2.99,"provisorisch"
"2026-01-28T00:00+0100","Zch_Heubeeribüel","p","d1","hPa",921.56,"provisorisch"
"2026-01-28T00:00+0100","Zch_Rosengartenstrasse","RainDur","d1","min",357.31,"provisorisch"
"2026-01-28T00:00+0100","Zch_Rosengartenstrasse","T","d1","°C",3.25,"provisorisch"
"2026-01-28T00:00+0100","Zch_Rosengartenstrasse","T_max_h1","d1","°C",4.79,"provisorisch"
"2026-01-28T00:00+0100","Zch_Rosengartenstrasse","p","d1","hPa",941.71,"provisorisch"
"2026-01-28T00:00+0100","Zch_Schimmelstrasse","RainDur","d1","min",531.27,"provisorisch"
"2026-01-28T00:00+0100","Zch_Schimmelstrasse","T","d1","°C",3.67,"provisorisch"
"2026-01-28T00:00+0100","Zch_Schimmelstrasse","T_max_h1","d1","°C",5.19,"provisorisch"
"2026-01-28T00:00+0100","Zch_Schimmelstrasse","p","d1","hPa",944.1,"provisorisch"
"2026-01-28T00:00+0100","Zch_Stampfenbachstrasse","RainDur","d1","min",634.18,"provisorisch"
"2026-01-28T00:00+0100","Zch_Stampfenbachstrasse","StrGlo","d1","W/m2",15.71,"provisorisch"
"2026-01-28T00:00+0100","Zch_Stampfenbachstrasse","T","d1","°C",3.6,"provisorisch"
"2026-01-28T00:00+0100","Zch_Stampfenbachstrasse","T_max_h1","d1","°C",4.82,"provisorisch"
"2026-01-28T00:00+0100","Zch_Stampfenbachstrasse","p","d1","hPa",941.54,"provisorisch"
"2026-01-29T00:00+0100","Zch_Heubeeribüel","T","d1","°C",1.99,"provisorisch"
"2026-01-29T00:00+0100","Zch_Heubeeribüel","T_max_h1","d1","°C",3.51,"provisorisch"
"2026-01-29T00:00+0100","Zch_Heubeeribüel","p","d1","hPa",927.91,"provisorisch"
"2026-01-29T00:00+0100","Zch_Rosengartenstrasse","RainDur","d1","min",231.58,"provisorisch"
"2026-01-29T00:00+0100","Zch_Rosengartenstrasse","T","d1","°C",3.79,"provisorisch"
"2026-01-29T00:00+0100","Zch_Rosengartenstrasse","T_max_h1","d1","°C",5.28,"provisorisch"
"2026-01-29T00:00+0100","Zch_Rosengartenstrasse","p","d1","hPa",947.96,"provisorisch"
"2026-01-29T00:00+0100","Zch_Schimmelstrasse","RainDur","d1","min",308.67,"provisorisch"
"2026-01-29T00:00+0100","Zch_Schimmelstrasse","T","d1","°C",3.84,"provisorisch"
"2026-01-29T00:00+0100","Zch_Schimmelstrasse","T_max_h1","d1","°C",NA,"provisorisch"
"2026-01-29T00:00+0100","Zch_Schimmelstrasse","p","d1","hPa",950.49,"provisorisch"
"2026-01-29T00:00+0100","Zch_Stampfenbachstrasse","RainDur","d1","min",418.45,"provisorisch"
"2026-01-29T00:00+0100","Zch_Stampfenbachstrasse","StrGlo","d1","W/m2",27.43,"provisorisch"
"2026-01-29T00:00+0100","Zch_Stampfenbachstrasse","T","d1","°C",4.09,"provisorisch"
"2026-01-29T00:00+0100","Zch_Stampfenbachstrasse","T_max_h1","d1","°C",5.45,"provisorisch"
"2026-01-29T00:00+0100","Zch_Stampfenbachstrasse","p","d1","hPa",947.94,"provisorisch"
"2026-01-30T00:00+0100","Zch_Heubeeribüel","T","d1","°C",0.53,"provisorisch"
"2026-01-30T00:00+0100","Zch_Heubeeribüel","T_max_h1","d1","°C",2.23,"provisorisch"
"2026-01-30T00:00+0100","Zch_Heubeeribüel","p","d1","hPa",929.43,"provisorisch"
"2026-01-30T00:00+0100","Zch_Rosengartenstrasse","RainDur","d1","min",252.94,"provisorisch"
"2026-01-30T00:00+0100","Zch_Rosengartenstrasse","T","d1","°C",1.9,"provisorisch"
"2026-01-30T00:00+0100","Zch_Rosengartenstrasse","T_max_h1","d1","°C",3.15,"provisorisch"
"2026-01-30T00:00+0100","Zch_Rosengartenstrasse","p","d1","hPa",949.61,"provisorisch"
"2026-01-30T00:00+0100","Zch_Schimmelstrasse","RainDur","d1","min",318.83,"provisorisch"
"2026-01-30T00:00+0100","Zch_Schimmelstrasse","T","d1","°C",2.39,"provisorisch"
"2026-01-30T00:00+0100","Zch_Schimmelstrasse","T_max_h1","d1","°C",3.15,"provisorisch"
"2026-01-30T00:00+0100","Zch_Schimmelstrasse","p","d1","hPa",952.18,"provisorisch"
"2026-01-30T00:00+0100","Zch_Stampfenbachstrasse","RainDur","d1","min",471.2,"provisorisch"
"2026-01-30T00:00+0100","Zch_Stampfenbachstrasse","StrGlo","d1","W/m2",16.74,"provisorisch"
"2026-01-30T00:00+0100","Zch_Stampfenbachstrasse","T","d1","°C",2.39,"provisorisch"
"2026-01-30T00:00+0100","Zch_Stampfenbachstrasse","T_max_h1","d1","°C",3.5,"provisorisch"
"2026-01-30T00:00+0100","Zch_Stampfenbachstrasse","p","d1","hPa",949.52,"provisorisch"
"2026-01-31T00:00+0100","Zch_Heubeeribüel","T","d1","°C",0.48,"provisorisch"
"2026-01-31T00:00+0100","Zch_Heubeeribüel","T_max_h1","d1","°C",1.45,"provisorisch"
"2026-01-31T00:00+0100","Zch_Heubeeribüel","p","d1","hPa",932.89,"provisorisch"
"2026-01-31T00:00+0100","Zch_Rosengartenstrasse","RainDur","d1","min",0.0,"provisorisch"
"2026-01-31T00:00+0100","Zch_Rosengartenstrasse","T","d1","°C",2.12,"provisorisch"
"2026-01-31T00:00+0100","Zch_Rosengartenstrasse","T_max_h1","d1","°C",3.21,"provisorisch"
"2026-01-31T00:00+0100","Zch_Rosengartenstrasse","p","d1","hPa",953.23,"provisorisch"
"2026-01-31T00:00+0100","Zch_Schimmelstrasse","RainDur","d1","min",0.0,"provisorisch"
"2026-01-31T00:00+0100","Zch_Schimmelstrasse","T","d1","°C",2.48,"provisorisch"
"2026-01-31T00:00+0100","Zch_Schimmelstrasse","T_max_h1","d1","°C",3.9,"provisorisch"
"2026-01-31T00:00+0100","Zch_Schimmelstrasse","p","d1","hPa",955.8,"provisorisch"
"2026-01-31T00:00+0100","Zch_Stampfenbachstrasse","RainDur","d1","min",0.0,"provisorisch"
"2026-01-31T00:00+0100","Zch_Stampfenbachstrasse","StrGlo","d1","W/m2",25.15,"provisorisch"
"2026-01-31T00:00+0100","Zch_Stampfenbachstrasse","T","d1","°C",2.51,"provisorisch"
"2026-01-31T00:00+0100","Zch_Stampfenbachstrasse","T_max_h1","d1","°C",3.55,"provisorisch"
"2026-01-31T00:00+0100","Zch_Stampfenbachstrasse","p","d1","hPa",953.16,"provisorisch"
"2026-02-01T00:00+0100","Zch_Heubeeribüel","T","d1","°C",1.39,"provisorisch"
"2026-02-01T00:00+0100","Zch_Heubeeribüel","T_max_h1","d1","°C",5.12,"provisorisch"
"2026-02-01T00:00+0100","Zch_Heubeeribüel","p","d1","hPa",937.33,"provisorisch"
"2026-02-01T00:00+0100","Zch_Rosengartenstrasse","RainDur","d1","min",0.0,"provisorisch"
"2026-02-01T00:00+0100","Zch_Rosengartenstrasse","T","d1","°C",2.97,"provisorisch"
"2026-02-01T00:00+0100","Zch_Rosengartenstrasse","T_max_h1","d1","°C",6.82,"provisorisch"
"2026-02-01T00:00+0100","Zch_Rosengartenstrasse","p","d1","hPa",957.79,"provisorisch"
"2026-02-01T00:00+0100","Zch_Schimmelstrasse","RainDur","d1","min",0.0,"provisorisch"
"2026-02-01T00:00+0100","Zch_Schimmelstrasse","T","d1","°C",3.51,"provisorisch"
"2026-02-01T00:00+0100","Zch_Schimmelstrasse","T_max_h1","d1","°C",7.0,"provisorisch"
"2026-02-01T00:00+0100","Zch_Schimmelstrasse","p","d1","hPa",960.35,"provisorisch"
"2026-02-01T00:00+0100","Zch_Stampfenbachstrasse","RainDur","d1","min",0.0,"provisorisch"
"2026-02-01T00:00+0100","Zch_Stampfenbachstrasse","StrGlo","d1","W/m2",81.69,"provisorisch"
"2026-02-01T00:00+0100","Zch_Stampfenbachstrasse","T","d1","°C",3.36,"provisorisch"
"2026-02-01T00:00+0100","Zch_Stampfenbachstrasse","T_max_h1","d1","°C",6.81,"provisorisch"
"2026-02-01T00:00+0100","Zch_Stampfenbachstrasse","p","d1","hPa",957.73,"provisorisch"
"2026-02-02T00:00+0100","Zch_Heubeeribüel","T","d1","°C",2.52,"provisorisch"
"2026-02-02T00:00+0100","Zch_Heubeeribüel","T_max_h1","d1","°C",6.92,"provisorisch"
"2026-02-02T00:00+0100","Zch_Heubeeribüel","p","d1","hPa",930.63,"provisorisch"
"2026-02-02T00:00+0100","Zch_Rosengartenstrasse","RainDur","d1","min",48.72,"provisorisch"
"2026-02-02T00:00+0100","Zch_Rosengartenstrasse","T","d1","°C",3.75,"provisorisch"
"2026-02-02T00:00+0100","Zch_Rosengartenstrasse","T_max_h1","d1","°C",8.29,"provisorisch"
"2026-02-02T00:00+0100","Zch_Rosengartenstrasse","p","d1","hPa",950.78,"provisorisch"
"2026-02-02T00:00+0100","Zch_Schimmelstrasse","RainDur","d1","min",32.43,"provisorisch"
"2026-02-02T00:00+0100","Zch_Schimmelstrasse","T","d1","°C",4.85,"provisorisch"
"2026-02-02T00:00+0100","Zch_Schimmelstrasse","T_max_h1","d1","°C",8.86,"provisorisch"
"2026-02-02T00:00+0100","Zch_Schimmelstrasse","p","d1","hPa",953.33,"provisorisch"
"2026-02-02T00:00+0100","Zch_Stampfenbachstrasse","RainDur","d1","min",56.38,"provisorisch"
"2026-02-02T00:00+0100","Zch_Stampfenbachstrasse","StrGlo","d1","W/m2",101.2,"provisorisch"
"2026-02-02T00:00+0100","Zch_Stampfenbachstrasse","T","d1","°C",4.16,"provisorisch"
"2026-02-02T00:00+0100","Zch_Stampfenbachstrasse","T_max_h1","d1","°C",8.38,"provisorisch"
"2026-02-02T00:00+0100","Zch_Stampfenbachstrasse","p","d1","hPa",950.72,"provisorisch"
"2026-02-03T00:00+0100","Zch_Heubeeribüel","T","d1","°C",4.1,"provisorisch"
"2026-02-03T00:00+0100","Zch_Heubeeribüel","T_max_h1","d1","°C",7.83,"provisorisch"
"2026-02-03T00:00+0100","Zch_Heubeeribüel","p","d1","hPa",928.86,"provisorisch"
"2026-02-03T00:00+0100","Zch_Rosengartenstrasse","RainDur","d1","min",6.43,"provisorisch"
"2026-02-03T00:00+0100","Zch_Rosengartenstrasse","T","d1","°C",5.15,"provisorisch"
"2026-02-03T00:00+0100","Zch_Rosengartenstrasse","T_max_h1","d1","°C",9.25,"provisorisch"
"2026-02-03T00:00+0100","Zch_Rosengartenstrasse","p","d1","hPa",948.92,"provisorisch"
"2026-02-03T00:00+0100","Zch_Schimmelstrasse","RainDur","d1","min",6.73,"provisorisch"
"2026-02-03T00:00+0100","Zch_Schimmelstrasse","T","d1","°C",5.62,"provisorisch"
"2026-02-03T00:00+0100","Zch_Schimmelstrasse","T_max_h1","d1","°C",9.55,"provisorisch"
"2026-02-03T00:00+0100","Zch_Schimmelstrasse","p","d1","hPa",951.44,"provisorisch"
"2026-02-03T00:00+0100","Zch_Stampfenbachstrasse","RainDur","d1","min",19.33,"provisorisch"
"2026-02-03T00:00+0100","Zch_Stampfenbachstrasse","StrGlo","d1","W/m2",74.76,"provisorisch"
"2026-02-03T00:00+0100","Zch_Stampfenbachstrasse","T","d1","°C",5.52,"provisorisch"
"2026-02-03T00:00+0100","Zch_Stampfenbachstrasse","T_max_h1","d1","°C",9.57,"provisorisch"
"2026-02-03T00:00+0100","Zch_Stampfenbachstrasse","p","d1","hPa",948.88,"provisorisch"
"2026-02-04T00:00+0100","Zch_Heubeeribüel","T","d1","°C",1.07,"provisorisch"
"2026-02-04T00:00+0100","Zch_Heubeeribüel","T_max_h1","d1","°C",3.72,"provisorisch"
"2026-02-04T00:00+0100","Zch_Heubeeribüel","p","d1","hPa",925.58,"provisorisch"
"2026-02-04T00:00+0100","Zch_Rosengartenstrasse","RainDur","d1","min",0.0,"provisorisch"
"2026-02-04T00:00+0100","Zch_Rosengartenstrasse","T","d1","°C",1.76,"provisorisch"
"2026-02-04T00:00+0100","Zch_Rosengartenstrasse","T_max_h1","d1","°C",3.77,"provisorisch"
"2026-02-04T00:00+0100","Zch_Rosengartenstrasse","p","d1","hPa",945.84,"provisorisch"
"2026-02-04T00:00+0100","Zch_Schimmelstrasse","RainDur","d1","min",0.0,"provisorisch"
"2026-02-04T00:00+0100","Zch_Schimmelstrasse","T","d1","°C",2.63,"provisorisch"
"2026-02-04T00:00+0100","Zch_Schimmelstrasse","T_max_h1","d1","°C",4.23,"provisorisch"
"2026-02-04T00:00+0100","Zch_Schimmelstrasse","p","d1","hPa",948.31,"provisorisch"
"2026-02-04T00:00+0100","Zch_Stampfenbachstrasse","RainDur","d1","min",0.0,"provisorisch"
"2026-02-04T00:00+0100","Zch_Stampfenbachstrasse","StrGlo","d1","W/m2",33.35,"provisorisch"
"2026-02-04T00:00+0100","Zch_Stampfenbachstrasse","T","d1","°C",2.28,"provisorisch"
"2026-02-04T00:00+0100","Zch_Stampfenbachstrasse","T_max_h1","d1","°C",4.16,"provisorisch"
"2026-02-04T00:00+0100","Zch_Stampfenbachstrasse","p","d1","hPa",945.73,"provisorisch"
"2026-02-05T00:00+0100","Zch_Heubeeribüel","T","d1","°C",0.54,"provisorisch"
"2026-02-05T00:00+0100","Zch_Heubeeribüel","T_max_h1","d1","°C",3.98,"provisorisch"
"2026-02-05T00:00+0100","Zch_Heubeeribüel","p","d1","hPa",921.49,"provisorisch"
"2026-02-05T00:00+0100","Zch_Rosengartenstrasse","RainDur","d1","min",0.0,"provisorisch"
"2026-02-05T00:00+0100","Zch_Rosengartenstrasse","T","d1","°C",1.85,"provisorisch"
"2026-02-05T00:00+0100","Zch_Rosengartenstrasse","T_max_h1","d1","°C",4.59,"provisorisch"
"2026-02-05T00:00+0100","Zch_Rosengartenstrasse","p","d1","hPa",941.7,"provisorisch"
"2026-02-05T00:00+0100","Zch_Schimmelstrasse","RainDur","d1","min",0.0,"provisorisch"
"2026-02-05T00:00+0100","Zch_Schimmelstrasse","T","d1","°C",2.67,"provisorisch"
"2026-02-05T00:00+0100","Zch_Schimmelstrasse","T_max_h1","d1","°C",5.25,"provisorisch"
"2026-02-05T00:00+0100","Zch_Schimmelstrasse","p","d1","hPa",944.14,"provisorisch"
"2026-02-05T00:00+0100","Zch_Stampfenbachstrasse","RainDur","d1","min",0.0,"provisorisch"
"2026-02-05T00:00+0100","Zch_Stampfenbachstrasse","StrGlo","d1","W/m2",78.18,"provisorisch"
"2026-02-05T00:00+0100","Zch_Stampfenbachstrasse","T","d1","°C",2.38,"provisorisch"
"2026-02-05T00:00+0100","Zch_Stampfenbachstrasse","T_max_h1","d1","°C",5.21,"provisorisch"
"2026-02-05T00:00+0100","Zch_Stampfenbachstrasse","p","d1","hPa",941.53,"provisorisch"
"2026-02-06T00:00+0100","Zch_Heubeeribüel","T","d1","°C",4.76,"provisorisch"
"2026-02-06T00:00+0100","Zch_Heubeeribüel","T_max_h1","d1","°C",8.33,"provisorisch"
"2026-02-06T00:00+0100","Zch_Heubeeribüel","p","d1","hPa",924.58,"provisorisch"
"2026-02-06T00:00+0100","Zch_Rosengartenstrasse","RainDur","d1","min",281.61,"provisorisch"
"2026-02-06T00:00+0100","Zch_Rosengartenstrasse","T","d1","°C",5.96,"provisorisch"
"2026-02-06T00:00+0100","Zch_Rosengartenstrasse","T_max_h1","d1","°C",9.71,"provisorisch"
"2026-02-06T00:00+0100","Zch_Rosengartenstrasse","p","d1","hPa",944.43,"provisorisch"
"2026-02-06T00:00+0100","Zch_Schimmelstrasse","RainDur","d1","min",417.71,"provisorisch"
"2026-02-06T00:00+0100","Zch_Schimmelstrasse","T","d1","°C",6.46,"provisorisch"
"2026-02-06T00:00+0100","Zch_Schimmelstrasse","T_max_h1","d1","°C",9.42,"provisorisch"
"2026-02-06T00:00+0100","Zch_Schimmelstrasse","p","d1","hPa",946.87,"provisorisch"
"2026-02-06T00:00+0100","Zch_Stampfenbachstrasse","RainDur","d1","min",472.72,"provisorisch"
"2026-02-06T00:00+0100","Zch_Stampfenbachstrasse","StrGlo","d1","W/m2",44.59,"provisorisch"
"2026-02-06T00:00+0100","Zch_Stampfenbachstrasse","T","d1","°C",6.38,"provisorisch"
"2026-02-06T00:00+0100","Zch_Stampfenbachstrasse","T_max_h1","d1","°C",9.53,"provisorisch"
"2026-02-06T00:00+0100","Zch_Stampfenbachstrasse","p","d1","hPa",944.37,"provisorisch"
"2026-02-07T00:00+0100","Zch_Heubeeribüel","T","d1","°C",6.62,"provisorisch"
"2026-02-07T00:00+0100","Zch_Heubeeribüel","T_max_h1","d1","°C",9.56,"provisorisch"
"2026-02-07T00:00+0100","Zch_Heubeeribüel","p","d1","hPa",934.01,"provisorisch"
"2026-02-07T00:00+0100","Zch_Rosengartenstrasse","RainDur","d1","min",74.1,"provisorisch"
"2026-02-07T00:00+0100","Zch_Rosengartenstrasse","T","d1","°C",7.56,"provisorisch"
"2026-02-07T00:00+0100","Zch_Rosengartenstrasse","T_max_h1","d1","°C",11.17,"provisorisch"
"2026-02-07T00:00+0100","Zch_Rosengartenstrasse","p","d1","hPa",953.95,"provisorisch"
"2026-02-07T00:00+0100","Zch_Schimmelstrasse","RainDur","d1","min",105.63,"provisorisch"
"2026-02-07T00:00+0100","Zch_Schimmelstrasse","T","d1","°C",8.12,"provisorisch"
"2026-02-07T00:00+0100","Zch_Schimmelstrasse","T_max_h1","d1","°C",11.44,"provisorisch"
"2026-02-07T00:00+0100","Zch_Schimmelstrasse","p","d1","hPa",956.43,"provisorisch"
"2026-02-07T00:00+0100","Zch_Stampfenbachstrasse","RainDur","d1","min",140.8,"provisorisch"
"2026-02-07T00:00+0100","Zch_Stampfenbachstrasse","StrGlo","d1","W/m2",99.48,"provisorisch"
"2026-02-07T00:00+0100","Zch_Stampfenbachstrasse","T","d1","°C",7.93,"provisorisch"
"2026-02-07T00:00+0100","Zch_Stampfenbachstrasse","T_max_h1","d1","°C",11.23,"provisorisch"
"2026-02-07T00:00+0100","Zch_Stampfenbachstrasse","p","d1","hPa",953.9,"provisorisch"
"2026-02-08T00:00+0100","Zch_Heubeeribüel","T","d1","°C",2.43,"provisorisch"
"2026-02-08T00:00+0100","Zch_Heubeeribüel","T_max_h1","d1","°C",4.4,"provisorisch"
"2026-02-08T00:00+0100","Zch_Heubeeribüel","p","d1","hPa",935.79,"provisorisch"
"2026-02-08T00:00+0100","Zch_Rosengartenstrasse","RainDur","d1","min",0.0,"provisorisch"
"2026-02-08T00:00+0100","Zch_Rosengartenstrasse","T","d1","°C",3.29,"provisorisch"
"2026-02-08T00:00+0100","Zch_Rosengartenstrasse","T_max_h1","d1","°C",5.39,"provisorisch"
"2026-02-08T00:00+0100","Zch_Rosengartenstrasse","p","d1","hPa",956.12,"provisorisch"
"2026-02-08T00:00+0100","Zch_Schimmelstrasse","RainDur","d1","min",0.0,"provisorisch"
"2026-02-08T00:00+0100","Zch_Schimmelstrasse","T","d1","°C",4.08,"provisorisch"
"2026-02-08T00:00+0100","Zch_Schimmelstrasse","T_max_h1","d1","°C",5.46,"provisorisch"
"2026-02-08T00:00+0100","Zch_Schimmelstrasse","p","d1","hPa",958.68,"provisorisch"
"2026-02-08T00:00+0100","Zch_Stampfenbachstrasse","RainDur","d1","min",0.0,"provisorisch"
"2026-02-08T00:00+0100","Zch_Stampfenbachstrasse","StrGlo","d1","W/m2",26.15,"provisorisch"
"2026-02-08T00:00+0100","Zch_Stampfenbachstrasse","T","d1","°C",3.91,"provisorisch"
"2026-02-08T00:00+0100","Zch_Stampfenbachstrasse","T_max_h1","d1","°C",5.48,"provisorisch"
"2026-02-08T00:00+0100","Zch_Stampfenbachstrasse","p","d1","hPa",956.07,"provisorisch"
"2026-02-09T00:00+0100","Zch_Heubeeribüel","T","d1","°C",2.61,"provisorisch"
"2026-02-09T00:00+0100","Zch_Heubeeribüel","T_max_h1","d1","°C",4.83,"provisorisch"
"2026-02-09T00:00+0100","Zch_Heubeeribüel","p","d1","hPa",935.61,"provisorisch"
"2026-02-09T00:00+0100","Zch_Rosengartenstrasse","RainDur","d1","min",0.0,"provisorisch"
"2026-02-09T00:00+0100","Zch_Rosengartenstrasse","T","d1","°C",4.21,"provisorisch"
"2026-02-09T00:00+0100","Zch_Rosengartenstrasse","T_max_h1","d1","°C",5.97,"provisorisch"
"2026-02-09T00:00+0100","Zch_Rosengartenstrasse","p","d1","hPa",955.89,"provisorisch"
"2026-02-09T00:00+0100","Zch_Schimmelstrasse","RainDur","d1","min",0.0,"provisorisch"
"2026-02-09T00:00+0100","Zch_Schimmelstrasse","T","d1","°C",4.77,"provisorisch"
"2026-02-09T00:00+0100","Zch_Schimmelstrasse","T_max_h1","d1","°C",6.28,"provisorisch"
"2026-02-09T00:00+0100","Zch_Schimmelstrasse","p","d1","hPa",958.45,"provisorisch"
"2026-02-09T00:00+0100","Zch_Stampfenbachstrasse","RainDur","d1","min",0.0,"provisorisch"
"2026-02-09T00:00+0100","Zch_Stampfenbachstrasse","StrGlo","d1","W/m2",57.24,"provisorisch"
"2026-02-09T00:00+0100","Zch_Stampfenbachstrasse","T","d1","°C",4.66,"provisorisch"
"2026-02-09T00:00+0100","Zch_Stampfenbachstrasse","T_max_h1","d1","°C",6.3,"provisorisch"
"2026-02-09T00:00+0100","Zch_Stampfenbachstrasse","p","d1","hPa",955.86,"provisorisch"
"2026-02-10T00:00+0100","Zch_Heubeeribüel","T","d1","°C",2.88,"provisorisch"
"2026-02-10T00:00+0100","Zch_Heubeeribüel","T_max_h1","d1","°C",5.43,"provisorisch"
"2026-02-10T00:00+0100","Zch_Heubeeribüel","p","d1","hPa",929.28,"provisorisch"
"2026-02-10T00:00+0100","Zch_Rosengartenstrasse","RainDur","d1","min",295.57,"provisorisch"
"2026-02-10T00:00+0100","Zch_Rosengartenstrasse","T","d1","°C",3.65,"provisorisch"
"2026-02-10T00:00+0100","Zch_Rosengartenstrasse","T_max_h1","d1","°C",6.17,"provisorisch"
"2026-02-10T00:00+0100","Zch_Rosengartenstrasse","p","d1","hPa",949.39,"provisorisch"
"2026-02-10T00:00+0100","Zch_Schimmelstrasse","RainDur","d1","min",415.77,"provisorisch"
"2026-02-10T00:00+0100","Zch_Schimmelstrasse","T","d1","°C",4.05,"provisorisch"
"2026-02-10T00:00+0100","Zch_Schimmelstrasse","T_max_h1","d1","°C",6.07,"provisorisch"
"2026-02-10T00:00+0100","Zch_Schimmelstrasse","p","d1","hPa",951.91,"provisorisch"
"2026-02-10T00:00+0100","Zch_Stampfenbachstrasse","RainDur","d1","min",424.52,"provisorisch"
"2026-02-10T00:00+0100","Zch_Stampfenbachstrasse","StrGlo","d1","W/m2",42.76,"provisorisch"
"2026-02-10T00:00+0100","Zch_Stampfenbachstrasse","T","d1","°C",4.18,"provisorisch"
"2026-02-10T00:00+0100","Zch_Stampfenbachstrasse","T_max_h1","d1","°C",6.56,"provisorisch"
"2026-02-10T00:00+0100","Zch_Stampfenbachstrasse","p","d1","hPa",949.32,"provisorisch"
"2026-02-11T00:00+0100","Zch_Heubeeribüel","T","d1","°C",7.53,"provisorisch"
"2026-02-11T00:00+0100","Zch_Heubeeribüel","T_max_h1","d1","°C",9.32,"provisorisch"
"2026-02-11T00:00+0100","Zch_Heubeeribüel","p","d1","hPa",922.84,"provisorisch"
"2026-02-11T00:00+0100","Zch_Rosengartenstrasse","RainDur","d1","min",307.48,"provisorisch"
"2026-02-11T00:00+0100","Zch_Rosengartenstrasse","T","d1","°C",8.85,"provisorisch"
"2026-02-11T00:00+0100","Zch_Rosengartenstrasse","T_max_h1","d1","°C",10.72,"provisorisch"
"2026-02-11T00:00+0100","Zch_Rosengartenstrasse","p","d1","hPa",942.67,"provisorisch"
"2026-02-11T00:00+0100","Zch_Schimmelstrasse","RainDur","d1","min",421.85,"provisorisch"
"2026-02-11T00:00+0100","Zch_Schimmelstrasse","T","d1","°C",9.48,"provisorisch"
"2026-02-11T00:00+0100","Zch_Schimmelstrasse","T_max_h1","d1","°C",11.2,"provisorisch"
"2026-02-11T00:00+0100","Zch_Schimmelstrasse","p","d1","hPa",945.06,"provisorisch"
"2026-02-11T00:00+0100","Zch_Stampfenbachstrasse","RainDur","d1","min",475.35,"provisorisch"
"2026-02-11T00:00+0100","Zch_Stampfenbachstrasse","StrGlo","d1","W/m2",43.18,"provisorisch"
"2026-02-11T00:00+0100","Zch_Stampfenbachstrasse","T","d1","°C",9.17,"provisorisch"
"2026-02-11T00:00+0100","Zch_Stampfenbachstrasse","T_max_h1","d1","°C",10.91,"provisorisch"
"2026-02-11T00:00+0100","Zch_Stampfenbachstrasse","p","d1","hPa",942.58,"provisorisch"
"2026-02-12T00:00+0100","Zch_Heubeeribüel","T","d1","°C",5.8,"provisorisch"
"2026-02-12T00:00+0100","Zch_Heubeeribüel","T_max_h1","d1","°C",7.21,"provisorisch"
"2026-02-12T00:00+0100","Zch_Heubeeribüel","p","d1","hPa",918.65,"provisorisch"
"2026-02-12T00:00+0100","Zch_Rosengartenstrasse","RainDur","d1","min",380.33,"provisorisch"
"2026-02-12T00:00+0100","Zch_Rosengartenstrasse","T","d1","°C",7.31,"provisorisch"
"2026-02-12T00:00+0100","Zch_Rosengartenstrasse","T_max_h1","d1","°C",8.67,"provisorisch"
"2026-02-12T00:00+0100","Zch_Rosengartenstrasse","p","d1","hPa",938.42,"provisorisch"
"2026-02-12T00:00+0100","Zch_Schimmelstrasse","RainDur","d1","min",530.43,"provisorisch"
"2026-02-12T00:00+0100","Zch_Schimmelstrasse","T","d1","°C",7.81,"provisorisch"
"2026-02-12T00:00+0100","Zch_Schimmelstrasse","T_max_h1","d1","°C",9.3,"provisorisch"
"2026-02-12T00:00+0100","Zch_Schimmelstrasse","p","d1","hPa",940.91,"provisorisch"
"2026-02-12T00:00+0100","Zch_Stampfenbachstrasse","RainDur","d1","min",498.11,"provisorisch"
"2026-02-12T00:00+0100","Zch_Stampfenbachstrasse","StrGlo","d1","W/m2",31.74,"provisorisch"
"2026-02-12T00:00+0100","Zch_Stampfenbachstrasse","T","d1","°C",7.67,"provisorisch"
"2026-02-12T00:00+0100","Zch_Stampfenbachstrasse","T_max_h1","d1","°C",9.17,"provisorisch"
"2026-02-12T00:00+0100","Zch_Stampfenbachstrasse","p","d1","hPa",938.41,"provisorisch"
"2026-02-13T00:00+0100","Zch_Heubeeribüel","T","d1","°C",6.25,"provisorisch"
"2026-02-13T00:00+0100","Zch_Heubeeribüel","T_max_h1","d1","°C",9.74,"provisorisch"
"2026-02-13T00:00+0100","Zch_Heubeeribüel","p","d1","hPa",924.45,"provisorisch"
"2026-02-13T00:00+0100","Zch_Rosengartenstrasse","RainDur","d1","min",56.97,"provisorisch"
"2026-02-13T00:00+0100","Zch_Rosengartenstrasse","T","d1","°C",7.77,"provisorisch"
"2026-02-13T00:00+0100","Zch_Rosengartenstrasse","T_max_h1","d1","°C",11.41,"provisorisch"
"2026-02-13T00:00+0100","Zch_Rosengartenstrasse","p","d1","hPa",944.39,"provisorisch"
"2026-02-13T00:00+0100","Zch_Schimmelstrasse","RainDur","d1","min",83.55,"provisorisch"
"2026-02-13T00:00+0100","Zch_Schimmelstrasse","T","d1","°C",8.28,"provisorisch"
"2026-02-13T00:00+0100","Zch_Schimmelstrasse","T_max_h1","d1","°C",11.63,"provisorisch"
"2026-02-13T00:00+0100","Zch_Schimmelstrasse","p","d1","hPa",946.8,"provisorisch"
"2026-02-13T00:00+0100","Zch_Stampfenbachstrasse","RainDur","d1","min",66.02,"provisorisch"
"2026-02-13T00:00+0100","Zch_Stampfenbachstrasse","StrGlo","d1","W/m2",106.96,"provisorisch"
"2026-02-13T00:00+0100","Zch_Stampfenbachstrasse","T","d1","°C",8.01,"provisorisch"
"2026-02-13T00:00+0100","Zch_Stampfenbachstrasse","T_max_h1","d1","°C",11.47,"provisorisch"
"2026-02-13T00:00+0100","Zch_Stampfenbachstrasse","p","d1","hPa",944.31,"provisorisch"
"2026-02-14T00:00+0100","Zch_Heubeeribüel","T","d1","°C",3.55,"provisorisch"
"2026-02-14T00:00+0100","Zch_Heubeeribüel","T_max_h1","d1","°C",4.96,"provisorisch"
"2026-02-14T00:00+0100","Zch_Heubeeribüel","p","d1","hPa",929.93,"provisorisch"
"2026-02-14T00:00+0100","Zch_Rosengartenstrasse","RainDur","d1","min",368.27,"provisorisch"
"2026-02-14T00:00+0100","Zch_Rosengartenstrasse","T","d1","°C",5.44,"provisorisch"
"2026-02-14T00:00+0100","Zch_Rosengartenstrasse","T_max_h1","d1","°C",6.91,"provisorisch"
"2026-02-14T00:00+0100","Zch_Rosengartenstrasse","p","d1","hPa",950.11,"provisorisch"
"2026-02-14T00:00+0100","Zch_Schimmelstrasse","RainDur","d1","min",554.72,"provisorisch"
"2026-02-14T00:00+0100","Zch_Schimmelstrasse","T","d1","°C",6.14,"provisorisch"
"2026-02-14T00:00+0100","Zch_Schimmelstrasse","T_max_h1","d1","°C",7.45,"provisorisch"
"2026-02-14T00:00+0100","Zch_Schimmelstrasse","p","d1","hPa",952.58,"provisorisch"
"2026-02-14T00:00+0100","Zch_Stampfenbachstrasse","RainDur","d1","min",474.74,"provisorisch"
"2026-02-14T00:00+0100","Zch_Stampfenbachstrasse","StrGlo","d1","W/m2",24.66,"provisorisch"
"2026-02-14T00:00+0100","Zch_Stampfenbachstrasse","T","d1","°C",5.9,"provisorisch"
"2026-02-14T00:00+0100","Zch_Stampfenbachstrasse","T_max_h1","d1","°C",7.1,"provisorisch"
"2026-02-14T00:00+0100","Zch_Stampfenbachstrasse","p","d1","hPa",949.99,"provisorisch"
"2026-02-15T00:00+0100","Zch_Heubeeribüel","T","d1","°C",0.55,"provisorisch"
"2026-02-15T00:00+0100","Zch_Heubeeribüel","T_max_h1","d1","°C",2.56,"provisorisch"
"2026-02-15T00:00+0100","Zch_Heubeeribüel","p","d1","hPa",940.91,"provisorisch"
"2026-02-15T00:00+0100","Zch_Rosengartenstrasse","RainDur","d1","min",352.5,"provisorisch"
"2026-02-15T00:00+0100","Zch_Rosengartenstrasse","T","d1","°C",2.45,"provisorisch"
"2026-02-15T00:00+0100","Zch_Rosengartenstrasse","T_max_h1","d1","°C",4.38,"provisorisch"
"2026-02-15T00:00+0100","Zch_Rosengartenstrasse","p","d1","hPa",961.54,"provisorisch"
"2026-02-15T00:00+0100","Zch_Schimmelstrasse","RainDur","d1","min",588.37,"provisorisch"
"2026-02-15T00:00+0100","Zch_Schimmelstrasse","T","d1","°C",2.82,"provisorisch"
"2026-02-15T00:00+0100","Zch_Schimmelstrasse","T_max_h1","d1","°C",4.39,"provisorisch"
"2026-02-15T00:00+0100","Zch_Schimmelstrasse","p","d1","hPa",964.15,"provisorisch"
"2026-02-15T00:00+0100","Zch_Stampfenbachstrasse","RainDur","d1","min",411.18,"provisorisch"
"2026-02-15T00:00+0100","Zch_Stampfenbachstrasse","StrGlo","d1","W/m2",55.14,"provisorisch"
"2026-02-15T00:00+0100","Zch_Stampfenbachstrasse","T","d1","°C",2.84,"provisorisch"
"2026-02-15T00:00+0100","Zch_Stampfenbachstrasse","T_max_h1","d1","°C",4.36,"provisorisch"
"2026-02-15T00:00+0100","Zch_Stampfenbachstrasse","p","d1","hPa",961.45,"provisorisch"
"2026-02-16T00:00+0100","Zch_Heubeeribüel","T","d1","°C",3.88,"provisorisch"
"2026-02-16T00:00+0100","Zch_Heubeeribüel","T_max_h1","d1","°C",6.22,"provisorisch"
"2026-02-16T00:00+0100","Zch_Heubeeribüel","p","d1","hPa",931.72,"provisorisch"
"2026-02-16T00:00+0100","Zch_Rosengartenstrasse","RainDur","d1","min",522.22,"provisorisch"
"2026-02-16T00:00+0100","Zch_Rosengartenstrasse","T","d1","°C",5.45,"provisorisch"
"2026-02-16T00:00+0100","Zch_Rosengartenstrasse","T_max_h1","d1","°C",7.9,"provisorisch"
"2026-02-16T00:00+0100","Zch_Rosengartenstrasse","p","d1","hPa",951.87,"provisorisch"
"2026-02-16T00:00+0100","Zch_Schimmelstrasse","RainDur","d1","min",691.67,"provisorisch"
"2026-02-16T00:00+0100","Zch_Schimmelstrasse","T","d1","°C",5.93,"provisorisch"
"2026-02-16T00:00+0100","Zch_Schimmelstrasse","T_max_h1","d1","°C",7.91,"provisorisch"
"2026-02-16T00:00+0100","Zch_Schimmelstrasse","p","d1","hPa",954.47,"provisorisch"
"2026-02-16T00:00+0100","Zch_Stampfenbachstrasse","RainDur","d1","min",602.34,"provisorisch"
"2026-02-16T00:00+0100","Zch_Stampfenbachstrasse","StrGlo","d1","W/m2",48.58,"provisorisch"
"2026-02-16T00:00+0100","Zch_Stampfenbachstrasse","T","d1","°C",5.86,"provisorisch"
"2026-02-16T00:00+0100","Zch_Stampfenbachstrasse","T_max_h1","d1","°C",8.0,"provisorisch"
"2026-02-16T00:00+0100","Zch_Stampfenbachstrasse","p","d1","hPa",951.9,"provisorisch"
"2026-02-17T00:00+0100","Zch_Heubeeribüel","T","d1","°C",1.76,"provisorisch"
"2026-02-17T00:00+0100","Zch_Heubeeribüel","T_max_h1","d1","°C",4.81,"provisorisch"
"2026-02-17T00:00+0100","Zch_Heubeeribüel","p","d1","hPa",939.78,"provisorisch"
"2026-02-17T00:00+0100","Zch_Rosengartenstrasse","RainDur","d1","min",347.18,"provisorisch"
"2026-02-17T00:00+0100","Zch_Rosengartenstrasse","T","d1","°C",3.39,"provisorisch"
"2026-02-17T00:00+0100","Zch_Rosengartenstrasse","T_max_h1","d1","°C",6.48,"provisorisch"
"2026-02-17T00:00+0100","Zch_Rosengartenstrasse","p","d1","hPa",960.3,"provisorisch"
"2026-02-17T00:00+0100","Zch_Schimmelstrasse","RainDur","d1","min",686.48,"provisorisch"
"2026-02-17T00:00+0100","Zch_Schimmelstrasse","T","d1","°C",4.07,"provisorisch"
"2026-02-17T00:00+0100","Zch_Schimmelstrasse","T_max_h1","d1","°C",6.5,"provisorisch"
"2026-02-17T00:00+0100","Zch_Schimmelstrasse","p","d1","hPa",962.86,"provisorisch"
"2026-02-17T00:00+0100","Zch_Stampfenbachstrasse","RainDur","d1","min",464.4,"provisorisch"
"2026-02-17T00:00+0100","Zch_Stampfenbachstrasse","StrGlo","d1","W/m2",59.2,"provisorisch"
"2026-02-17T00:00+0100","Zch_Stampfenbachstrasse","T","d1","°C",3.93,"provisorisch"
"2026-02-17T00:00+0100","Zch_Stampfenbachstrasse","T_max_h1","d1","°C",6.67,"provisorisch"
"2026-02-17T00:00+0100","Zch_Stampfenbachstrasse","p","d1","hPa",960.28,"provisorisch"
"2026-02-18T00:00+0100","Zch_Heubeeribüel","T","d1","°C",0.41,"provisorisch"
"2026-02-18T00:00+0100","Zch_Heubeeribüel","T_max_h1","d1","°C",1.41,"provisorisch"
"2026-02-18T00:00+0100","Zch_Heubeeribüel","p","d1","hPa",939.67,"provisorisch"
"2026-02-18T00:00+0100","Zch_Rosengartenstrasse","RainDur","d1","min",526.9,"provisorisch"
"2026-02-18T00:00+0100","Zch_Rosengartenstrasse","T","d1","°C",1.7,"provisorisch"
"2026-02-18T00:00+0100","Zch_Rosengartenstrasse","T_max_h1","d1","°C",3.15,"provisorisch"
"2026-02-18T00:00+0100","Zch_Rosengartenstrasse","p","d1","hPa",960.19,"provisorisch"
"2026-02-18T00:00+0100","Zch_Schimmelstrasse","RainDur","d1","min",629.6,"provisorisch"
"2026-02-18T00:00+0100","Zch_Schimmelstrasse","T","d1","°C",2.3,"provisorisch"
"2026-02-18T00:00+0100","Zch_Schimmelstrasse","T_max_h1","d1","°C",3.51,"provisorisch"
"2026-02-18T00:00+0100","Zch_Schimmelstrasse","p","d1","hPa",962.74,"provisorisch"
"2026-02-18T00:00+0100","Zch_Stampfenbachstrasse","RainDur","d1","min",619.28,"provisorisch"
"2026-02-18T00:00+0100","Zch_Stampfenbachstrasse","StrGlo","d1","W/m2",26.23,"provisorisch"
"2026-02-18T00:00+0100","Zch_Stampfenbachstrasse","T","d1","°C",2.4,"provisorisch"
"2026-02-18T00:00+0100","Zch_Stampfenbachstrasse","T_max_h1","d1","°C",3.63,"provisorisch"
"2026-02-18T00:00+0100","Zch_Stampfenbachstrasse","p","d1","hPa",960.11,"provisorisch"
"2026-02-19T00:00+0100","Zch_Heubeeribüel","T","d1","°C",2.68,"provisorisch"
"2026-02-19T00:00+0100","Zch_Heubeeribüel","T_max_h1","d1","°C",4.72,"provisorisch"
"2026-02-19T00:00+0100","Zch_Heubeeribüel","p","d1","hPa",931.77,"provisorisch"
"2026-02-19T00:00+0100","Zch_Rosengartenstrasse","RainDur","d1","min",322.03,"provisorisch"
"2026-02-19T00:00+0100","Zch_Rosengartenstrasse","T","d1","°C",4.17,"provisorisch"
"2026-02-19T00:00+0100","Zch_Rosengartenstrasse","T_max_h1","d1","°C",6.04,"provisorisch"
"2026-02-19T00:00+0100","Zch_Rosengartenstrasse","p","d1","hPa",951.89,"provisorisch"
"2026-02-19T00:00+0100","Zch_Schimmelstrasse","RainDur","d1","min",459.68,"provisorisch"
"2026-02-19T00:00+0100","Zch_Schimmelstrasse","T","d1","°C",4.45,"provisorisch"
"2026-02-19T00:00+0100","Zch_Schimmelstrasse","T_max_h1","d1","°C",6.11,"provisorisch"
"2026-02-19T00:00+0100","Zch_Schimmelstrasse","p","d1","hPa",954.4,"provisorisch"
"2026-02-19T00:00+0100","Zch_Stampfenbachstrasse","RainDur","d1","min",465.82,"provisorisch"
"2026-02-19T00:00+0100","Zch_Stampfenbachstrasse","StrGlo","d1","W/m2",33.86,"provisorisch"
"2026-02-19T00:00+0100","Zch_Stampfenbachstrasse","T","d1","°C",4.61,"provisorisch"
"2026-02-19T00:00+0100","Zch_Stampfenbachstrasse","T_max_h1","d1","°C",6.3,"provisorisch"
"2026-02-19T00:00+0100","Zch_Stampfenbachstrasse","p","d1","hPa",951.83,"provisorisch"
"2026-02-20T00:00+0100","Zch_Heubeeribüel","T","d1","°C",4.47,"provisorisch"
"2026-02-20T00:00+0100","Zch_Heubeeribüel","T_max_h1","d1","°C",6.68,"provisorisch"
"2026-02-20T00:00+0100","Zch_Heubeeribüel","p","d1","hPa",948.54,"provisorisch"
"2026-02-20T00:00+0100","Zch_Rosengartenstrasse","RainDur","d1","min",193.57,"provisorisch"
"2026-02-20T00:00+0100","Zch_Rosengartenstrasse","T","d1","°C",6.24,"provisorisch"
"2026-02-20T00:00+0100","Zch_Rosengartenstrasse","T_max_h1","d1","°C",8.45,"provisorisch"
"2026-02-20T00:00+0100","Zch_Rosengartenstrasse","p","d1","hPa",969.05,"provisorisch"
"2026-02-20T00:00+0100","Zch_Schimmelstrasse","RainDur","d1","min",391.82,"provisorisch"
"2026-02-20T00:00+0100","Zch_Schimmelstrasse","T","d1","°C",6.83,"provisorisch"
"2026-02-20T00:00+0100","Zch_Schimmelstrasse","T_max_h1","d1","°C",8.89,"provisorisch"
"2026-02-20T00:00+0100","Zch_Schimmelstrasse","p","d1","hPa",971.54,"provisorisch"
"2026-02-20T00:00+0100","Zch_Stampfenbachstrasse","RainDur","d1","min",341.2,"provisorisch"
"2026-02-20T00:00+0100","Zch_Stampfenbachstrasse","StrGlo","d1","W/m2",58.06,"provisorisch"
"2026-02-20T00:00+0100","Zch_Stampfenbachstrasse","T","d1","°C",6.51,"provisorisch"
"2026-02-20T00:00+0100","Zch_Stampfenbachstrasse","T_max_h1","d1","°C",8.45,"provisorisch"
"2026-02-20T00:00+0100","Zch_Stampfenbachstrasse","p","d1","hPa",968.97,"provisorisch"
"2026-02-21T00:00+0100","Zch_Heubeeribüel","T","d1","°C",5.79,"provisorisch"
"2026-02-21T00:00+0100","Zch_Heubeeribüel","T_max_h1","d1","°C",7.79,"provisorisch"
"2026-02-21T00:00+0100","Zch_Heubeeribüel","p","d1","hPa",955.07,"provisorisch"
"2026-02-21T00:00+0100","Zch_Rosengartenstrasse","RainDur","d1","min",460.38,"provisorisch"
"2026-02-21T00:00+0100","Zch_Rosengartenstrasse","T","d1","°C",7.33,"provisorisch"
"2026-02-21T00:00+0100","Zch_Rosengartenstrasse","T_max_h1","d1","°C",9.35,"provisorisch"
"2026-02-21T00:00+0100","Zch_Rosengartenstrasse","p","d1","hPa",975.66,"provisorisch"
"2026-02-21T00:00+0100","Zch_Schimmelstrasse","RainDur","d1","min",526.72,"provisorisch"
"2026-02-21T00:00+0100","Zch_Schimmelstrasse","T","d1","°C",7.94,"provisorisch"
"2026-02-21T00:00+0100","Zch_Schimmelstrasse","T_max_h1","d1","°C",9.81,"provisorisch"
"2026-02-21T00:00+0100","Zch_Schimmelstrasse","p","d1","hPa",978.17,"provisorisch"
"2026-02-21T00:00+0100","Zch_Stampfenbachstrasse","RainDur","d1","min",546.92,"provisorisch"
"2026-02-21T00:00+0100","Zch_Stampfenbachstrasse","StrGlo","d1","W/m2",22.46,"provisorisch"
"2026-02-21T00:00+0100","Zch_Stampfenbachstrasse","T","d1","°C",7.68,"provisorisch"
"2026-02-21T00:00+0100","Zch_Stampfenbachstrasse","T_max_h1","d1","°C",9.58,"provisorisch"
"2026-02-21T00:00+0100","Zch_Stampfenbachstrasse","p","d1","hPa",975.61,"provisorisch"
"2026-02-22T00:00+0100","Zch_Heubeeribüel","T","d1","°C",7.37,"provisorisch"
"2026-02-22T00:00+0100","Zch_Heubeeribüel","T_max_h1","d1","°C",10.95,"provisorisch"
"2026-02-22T00:00+0100","Zch_Heubeeribüel","p","d1","hPa",954.08,"provisorisch"
"2026-02-22T00:00+0100","Zch_Rosengartenstrasse","RainDur","d1","min",0.0,"provisorisch"
"2026-02-22T00:00+0100","Zch_Rosengartenstrasse","T","d1","°C",8.39,"provisorisch"
"2026-02-22T00:00+0100","Zch_Rosengartenstrasse","T_max_h1","d1","°C",12.22,"provisorisch"
"2026-02-22T00:00+0100","Zch_Rosengartenstrasse","p","d1","hPa",974.44,"provisorisch"
"2026-02-22T00:00+0100","Zch_Schimmelstrasse","RainDur","d1","min",1.18,"provisorisch"
"2026-02-22T00:00+0100","Zch_Schimmelstrasse","T","d1","°C",8.67,"provisorisch"
"2026-02-22T00:00+0100","Zch_Schimmelstrasse","T_max_h1","d1","°C",12.67,"provisorisch"
"2026-02-22T00:00+0100","Zch_Schimmelstrasse","p","d1","hPa",976.93,"provisorisch"
"2026-02-22T00:00+0100","Zch_Stampfenbachstrasse","RainDur","d1","min",0.0,"provisorisch"
"2026-02-22T00:00+0100","Zch_Stampfenbachstrasse","StrGlo","d1","W/m2",80.88,"provisorisch"
"2026-02-22T00:00+0100","Zch_Stampfenbachstrasse","T","d1","°C",8.55,"provisorisch"
"2026-02-22T00:00+0100","Zch_Stampfenbachstrasse","T_max_h1","d1","°C",12.22,"provisorisch"
"2026-02-22T00:00+0100","Zch_Stampfenbachstrasse","p","d1","hPa",974.34,"provisorisch"
"2026-02-23T00:00+0100","Zch_Heubeeribüel","T","d1","°C",9.4,"provisorisch"
"2026-02-23T00:00+0100","Zch_Heubeeribüel","T_max_h1","d1","°C",12.56,"provisorisch"
"2026-02-23T00:00+0100","Zch_Heubeeribüel","p","d1","hPa",950.8,"provisorisch"
"2026-02-23T00:00+0100","Zch_Rosengartenstrasse","RainDur","d1","min",169.82,"provisorisch"
"2026-02-23T00:00+0100","Zch_Rosengartenstrasse","T","d1","°C",10.72,"provisorisch"
"2026-02-23T00:00+0100","Zch_Rosengartenstrasse","T_max_h1","d1","°C",14.06,"provisorisch"
"2026-02-23T00:00+0100","Zch_Rosengartenstrasse","p","d1","hPa",971.01,"provisorisch"
"2026-02-23T00:00+0100","Zch_Schimmelstrasse","RainDur","d1","min",267.82,"provisorisch"
"2026-02-23T00:00+0100","Zch_Schimmelstrasse","T","d1","°C",11.34,"provisorisch"
"2026-02-23T00:00+0100","Zch_Schimmelstrasse","T_max_h1","d1","°C",14.29,"provisorisch"
"2026-02-23T00:00+0100","Zch_Schimmelstrasse","p","d1","hPa",973.49,"provisorisch"
"2026-02-23T00:00+0100","Zch_Stampfenbachstrasse","RainDur","d1","min",234.78,"provisorisch"
"2026-02-23T00:00+0100","Zch_Stampfenbachstrasse","StrGlo","d1","W/m2",98.76,"provisorisch"
"2026-02-23T00:00+0100","Zch_Stampfenbachstrasse","T","d1","°C",11.06,"provisorisch"
"2026-02-23T00:00+0100","Zch_Stampfenbachstrasse","T_max_h1","d1","°C",14.07,"provisorisch"
"2026-02-23T00:00+0100","Zch_Stampfenbachstrasse","p","d1","hPa",971.0,"provisorisch"
"2026-02-24T00:00+0100","Zch_Heubeeribüel","T","d1","°C",10.26,"provisorisch"
"2026-02-24T00:00+0100","Zch_Heubeeribüel","T_max_h1","d1","°C",13.18,"provisorisch"
"2026-02-24T00:00+0100","Zch_Heubeeribüel","p","d1","hPa",950.44,"provisorisch"
"2026-02-24T00:00+0100","Zch_Rosengartenstrasse","RainDur","d1","min",21.33,"provisorisch"
"2026-02-24T00:00+0100","Zch_Rosengartenstrasse","T","d1","°C",11.66,"provisorisch"
"2026-02-24T00:00+0100","Zch_Rosengartenstrasse","T_max_h1","d1","°C",14.08,"provisorisch"
"2026-02-24T00:00+0100","Zch_Rosengartenstrasse","p","d1","hPa",970.48,"provisorisch"
"2026-02-24T00:00+0100","Zch_Schimmelstrasse","RainDur","d1","min",22.52,"provisorisch"
"2026-02-24T00:00+0100","Zch_Schimmelstrasse","T","d1","°C",11.72,"provisorisch"
"2026-02-24T00:00+0100","Zch_Schimmelstrasse","T_max_h1","d1","°C",14.02,"provisorisch"
"2026-02-24T00:00+0100","Zch_Schimmelstrasse","p","d1","hPa",972.93,"provisorisch"
"2026-02-24T00:00+0100","Zch_Stampfenbachstrasse","RainDur","d1","min",51.12,"provisorisch"
"2026-02-24T00:00+0100","Zch_Stampfenbachstrasse","StrGlo","d1","W/m2",98.44,"provisorisch"
"2026-02-24T00:00+0100","Zch_Stampfenbachstrasse","T","d1","°C",11.9,"provisorisch"
"2026-02-24T00:00+0100","Zch_Stampfenbachstrasse","T_max_h1","d1","°C",14.3,"provisorisch"
"2026-02-24T00:00+0100","Zch_Stampfenbachstrasse","p","d1","hPa",970.51,"provisorisch"
"2026-02-25T00:00+0100","Zch_Heubeeribüel","T","d1","°C",8.31,"provisorisch"
"2026-02-25T00:00+0100","Zch_Heubeeribüel","T_max_h1","d1","°C",13.0,"provisorisch"
"2026-02-25T00:00+0100","Zch_Heubeeribüel","p","d1","hPa",951.11,"provisorisch"
"2026-02-25T00:00+0100","Zch_Rosengartenstrasse","RainDur","d1","min",0.0,"provisorisch"
"2026-02-25T00:00+0100","Zch_Rosengartenstrasse","T","d1","°C",9.39,"provisorisch"
"2026-02-25T00:00+0100","Zch_Rosengartenstrasse","T_max_h1","d1","°C",13.88,"provisorisch"
"2026-02-25T00:00+0100","Zch_Rosengartenstrasse","p","d1","hPa",971.33,"provisorisch"
"2026-02-25T00:00+0100","Zch_Schimmelstrasse","RainDur","d1","min",0.0,"provisorisch"
"2026-02-25T00:00+0100","Zch_Schimmelstrasse","T","d1","°C",9.23,"provisorisch"
"2026-02-25T00:00+0100","Zch_Schimmelstrasse","T_max_h1","d1","°C",13.71,"provisorisch"
"2026-02-25T00:00+0100","Zch_Schimmelstrasse","p","d1","hPa",973.8,"provisorisch"
"2026-02-25T00:00+0100","Zch_Stampfenbachstrasse","RainDur","d1","min",3.0,"provisorisch"
"2026-02-25T00:00+0100","Zch_Stampfenbachstrasse","StrGlo","d1","W/m2",131.45,"provisorisch"
"2026-02-25T00:00+0100","Zch_Stampfenbachstrasse","T","d1","°C",9.59,"provisorisch"
"2026-02-25T00:00+0100","Zch_Stampfenbachstrasse","T_max_h1","d1","°C",13.74,"provisorisch"
"2026-02-25T00:00+0100","Zch_Stampfenbachstrasse","p","d1","hPa",971.28,"provisorisch"
"2026-02-26T00:00+0100","Zch_Heubeeribüel","T","d1","°C",11.24,"provisorisch"
"2026-02-26T00:00+0100","Zch_Heubeeribüel","T_max_h1","d1","°C",16.28,"provisorisch"
"2026-02-26T00:00+0100","Zch_Heubeeribüel","p","d1","hPa",953.85,"provisorisch"
"2026-02-26T00:00+0100","Zch_Rosengartenstrasse","RainDur","d1","min",0.0,"provisorisch"
"2026-02-26T00:00+0100","Zch_Rosengartenstrasse","T","d1","°C",10.42,"provisorisch"
"2026-02-26T00:00+0100","Zch_Rosengartenstrasse","T_max_h1","d1","°C",17.22,"provisorisch"
"2026-02-26T00:00+0100","Zch_Rosengartenstrasse","p","d1","hPa",974.07,"provisorisch"
"2026-02-26T00:00+0100","Zch_Schimmelstrasse","RainDur","d1","min",0.0,"provisorisch"
"2026-02-26T00:00+0100","Zch_Schimmelstrasse","T","d1","°C",9.96,"provisorisch"
"2026-02-26T00:00+0100","Zch_Schimmelstrasse","T_max_h1","d1","°C",16.43,"provisorisch"
"2026-02-26T00:00+0100","Zch_Schimmelstrasse","p","d1","hPa",976.55,"provisorisch"
"2026-02-26T00:00+0100","Zch_Stampfenbachstrasse","RainDur","d1","min",0.0,"provisorisch"
"2026-02-26T00:00+0100","Zch_Stampfenbachstrasse","StrGlo","d1","W/m2",154.09,"provisorisch"
"2026-02-26T00:00+0100","Zch_Stampfenbachstrasse","T","d1","°C",10.64,"provisorisch"
"2026-02-26T00:00+0100","Zch_Stampfenbachstrasse","T_max_h1","d1","°C",17.13,"provisorisch"
"2026-02-26T00:00+0100","Zch_Stampfenbachstrasse","p","d1","hPa",973.97,"provisorisch"
"2026-02-27T00:00+0100","Zch_Heubeeribüel","T","d1","°C",12.04,"provisorisch"
"2026-02-27T00:00+0100","Zch_Heubeeribüel","T_max_h1","d1","°C",17.42,"provisorisch"
"2026-02-27T00:00+0100","Zch_Heubeeribüel","p","d1","hPa",950.79,"provisorisch"
"2026-02-27T00:00+0100","Zch_Rosengartenstrasse","RainDur","d1","min",0.0,"provisorisch"
"2026-02-27T00:00+0100","Zch_Rosengartenstrasse","T","d1","°C",11.17,"provisorisch"
"2026-02-27T00:00+0100","Zch_Rosengartenstrasse","T_max_h1","d1","°C",18.12,"provisorisch"
"2026-02-27T00:00+0100","Zch_Rosengartenstrasse","p","d1","hPa",970.89,"provisorisch"
"2026-02-27T00:00+0100","Zch_Schimmelstrasse","RainDur","d1","min",0.0,"provisorisch"
"2026-02-27T00:00+0100","Zch_Schimmelstrasse","T","d1","°C",10.68,"provisorisch"
"2026-02-27T00:00+0100","Zch_Schimmelstrasse","T_max_h1","d1","°C",17.65,"provisorisch"
"2026-02-27T00:00+0100","Zch_Schimmelstrasse","p","d1","hPa",973.38,"provisorisch"
"2026-02-27T00:00+0100","Zch_Stampfenbachstrasse","RainDur","d1","min",0.0,"provisorisch"
"2026-02-27T00:00+0100","Zch_Stampfenbachstrasse","StrGlo","d1","W/m2",159.62,"provisorisch"
"2026-02-27T00:00+0100","Zch_Stampfenbachstrasse","T","d1","°C",11.43,"provisorisch"
"2026-02-27T00:00+0100","Zch_Stampfenbachstrasse","T_max_h1","d1","°C",18.19,"provisorisch"
"2026-02-27T00:00+0100","Zch_Stampfenbachstrasse","p","d1","hPa",970.82,"provisorisch"
"2026-02-28T00:00+0100","Zch_Heubeeribüel","T","d1","°C",8.75,"provisorisch"
"2026-02-28T00:00+0100","Zch_Heubeeribüel","T_max_h1","d1","°C",10.68,"provisorisch"
"2026-02-28T00:00+0100","Zch_Heubeeribüel","p","d1","hPa",951.91,"provisorisch"
"2026-02-28T00:00+0100","Zch_Rosengartenstrasse","RainDur","d1","min",0.43,"provisorisch"
"2026-02-28T00:00+0100","Zch_Rosengartenstrasse","T","d1","°C",9.13,"provisorisch"
"2026-02-28T00:00+0100","Zch_Rosengartenstrasse","T_max_h1","d1","°C",11.95,"provisorisch"
"2026-02-28T00:00+0100","Zch_Rosengartenstrasse","p","d1","hPa",972.22,"provisorisch"
"2026-02-28T00:00+0100","Zch_Schimmelstrasse","RainDur","d1","min",0.03,"provisorisch"
"2026-02-28T00:00+0100","Zch_Schimmelstrasse","T","d1","°C",9.23,"provisorisch"
"2026-02-28T00:00+0100","Zch_Schimmelstrasse","T_max_h1","d1","°C",12.19,"provisorisch"
"2026-02-28T00:00+0100","Zch_Schimmelstrasse","p","d1","hPa",974.7,"provisorisch"
"2026-02-28T00:00+0100","Zch_Stampfenbachstrasse","RainDur","d1","min",0.0,"provisorisch"
"2026-02-28T00:00+0100","Zch_Stampfenbachstrasse","StrGlo","d1","W/m2",63.3,"provisorisch"
"2026-02-28T00:00+0100","Zch_Stampfenbachstrasse","T","d1","°C",9.46,"provisorisch"
"2026-02-28T00:00+0100","Zch_Stampfenbachstrasse","T_max_h1","d1","°C",12.07,"provisorisch"
"2026-02-28T00:00+0100","Zch_Stampfenbachstrasse","p","d1","hPa",972.15,"provisorisch"
"2026-03-01T00:00+0100","Zch_Heubeeribüel","T","d1","°C",6.73,"provisorisch"
"2026-03-01T00:00+0100","Zch_Heubeeribüel","T_max_h1","d1","°C",8.58,"provisorisch"
"2026-03-01T00:00+0100","Zch_Heubeeribüel","p","d1","hPa",953.68,"provisorisch"
"2026-03-01T00:00+0100","Zch_Rosengartenstrasse","RainDur","d1","min",0.57,"provisorisch"
"2026-03-01T00:00+0100","Zch_Rosengartenstrasse","T","d1","°C",8.45,"provisorisch"
"2026-03-01T00:00+0100","Zch_Rosengartenstrasse","T_max_h1","d1","°C",10.59,"provisorisch"
"2026-03-01T00:00+0100","Zch_Rosengartenstrasse","p","d1","hPa",974.16,"provisorisch"
"2026-03-01T00:00+0100","Zch_Schimmelstrasse","RainDur","d1","min",7.17,"provisorisch"
"2026-03-01T00:00+0100","Zch_Schimmelstrasse","T","d1","°C",9.17,"provisorisch"
"2026-03-01T00:00+0100","Zch_Schimmelstrasse","T_max_h1","d1","°C",11.34,"provisorisch"
"2026-03-01T00:00+0100","Zch_Schimmelstrasse","p","d1","hPa",976.61,"provisorisch"
"2026-03-01T00:00+0100","Zch_Stampfenbachstrasse","RainDur","d1","min",5.82,"provisorisch"
"2026-03-01T00:00+0100","Zch_Stampfenbachstrasse","StrGlo","d1","W/m2",59.46,"provisorisch"
"2026-03-01T00:00+0100","Zch_Stampfenbachstrasse","T","d1","°C",8.88,"provisorisch"
"2026-03-01T00:00+0100","Zch_Stampfenbachstrasse","T_max_h1","d1","°C",10.89,"provisorisch"
"2026-03-01T00:00+0100","Zch_Stampfenbachstrasse","p","d1","hPa",974.01,"provisorisch"
"2026-03-02T00:00+0100","Zch_Heubeeribüel","T","d1","°C",6.83,"provisorisch"
"2026-03-02T00:00+0100","Zch_Heubeeribüel","T_max_h1","d1","°C",11.69,"provisorisch"
"2026-03-02T00:00+0100","Zch_Heubeeribüel","p","d1","hPa",951.3,"provisorisch"
"2026-03-02T00:00+0100","Zch_Rosengartenstrasse","RainDur","d1","min",0.0,"provisorisch"
"2026-03-02T00:00+0100","Zch_Rosengartenstrasse","T","d1","°C",7.02,"provisorisch"
"2026-03-02T00:00+0100","Zch_Rosengartenstrasse","T_max_h1","d1","°C",13.36,"provisorisch"
"2026-03-02T00:00+0100","Zch_Rosengartenstrasse","p","d1","hPa",971.73,"provisorisch"
"2026-03-02T00:00+0100","Zch_Schimmelstrasse","RainDur","d1","min",0.0,"provisorisch"
"2026-03-02T00:00+0100","Zch_Schimmelstrasse","T","d1","°C",8.12,"provisorisch"
"2026-03-02T00:00+0100","Zch_Schimmelstrasse","T_max_h1","d1","°C",13.61,"provisorisch"
"2026-03-02T00:00+0100","Zch_Schimmelstrasse","p","d1","hPa",974.2,"provisorisch"
"2026-03-02T00:00+0100","Zch_Stampfenbachstrasse","RainDur","d1","min",0.0,"provisorisch"
"2026-03-02T00:00+0100","Zch_Stampfenbachstrasse","StrGlo","d1","W/m2",162.8,"provisorisch"
"2026-03-02T00:00+0100","Zch_Stampfenbachstrasse","T","d1","°C",7.7,"provisorisch"
"2026-03-02T00:00+0100","Zch_Stampfenbachstrasse","T_max_h1","d1","°C",13.31,"provisorisch"
"2026-03-02T00:00+0100","Zch_Stampfenbachstrasse","p","d1","hPa",971.62,"provisorisch"
"2026-03-03T00:00+0100","Zch_Heubeeribüel","T","d1","°C",8.6,"provisorisch"
"2026-03-03T00:00+0100","Zch_Heubeeribüel","T_max_h1","d1","°C",13.92,"provisorisch"
"2026-03-03T00:00+0100","Zch_Heubeeribüel","p","d1","hPa",953.9,"provisorisch"
"2026-03-03T00:00+0100","Zch_Rosengartenstrasse","RainDur","d1","min",0.0,"provisorisch"
"2026-03-03T00:00+0100","Zch_Rosengartenstrasse","T","d1","°C",8.97,"provisorisch"
"2026-03-03T00:00+0100","Zch_Rosengartenstrasse","T_max_h1","d1","°C",15.59,"provisorisch"
"2026-03-03T00:00+0100","Zch_Rosengartenstrasse","p","d1","hPa",974.29,"provisorisch"
"2026-03-03T00:00+0100","Zch_Schimmelstrasse","RainDur","d1","min",0.0,"provisorisch"
"2026-03-03T00:00+0100","Zch_Schimmelstrasse","T","d1","°C",9.45,"provisorisch"
"2026-03-03T00:00+0100","Zch_Schimmelstrasse","T_max_h1","d1","°C",15.65,"provisorisch"
"2026-03-03T00:00+0100","Zch_Schimmelstrasse","p","d1","hPa",976.74,"provisorisch"
"2026-03-03T00:00+0100","Zch_Stampfenbachstrasse","RainDur","d1","min",0.0,"provisorisch"
"2026-03-03T00:00+0100","Zch_Stampfenbachstrasse","StrGlo","d1","W/m2",167.61,"provisorisch"
"2026-03-03T00:00+0100","Zch_Stampfenbachstrasse","T","d1","°C",9.47,"provisorisch"
"2026-03-03T00:00+0100","Zch_Stampfenbachstrasse","T_max_h1","d1","°C",15.52,"provisorisch"
"2026-03-03T00:00+0100","Zch_Stampfenbachstrasse","p","d1","hPa",974.18,"provisorisch"
"2026-03-04T00:00+0100","Zch_Heubeeribüel","T","d1","°C",7.75,"provisorisch"
"2026-03-04T00:00+0100","Zch_Heubeeribüel","T_max_h1","d1","°C",12.32,"provisorisch"
"2026-03-04T00:00+0100","Zch_Heubeeribüel","p","d1","hPa",953.8,"provisorisch"
"2026-03-04T00:00+0100","Zch_Rosengartenstrasse","RainDur","d1","min",0.0,"provisorisch"
"2026-03-04T00:00+0100","Zch_Rosengartenstrasse","T","d1","°C",8.47,"provisorisch"
"2026-03-04T00:00+0100","Zch_Rosengartenstrasse","T_max_h1","d1","°C",13.8,"provisorisch"
"2026-03-04T00:00+0100","Zch_Rosengartenstrasse","p","d1","hPa",974.24,"provisorisch"
"2026-03-04T00:00+0100","Zch_Schimmelstrasse","RainDur","d1","min",0.0,"provisorisch"
"2026-03-04T00:00+0100","Zch_Schimmelstrasse","T","d1","°C",9.34,"provisorisch"
"2026-03-04T00:00+0100","Zch_Schimmelstrasse","T_max_h1","d1","°C",13.97,"provisorisch"
"2026-03-04T00:00+0100","Zch_Schimmelstrasse","p","d1","hPa",976.73,"provisorisch"
"2026-03-04T00:00+0100","Zch_Stampfenbachstrasse","RainDur","d1","min",0.0,"provisorisch"
"2026-03-04T00:00+0100","Zch_Stampfenbachstrasse","StrGlo","d1","W/m2",170.53,"provisorisch"
"2026-03-04T00:00+0100","Zch_Stampfenbachstrasse","T","d1","°C",8.99,"provisorisch"
"2026-03-04T00:00+0100","Zch_Stampfenbachstrasse","T_max_h1","d1","°C",13.89,"provisorisch"
"2026-03-04T00:00+0100","Zch_Stampfenbachstrasse","p","d1","hPa",974.09,"provisorisch"
"2026-03-05T00:00+0100","Zch_Heubeeribüel","T","d1","°C",7.54,"provisorisch"
"2026-03-05T00:00+0100","Zch_Heubeeribüel","T_max_h1","d1","°C",12.57,"provisorisch"
"2026-03-05T00:00+0100","Zch_Heubeeribüel","p","d1","hPa",949.92,"provisorisch"
"2026-03-05T00:00+0100","Zch_Rosengartenstrasse","RainDur","d1","min",0.0,"provisorisch"
"2026-03-05T00:00+0100","Zch_Rosengartenstrasse","T","d1","°C",8.33,"provisorisch"
"2026-03-05T00:00+0100","Zch_Rosengartenstrasse","T_max_h1","d1","°C",13.93,"provisorisch"
"2026-03-05T00:00+0100","Zch_Rosengartenstrasse","p","d1","hPa",970.32,"provisorisch"
"2026-03-05T00:00+0100","Zch_Schimmelstrasse","RainDur","d1","min",0.0,"provisorisch"
"2026-03-05T00:00+0100","Zch_Schimmelstrasse","T","d1","°C",9.29,"provisorisch"
"2026-03-05T00:00+0100","Zch_Schimmelstrasse","T_max_h1","d1","°C",14.25,"provisorisch"
"2026-03-05T00:00+0100","Zch_Schimmelstrasse","p","d1","hPa",972.79,"provisorisch"
"2026-03-05T00:00+0100","Zch_Stampfenbachstrasse","RainDur","d1","min",0.0,"provisorisch"
"2026-03-05T00:00+0100","Zch_Stampfenbachstrasse","StrGlo","d1","W/m2",162.7,"provisorisch"
"2026-03-05T00:00+0100","Zch_Stampfenbachstrasse","T","d1","°C",8.88,"provisorisch"
"2026-03-05T00:00+0100","Zch_Stampfenbachstrasse","T_max_h1","d1","°C",13.87,"provisorisch"
"2026-03-05T00:00+0100","Zch_Stampfenbachstrasse","p","d1","hPa",970.23,"provisorisch"
"2026-03-06T00:00+0100","Zch_Heubeeribüel","T","d1","°C",9.69,"provisorisch"
"2026-03-06T00:00+0100","Zch_Heubeeribüel","T_max_h1","d1","°C",14.65,"provisorisch"
"2026-03-06T00:00+0100","Zch_Heubeeribüel","p","d1","hPa",949.3,"provisorisch"
"2026-03-06T00:00+0100","Zch_Rosengartenstrasse","RainDur","d1","min",0.0,"provisorisch"
"2026-03-06T00:00+0100","Zch_Rosengartenstrasse","T","d1","°C",9.9,"provisorisch"
"2026-03-06T00:00+0100","Zch_Rosengartenstrasse","T_max_h1","d1","°C",16.34,"provisorisch"
"2026-03-06T00:00+0100","Zch_Rosengartenstrasse","p","d1","hPa",969.58,"provisorisch"
"2026-03-06T00:00+0100","Zch_Schimmelstrasse","RainDur","d1","min",0.17,"provisorisch"
"2026-03-06T00:00+0100","Zch_Schimmelstrasse","T","d1","°C",10.79,"provisorisch"
"2026-03-06T00:00+0100","Zch_Schimmelstrasse","T_max_h1","d1","°C",16.58,"provisorisch"
"2026-03-06T00:00+0100","Zch_Schimmelstrasse","p","d1","hPa",972.04,"provisorisch"
"2026-03-06T00:00+0100","Zch_Stampfenbachstrasse","RainDur","d1","min",0.0,"provisorisch"
"2026-03-06T00:00+0100","Zch_Stampfenbachstrasse","StrGlo","d1","W/m2",133.82,"provisorisch"
"2026-03-06T00:00+0100","Zch_Stampfenbachstrasse","T","d1","°C",10.42,"provisorisch"
"2026-03-06T00:00+0100","Zch_Stampfenbachstrasse","T_max_h1","d1","°C",16.3,"provisorisch"
"2026-03-06T00:00+0100","Zch_Stampfenbachstrasse","p","d1","hPa",969.55,"provisorisch"
"2026-03-07T00:00+0100","Zch_Heubeeribüel","T","d1","°C",10.18,"provisorisch"
"2026-03-07T00:00+0100","Zch_Heubeeribüel","T_max_h1","d1","°C",14.61,"provisorisch"
"2026-03-07T00:00+0100","Zch_Heubeeribüel","p","d1","hPa",951.47,"provisorisch"
"2026-03-07T00:00+0100","Zch_Rosengartenstrasse","RainDur","d1","min",0.0,"provisorisch"
"2026-03-07T00:00+0100","Zch_Rosengartenstrasse","T","d1","°C",10.41,"provisorisch"
"2026-03-07T00:00+0100","Zch_Rosengartenstrasse","T_max_h1","d1","°C",16.29,"provisorisch"
"2026-03-07T00:00+0100","Zch_Rosengartenstrasse","p","d1","hPa",971.71,"provisorisch"
"2026-03-07T00:00+0100","Zch_Schimmelstrasse","RainDur","d1","min",0.0,"provisorisch"
"2026-03-07T00:00+0100","Zch_Schimmelstrasse","T","d1","°C",10.88,"provisorisch"
"2026-03-07T00:00+0100","Zch_Schimmelstrasse","T_max_h1","d1","°C",16.61,"provisorisch"
"2026-03-07T00:00+0100","Zch_Schimmelstrasse","p","d1","hPa",974.15,"provisorisch"
"2026-03-07T00:00+0100","Zch_Stampfenbachstrasse","RainDur","d1","min",0.0,"provisorisch"
"2026-03-07T00:00+0100","Zch_Stampfenbachstrasse","StrGlo","d1","W/m2",157.29,"provisorisch"
"2026-03-07T00:00+0100","Zch_Stampfenbachstrasse","T","d1","°C",10.81,"provisorisch"
"2026-03-07T00:00+0100","Zch_Stampfenbachstrasse","T_max_h1","d1","°C",16.19,"provisorisch"
"2026-03-07T00:00+0100","Zch_Stampfenbachstrasse","p","d1","hPa",971.62,"provisorisch"
"2026-03-08T00:00+0100","Zch_Heubeeribüel","T","d1","°C",10.59,"provisorisch"
"2026-03-08T00:00+0100","Zch_Heubeeribüel","T_max_h1","d1","°C",15.28,"provisorisch"
"2026-03-08T00:00+0100","Zch_Heubeeribüel","p","d1","hPa",952.12,"provisorisch"
"2026-03-08T00:00+0100","Zch_Rosengartenstrasse","RainDur","d1","min",0.0,"provisorisch"
"2026-03-08T00:00+0100","Zch_Rosengartenstrasse","T","d1","°C",10.71,"provisorisch"
"2026-03-08T00:00+0100","Zch_Rosengartenstrasse","T_max_h1","d1","°C",16.66,"provisorisch"
"2026-03-08T00:00+0100","Zch_Rosengartenstrasse","p","d1","hPa",972.34,"provisorisch"
"2026-03-08T00:00+0100","Zch_Schimmelstrasse","RainDur","d1","min",0.0,"provisorisch"
"2026-03-08T00:00+0100","Zch_Schimmelstrasse","T","d1","°C",10.98,"provisorisch"
"2026-03-08T00:00+0100","Zch_Schimmelstrasse","T_max_h1","d1","°C",16.72,"provisorisch"
"2026-03-08T00:00+0100","Zch_Schimmelstrasse","p","d1","hPa",974.79,"provisorisch"
"2026-03-08T00:00+0100","Zch_Stampfenbachstrasse","RainDur","d1","min",0.0,"provisorisch"
"2026-03-08T00:00+0100","Zch_Stampfenbachstrasse","StrGlo","d1","W/m2",161.18,"provisorisch"
"2026-03-08T00:00+0100","Zch_Stampfenbachstrasse","T","d1","°C",11.08,"provisorisch"
"2026-03-08T00:00+0100","Zch_Stampfenbachstrasse","T_max_h1","d1","°C",16.62,"provisorisch"
"2026-03-08T00:00+0100","Zch_Stampfenbachstrasse","p","d1","hPa",972.26,"provisorisch"
"2026-03-09T00:00+0100","Zch_Heubeeribüel","T","d1","°C",10.5,"provisorisch"
"2026-03-09T00:00+0100","Zch_Heubeeribüel","T_max_h1","d1","°C",14.69,"provisorisch"
"2026-03-09T00:00+0100","Zch_Heubeeribüel","p","d1","hPa",950.26,"provisorisch"
"2026-03-09T00:00+0100","Zch_Rosengartenstrasse","RainDur","d1","min",0.0,"provisorisch"
"2026-03-09T00:00+0100","Zch_Rosengartenstrasse","T","d1","°C",11.14,"provisorisch"
"2026-03-09T00:00+0100","Zch_Rosengartenstrasse","T_max_h1","d1","°C",16.14,"provisorisch"
"2026-03-09T00:00+0100","Zch_Rosengartenstrasse","p","d1","hPa",970.44,"provisorisch"
"2026-03-09T00:00+0100","Zch_Schimmelstrasse","RainDur","d1","min",0.0,"provisorisch"
"2026-03-09T00:00+0100","Zch_Schimmelstrasse","T","d1","°C",11.26,"provisorisch"
"2026-03-09T00:00+0100","Zch_Schimmelstrasse","T_max_h1","d1","°C",16.46,"provisorisch"
"2026-03-09T00:00+0100","Zch_Schimmelstrasse","p","d1","hPa",972.9,"provisorisch"
"2026-03-09T00:00+0100","Zch_Stampfenbachstrasse","RainDur","d1","min",0.25,"provisorisch"
"2026-03-09T00:00+0100","Zch_Stampfenbachstrasse","StrGlo","d1","W/m2",128.75,"provisorisch"
"2026-03-09T00:00+0100","Zch_Stampfenbachstrasse","T","d1","°C",11.54,"provisorisch"
"2026-03-09T00:00+0100","Zch_Stampfenbachstrasse","T_max_h1","d1","°C",16.27,"provisorisch"
"2026-03-09T00:00+0100","Zch_Stampfenbachstrasse","p","d1","hPa",970.36,"provisorisch"
"2026-03-10T00:00+0100","Zch_Heubeeribüel","T","d1","°C",10.49,"provisorisch"
"2026-03-10T00:00+0100","Zch_Heubeeribüel","T_max_h1","d1","°C",15.7,"provisorisch"
"2026-03-10T00:00+0100","Zch_Heubeeribüel","p","d1","hPa",948.52,"provisorisch"
"2026-03-10T00:00+0100","Zch_Rosengartenstrasse","RainDur","d1","min",70.5,"provisorisch"
"2026-03-10T00:00+0100","Zch_Rosengartenstrasse","T","d1","°C",10.72,"provisorisch"
"2026-03-10T00:00+0100","Zch_Rosengartenstrasse","T_max_h1","d1","°C",16.66,"provisorisch"
"2026-03-10T00:00+0100","Zch_Rosengartenstrasse","p","d1","hPa",968.72,"provisorisch"
"2026-03-10T00:00+0100","Zch_Schimmelstrasse","RainDur","d1","min",72.13,"provisorisch"
"2026-03-10T00:00+0100","Zch_Schimmelstrasse","T","d1","°C",11.2,"provisorisch"
"2026-03-10T00:00+0100","Zch_Schimmelstrasse","T_max_h1","d1","°C",16.82,"provisorisch"
"2026-03-10T00:00+0100","Zch_Schimmelstrasse","p","d1","hPa",971.18,"provisorisch"
"2026-03-10T00:00+0100","Zch_Stampfenbachstrasse","RainDur","d1","min",72.62,"provisorisch"
"2026-03-10T00:00+0100","Zch_Stampfenbachstrasse","StrGlo","d1","W/m2",162.87,"provisorisch"
"2026-03-10T00:00+0100","Zch_Stampfenbachstrasse","T","d1","°C",11.19,"provisorisch"
"2026-03-10T00:00+0100","Zch_Stampfenbachstrasse","T_max_h1","d1","°C",16.67,"provisorisch"
"2026-03-10T00:00+0100","Zch_Stampfenbachstrasse","p","d1","hPa",968.68,"provisorisch"
"2026-03-11T00:00+0100","Zch_Heubeeribüel","T","d1","°C",9.55,"provisorisch"
"2026-03-11T00:00+0100","Zch_Heubeeribüel","T_max_h1","d1","°C",13.51,"provisorisch"
"2026-03-11T00:00+0100","Zch_Heubeeribüel","p","d1","hPa",948.49,"provisorisch"
"2026-03-11T00:00+0100","Zch_Rosengartenstrasse","RainDur","d1","min",326.15,"provisorisch"
"2026-03-11T00:00+0100","Zch_Rosengartenstrasse","T","d1","°C",11.35,"provisorisch"
"2026-03-11T00:00+0100","Zch_Rosengartenstrasse","T_max_h1","d1","°C",14.98,"provisorisch"
"2026-03-11T00:00+0100","Zch_Rosengartenstrasse","p","d1","hPa",968.67,"provisorisch"
"2026-03-11T00:00+0100","Zch_Schimmelstrasse","RainDur","d1","min",366.63,"provisorisch"
"2026-03-11T00:00+0100","Zch_Schimmelstrasse","T","d1","°C",11.74,"provisorisch"
"2026-03-11T00:00+0100","Zch_Schimmelstrasse","T_max_h1","d1","°C",15.02,"provisorisch"
"2026-03-11T00:00+0100","Zch_Schimmelstrasse","p","d1","hPa",971.16,"provisorisch"
"2026-03-11T00:00+0100","Zch_Stampfenbachstrasse","RainDur","d1","min",358.8,"provisorisch"
"2026-03-11T00:00+0100","Zch_Stampfenbachstrasse","StrGlo","d1","W/m2",110.39,"provisorisch"
"2026-03-11T00:00+0100","Zch_Stampfenbachstrasse","T","d1","°C",11.52,"provisorisch"
"2026-03-11T00:00+0100","Zch_Stampfenbachstrasse","T_max_h1","d1","°C",14.96,"provisorisch"
"2026-03-11T00:00+0100","Zch_Stampfenbachstrasse","p","d1","hPa",968.67,"provisorisch"
"2026-03-12T00:00+0100","Zch_Heubeeribüel","T","d1","°C",7.31,"provisorisch"
"2026-03-12T00:00+0100","Zch_Heubeeribüel","T_max_h1","d1","°C",10.4,"provisorisch"
"2026-03-12T00:00+0100","Zch_Heubeeribüel","p","d1","hPa",951.4,"provisorisch"
"2026-03-12T00:00+0100","Zch_Rosengartenstrasse","RainDur","d1","min",202.22,"provisorisch"
"2026-03-12T00:00+0100","Zch_Rosengartenstrasse","T","d1","°C",9.01,"provisorisch"
"2026-03-12T00:00+0100","Zch_Rosengartenstrasse","T_max_h1","d1","°C",12.08,"provisorisch"
"2026-03-12T00:00+0100","Zch_Rosengartenstrasse","p","d1","hPa",971.8,"provisorisch"
"2026-03-12T00:00+0100","Zch_Schimmelstrasse","RainDur","d1","min",276.77,"provisorisch"
"2026-03-12T00:00+0100","Zch_Schimmelstrasse","T","d1","°C",9.18,"provisorisch"
"2026-03-12T00:00+0100","Zch_Schimmelstrasse","T_max_h1","d1","°C",12.08,"provisorisch"
"2026-03-12T00:00+0100","Zch_Schimmelstrasse","p","d1","hPa",974.26,"provisorisch"
"2026-03-12T00:00+0100","Zch_Stampfenbachstrasse","RainDur","d1","min",222.37,"provisorisch"
"2026-03-12T00:00+0100","Zch_Stampfenbachstrasse","StrGlo","d1","W/m2",127.98,"provisorisch"
"2026-03-12T00:00+0100","Zch_Stampfenbachstrasse","T","d1","°C",9.25,"provisorisch"
"2026-03-12T00:00+0100","Zch_Stampfenbachstrasse","T_max_h1","d1","°C",12.22,"provisorisch"
"2026-03-12T00:00+0100","Zch_Stampfenbachstrasse","p","d1","hPa",971.77,"provisorisch"
"2026-03-13T00:00+0100","Zch_Heubeeribüel","T","d1","°C",8.58,"provisorisch"
"2026-03-13T00:00+0100","Zch_Heubeeribüel","T_max_h1","d1","°C",13.88,"provisorisch"
"2026-03-13T00:00+0100","Zch_Heubeeribüel","p","d1","hPa",942.51,"provisorisch"
"2026-03-13T00:00+0100","Zch_Rosengartenstrasse","RainDur","d1","min",0.0,"provisorisch"
"2026-03-13T00:00+0100","Zch_Rosengartenstrasse","T","d1","°C",9.45,"provisorisch"
"2026-03-13T00:00+0100","Zch_Rosengartenstrasse","T_max_h1","d1","°C",15.46,"provisorisch"
"2026-03-13T00:00+0100","Zch_Rosengartenstrasse","p","d1","hPa",962.57,"provisorisch"
"2026-03-13T00:00+0100","Zch_Schimmelstrasse","RainDur","d1","min",0.0,"provisorisch"
"2026-03-13T00:00+0100","Zch_Schimmelstrasse","T","d1","°C",9.87,"provisorisch"
"2026-03-13T00:00+0100","Zch_Schimmelstrasse","T_max_h1","d1","°C",15.62,"provisorisch"
"2026-03-13T00:00+0100","Zch_Schimmelstrasse","p","d1","hPa",965.05,"provisorisch"
"2026-03-13T00:00+0100","Zch_Stampfenbachstrasse","RainDur","d1","min",0.0,"provisorisch"
"2026-03-13T00:00+0100","Zch_Stampfenbachstrasse","StrGlo","d1","W/m2",177.67,"provisorisch"
"2026-03-13T00:00+0100","Zch_Stampfenbachstrasse","T","d1","°C",9.87,"provisorisch"
"2026-03-13T00:00+0100","Zch_Stampfenbachstrasse","T_max_h1","d1","°C",15.48,"provisorisch"
"2026-03-13T00:00+0100","Zch_Stampfenbachstrasse","p","d1","hPa",962.52,"provisorisch"
"2026-03-14T00:00+0100","Zch_Heubeeribüel","T","d1","°C",4.01,"provisorisch"
"2026-03-14T00:00+0100","Zch_Heubeeribüel","T_max_h1","d1","°C",10.12,"provisorisch"
"2026-03-14T00:00+0100","Zch_Heubeeribüel","p","d1","hPa",933.32,"provisorisch"
"2026-03-14T00:00+0100","Zch_Rosengartenstrasse","RainDur","d1","min",794.75,"provisorisch"
"2026-03-14T00:00+0100","Zch_Rosengartenstrasse","T","d1","°C",5.47,"provisorisch"
"2026-03-14T00:00+0100","Zch_Rosengartenstrasse","T_max_h1","d1","°C",10.64,"provisorisch"
"2026-03-14T00:00+0100","Zch_Rosengartenstrasse","p","d1","hPa",953.49,"provisorisch"
"2026-03-14T00:00+0100","Zch_Schimmelstrasse","RainDur","d1","min",904.65,"provisorisch"
"2026-03-14T00:00+0100","Zch_Schimmelstrasse","T","d1","°C",5.72,"provisorisch"
"2026-03-14T00:00+0100","Zch_Schimmelstrasse","T_max_h1","d1","°C",11.18,"provisorisch"
"2026-03-14T00:00+0100","Zch_Schimmelstrasse","p","d1","hPa",955.99,"provisorisch"
"2026-03-14T00:00+0100","Zch_Stampfenbachstrasse","RainDur","d1","min",993.6,"provisorisch"
"2026-03-14T00:00+0100","Zch_Stampfenbachstrasse","StrGlo","d1","W/m2",32.24,"provisorisch"
"2026-03-14T00:00+0100","Zch_Stampfenbachstrasse","T","d1","°C",5.93,"provisorisch"
"2026-03-14T00:00+0100","Zch_Stampfenbachstrasse","T_max_h1","d1","°C",11.04,"provisorisch"
"2026-03-14T00:00+0100","Zch_Stampfenbachstrasse","p","d1","hPa",953.45,"provisorisch"
"2026-03-15T00:00+0100","Zch_Heubeeribüel","T","d1","°C",2.59,"provisorisch"
"2026-03-15T00:00+0100","Zch_Heubeeribüel","T_max_h1","d1","°C",4.66,"provisorisch"
"2026-03-15T00:00+0100","Zch_Heubeeribüel","p","d1","hPa",942.52,"provisorisch"
"2026-03-15T00:00+0100","Zch_Rosengartenstrasse","RainDur","d1","min",13.7,"provisorisch"
"2026-03-15T00:00+0100","Zch_Rosengartenstrasse","T","d1","°C",4.67,"provisorisch"
"2026-03-15T00:00+0100","Zch_Rosengartenstrasse","T_max_h1","d1","°C",6.69,"provisorisch"
"2026-03-15T00:00+0100","Zch_Rosengartenstrasse","p","d1","hPa",963.06,"provisorisch"
"2026-03-15T00:00+0100","Zch_Schimmelstrasse","RainDur","d1","min",84.57,"provisorisch"
"2026-03-15T00:00+0100","Zch_Schimmelstrasse","T","d1","°C",5.13,"provisorisch"
"2026-03-15T00:00+0100","Zch_Schimmelstrasse","T_max_h1","d1","°C",7.16,"provisorisch"
"2026-03-15T00:00+0100","Zch_Schimmelstrasse","p","d1","hPa",965.57,"provisorisch"
"2026-03-15T00:00+0100","Zch_Stampfenbachstrasse","RainDur","d1","min",287.75,"provisorisch"
"2026-03-15T00:00+0100","Zch_Stampfenbachstrasse","StrGlo","d1","W/m2",85.85,"provisorisch"
"2026-03-15T00:00+0100","Zch_Stampfenbachstrasse","T","d1","°C",5.08,"provisorisch"
"2026-03-15T00:00+0100","Zch_Stampfenbachstrasse","T_max_h1","d1","°C",6.92,"provisorisch"
"2026-03-15T00:00+0100","Zch_Stampfenbachstrasse","p","d1","hPa",962.97,"provisorisch"
"2026-03-16T00:00+0100","Zch_Heubeeribüel","T","d1","°C",4.68,"provisorisch"
"2026-03-16T00:00+0100","Zch_Heubeeribüel","T_max_h1","d1","°C",7.46,"provisorisch"
"2026-03-16T00:00+0100","Zch_Heubeeribüel","p","d1","hPa",948.8,"provisorisch"
"2026-03-16T00:00+0100","Zch_Rosengartenstrasse","RainDur","d1","min",0.0,"provisorisch"
"2026-03-16T00:00+0100","Zch_Rosengartenstrasse","T","d1","°C",6.43,"provisorisch"
"2026-03-16T00:00+0100","Zch_Rosengartenstrasse","T_max_h1","d1","°C",9.16,"provisorisch"
"2026-03-16T00:00+0100","Zch_Rosengartenstrasse","p","d1","hPa",969.38,"provisorisch"
"2026-03-16T00:00+0100","Zch_Schimmelstrasse","RainDur","d1","min",1.45,"provisorisch"
"2026-03-16T00:00+0100","Zch_Schimmelstrasse","T","d1","°C",6.96,"provisorisch"
"2026-03-16T00:00+0100","Zch_Schimmelstrasse","T_max_h1","d1","°C",9.79,"provisorisch"
"2026-03-16T00:00+0100","Zch_Schimmelstrasse","p","d1","hPa",971.91,"provisorisch"
"2026-03-16T00:00+0100","Zch_Stampfenbachstrasse","RainDur","d1","min",0.3,"provisorisch"
"2026-03-16T00:00+0100","Zch_Stampfenbachstrasse","StrGlo","d1","W/m2",77.47,"provisorisch"
"2026-03-16T00:00+0100","Zch_Stampfenbachstrasse","T","d1","°C",6.78,"provisorisch"
"2026-03-16T00:00+0100","Zch_Stampfenbachstrasse","T_max_h1","d1","°C",9.23,"provisorisch"
"2026-03-16T00:00+0100","Zch_Stampfenbachstrasse","p","d1","hPa",969.37,"provisorisch"
"2026-03-17T00:00+0100","Zch_Heubeeribüel","T","d1","°C",6.47,"provisorisch"
"2026-03-17T00:00+0100","Zch_Heubeeribüel","T_max_h1","d1","°C",11.0,"provisorisch"
"2026-03-17T00:00+0100","Zch_Heubeeribüel","p","d1","hPa",949.49,"provisorisch"
"2026-03-17T00:00+0100","Zch_Rosengartenstrasse","RainDur","d1","min",0.0,"provisorisch"
"2026-03-17T00:00+0100","Zch_Rosengartenstrasse","T","d1","°C",8.15,"provisorisch"
"2026-03-17T00:00+0100","Zch_Rosengartenstrasse","T_max_h1","d1","°C",12.98,"provisorisch"
"2026-03-17T00:00+0100","Zch_Rosengartenstrasse","p","d1","hPa",969.94,"provisorisch"
"2026-03-17T00:00+0100","Zch_Schimmelstrasse","RainDur","d1","min",0.0,"provisorisch"
"2026-03-17T00:00+0100","Zch_Schimmelstrasse","T","d1","°C",8.67,"provisorisch"
"2026-03-17T00:00+0100","Zch_Schimmelstrasse","T_max_h1","d1","°C",12.96,"provisorisch"
"2026-03-17T00:00+0100","Zch_Schimmelstrasse","p","d1","hPa",972.41,"provisorisch"
"2026-03-17T00:00+0100","Zch_Stampfenbachstrasse","RainDur","d1","min",0.0,"provisorisch"
"2026-03-17T00:00+0100","Zch_Stampfenbachstrasse","StrGlo","d1","W/m2",190.71,"provisorisch"
"2026-03-17T00:00+0100","Zch_Stampfenbachstrasse","T","d1","°C",8.56,"provisorisch"
"2026-03-17T00:00+0100","Zch_Stampfenbachstrasse","T_max_h1","d1","°C",13.08,"provisorisch"
"2026-03-17T00:00+0100","Zch_Stampfenbachstrasse","p","d1","hPa",969.88,"provisorisch"
"2026-03-18T00:00+0100","Zch_Heubeeribüel","T","d1","°C",5.36,"provisorisch"
"2026-03-18T00:00+0100","Zch_Heubeeribüel","T_max_h1","d1","°C",9.65,"provisorisch"
"2026-03-18T00:00+0100","Zch_Heubeeribüel","p","d1","hPa",946.89,"provisorisch"
"2026-03-18T00:00+0100","Zch_Rosengartenstrasse","RainDur","d1","min",0.0,"provisorisch"
"2026-03-18T00:00+0100","Zch_Rosengartenstrasse","T","d1","°C",7.28,"provisorisch"
"2026-03-18T00:00+0100","Zch_Rosengartenstrasse","T_max_h1","d1","°C",11.34,"provisorisch"
"2026-03-18T00:00+0100","Zch_Rosengartenstrasse","p","d1","hPa",967.53,"provisorisch"
"2026-03-18T00:00+0100","Zch_Schimmelstrasse","RainDur","d1","min",0.0,"provisorisch"
"2026-03-18T00:00+0100","Zch_Schimmelstrasse","T","d1","°C",7.83,"provisorisch"
"2026-03-18T00:00+0100","Zch_Schimmelstrasse","T_max_h1","d1","°C",11.63,"provisorisch"
"2026-03-18T00:00+0100","Zch_Schimmelstrasse","p","d1","hPa",970.12,"provisorisch"
"2026-03-18T00:00+0100","Zch_Stampfenbachstrasse","RainDur","d1","min",0.0,"provisorisch"
"2026-03-18T00:00+0100","Zch_Stampfenbachstrasse","StrGlo","d1","W/m2",208.18,"provisorisch"
"2026-03-18T00:00+0100","Zch_Stampfenbachstrasse","T","d1","°C",7.57,"provisorisch"
"2026-03-18T00:00+0100","Zch_Stampfenbachstrasse","T_max_h1","d1","°C",11.53,"provisorisch"
"2026-03-18T00:00+0100","Zch_Stampfenbachstrasse","p","d1","hPa",967.44,"provisorisch"
"2026-03-19T00:00+0100","Zch_Heubeeribüel","T","d1","°C",6.71,"provisorisch"
"2026-03-19T00:00+0100","Zch_Heubeeribüel","T_max_h1","d1","°C",11.86,"provisorisch"
"2026-03-19T00:00+0100","Zch_Heubeeribüel","p","d1","hPa",948.67,"provisorisch"
"2026-03-19T00:00+0100","Zch_Rosengartenstrasse","RainDur","d1","min",0.0,"provisorisch"
"2026-03-19T00:00+0100","Zch_Rosengartenstrasse","T","d1","°C",8.26,"provisorisch"
"2026-03-19T00:00+0100","Zch_Rosengartenstrasse","T_max_h1","d1","°C",13.72,"provisorisch"
"2026-03-19T00:00+0100","Zch_Rosengartenstrasse","p","d1","hPa",969.14,"provisorisch"
"2026-03-19T00:00+0100","Zch_Schimmelstrasse","RainDur","d1","min",0.0,"provisorisch"
"2026-03-19T00:00+0100","Zch_Schimmelstrasse","T","d1","°C",9.21,"provisorisch"
"2026-03-19T00:00+0100","Zch_Schimmelstrasse","T_max_h1","d1","°C",14.02,"provisorisch"
"2026-03-19T00:00+0100","Zch_Schimmelstrasse","p","d1","hPa",971.62,"provisorisch"
"2026-03-19T00:00+0100","Zch_Stampfenbachstrasse","RainDur","d1","min",0.0,"provisorisch"
"2026-03-19T00:00+0100","Zch_Stampfenbachstrasse","StrGlo","d1","W/m2",207.94,"provisorisch"
"2026-03-19T00:00+0100","Zch_Stampfenbachstrasse","T","d1","°C",8.71,"provisorisch"
"2026-03-19T00:00+0100","Zch_Stampfenbachstrasse","T_max_h1","d1","°C",13.88,"provisorisch"
"2026-03-19T00:00+0100","Zch_Stampfenbachstrasse","p","d1","hPa",969.09,"provisorisch"
"2026-03-20T00:00+0100","Zch_Heubeeribüel","T","d1","°C",7.19,"provisorisch"
"2026-03-20T00:00+0100","Zch_Heubeeribüel","T_max_h1","d1","°C",12.02,"provisorisch"
"2026-03-20T00:00+0100","Zch_Heubeeribüel","p","d1","hPa",946.04,"provisorisch"
"2026-03-20T00:00+0100","Zch_Rosengartenstrasse","RainDur","d1","min",0.0,"provisorisch"
"2026-03-20T00:00+0100","Zch_Rosengartenstrasse","T","d1","°C",8.35,"provisorisch"
"2026-03-20T00:00+0100","Zch_Rosengartenstrasse","T_max_h1","d1","°C",13.86,"provisorisch"
"2026-03-20T00:00+0100","Zch_Rosengartenstrasse","p","d1","hPa",966.33,"provisorisch"
"2026-03-20T00:00+0100","Zch_Schimmelstrasse","RainDur","d1","min",0.0,"provisorisch"
"2026-03-20T00:00+0100","Zch_Schimmelstrasse","T","d1","°C",9.3,"provisorisch"
"2026-03-20T00:00+0100","Zch_Schimmelstrasse","T_max_h1","d1","°C",13.72,"provisorisch"
"2026-03-20T00:00+0100","Zch_Schimmelstrasse","p","d1","hPa",968.84,"provisorisch"
"2026-03-20T00:00+0100","Zch_Stampfenbachstrasse","RainDur","d1","min",0.0,"provisorisch"
"2026-03-20T00:00+0100","Zch_Stampfenbachstrasse","StrGlo","d1","W/m2",212.26,"provisorisch"
"2026-03-20T00:00+0100","Zch_Stampfenbachstrasse","T","d1","°C",9.03,"provisorisch"
"2026-03-20T00:00+0100","Zch_Stampfenbachstrasse","T_max_h1","d1","°C",13.89,"provisorisch"
"2026-03-20T00:00+0100","Zch_Stampfenbachstrasse","p","d1","hPa",966.28,"provisorisch"
"2026-03-21T00:00+0100","Zch_Heubeeribüel","T","d1","°C",7.17,"provisorisch"
"2026-03-21T00:00+0100","Zch_Heubeeribüel","T_max_h1","d1","°C",11.5,"provisorisch"
"2026-03-21T00:00+0100","Zch_Heubeeribüel","p","d1","hPa",941.89,"provisorisch"
"2026-03-21T00:00+0100","Zch_Rosengartenstrasse","RainDur","d1","min",0.0,"provisorisch"
"2026-03-21T00:00+0100","Zch_Rosengartenstrasse","T","d1","°C",8.53,"provisorisch"
"2026-03-21T00:00+0100","Zch_Rosengartenstrasse","T_max_h1","d1","°C",13.14,"provisorisch"
"2026-03-21T00:00+0100","Zch_Rosengartenstrasse","p","d1","hPa",962.12,"provisorisch"
"2026-03-21T00:00+0100","Zch_Schimmelstrasse","RainDur","d1","min",1.18,"provisorisch"
"2026-03-21T00:00+0100","Zch_Schimmelstrasse","T","d1","°C",9.01,"provisorisch"
"2026-03-21T00:00+0100","Zch_Schimmelstrasse","T_max_h1","d1","°C",13.32,"provisorisch"
"2026-03-21T00:00+0100","Zch_Schimmelstrasse","p","d1","hPa",964.56,"provisorisch"
"2026-03-21T00:00+0100","Zch_Stampfenbachstrasse","RainDur","d1","min",0.0,"provisorisch"
"2026-03-21T00:00+0100","Zch_Stampfenbachstrasse","StrGlo","d1","W/m2",183.97,"provisorisch"
"2026-03-21T00:00+0100","Zch_Stampfenbachstrasse","T","d1","°C",9.01,"provisorisch"
"2026-03-21T00:00+0100","Zch_Stampfenbachstrasse","T_max_h1","d1","°C",13.19,"provisorisch"
"2026-03-21T00:00+0100","Zch_Stampfenbachstrasse","p","d1","hPa",961.99,"provisorisch"
"2026-03-22T00:00+0100","Zch_Heubeeribüel","T","d1","°C",6.72,"provisorisch"
"2026-03-22T00:00+0100","Zch_Heubeeribüel","T_max_h1","d1","°C",11.38,"provisorisch"
"2026-03-22T00:00+0100","Zch_Heubeeribüel","p","d1","hPa",940.03,"provisorisch"
"2026-03-22T00:00+0100","Zch_Rosengartenstrasse","RainDur","d1","min",1.02,"provisorisch"
"2026-03-22T00:00+0100","Zch_Rosengartenstrasse","T","d1","°C",8.56,"provisorisch"
"2026-03-22T00:00+0100","Zch_Rosengartenstrasse","T_max_h1","d1","°C",13.2,"provisorisch"
"2026-03-22T00:00+0100","Zch_Rosengartenstrasse","p","d1","hPa",960.22,"provisorisch"
"2026-03-22T00:00+0100","Zch_Schimmelstrasse","RainDur","d1","min",18.15,"provisorisch"
"2026-03-22T00:00+0100","Zch_Schimmelstrasse","T","d1","°C",9.29,"provisorisch"
"2026-03-22T00:00+0100","Zch_Schimmelstrasse","T_max_h1","d1","°C",13.55,"provisorisch"
"2026-03-22T00:00+0100","Zch_Schimmelstrasse","p","d1","hPa",962.68,"provisorisch"
"2026-03-22T00:00+0100","Zch_Stampfenbachstrasse","RainDur","d1","min",35.03,"provisorisch"
"2026-03-22T00:00+0100","Zch_Stampfenbachstrasse","StrGlo","d1","W/m2",204.22,"provisorisch"
"2026-03-22T00:00+0100","Zch_Stampfenbachstrasse","T","d1","°C",9.06,"provisorisch"
"2026-03-22T00:00+0100","Zch_Stampfenbachstrasse","T_max_h1","d1","°C",13.32,"provisorisch"
"2026-03-22T00:00+0100","Zch_Stampfenbachstrasse","p","d1","hPa",960.07,"provisorisch"
"2026-03-23T00:00+0100","Zch_Heubeeribüel","T","d1","°C",7.1,"provisorisch"
"2026-03-23T00:00+0100","Zch_Heubeeribüel","T_max_h1","d1","°C",10.61,"provisorisch"
"2026-03-23T00:00+0100","Zch_Heubeeribüel","p","d1","hPa",946.52,"provisorisch"
"2026-03-23T00:00+0100","Zch_Rosengartenstrasse","RainDur","d1","min",1.93,"provisorisch"
"2026-03-23T00:00+0100","Zch_Rosengartenstrasse","T","d1","°C",8.7,"provisorisch"
"2026-03-23T00:00+0100","Zch_Rosengartenstrasse","T_max_h1","d1","°C",12.15,"provisorisch"
"2026-03-23T00:00+0100","Zch_Rosengartenstrasse","p","d1","hPa",966.76,"provisorisch"
"2026-03-23T00:00+0100","Zch_Schimmelstrasse","RainDur","d1","min",19.48,"provisorisch"
"2026-03-23T00:00+0100","Zch_Schimmelstrasse","T","d1","°C",8.79,"provisorisch"
"2026-03-23T00:00+0100","Zch_Schimmelstrasse","T_max_h1","d1","°C",12.18,"provisorisch"
"2026-03-23T00:00+0100","Zch_Schimmelstrasse","p","d1","hPa",969.28,"provisorisch"
"2026-03-23T00:00+0100","Zch_Stampfenbachstrasse","RainDur","d1","min",9.83,"provisorisch"
"2026-03-23T00:00+0100","Zch_Stampfenbachstrasse","StrGlo","d1","W/m2",124.28,"provisorisch"
"2026-03-23T00:00+0100","Zch_Stampfenbachstrasse","T","d1","°C",9.05,"provisorisch"
"2026-03-23T00:00+0100","Zch_Stampfenbachstrasse","T_max_h1","d1","°C",12.25,"provisorisch"
"2026-03-23T00:00+0100","Zch_Stampfenbachstrasse","p","d1","hPa",966.72,"provisorisch"
"2026-03-24T00:00+0100","Zch_Heubeeribüel","T","d1","°C",8.11,"provisorisch"
"2026-03-24T00:00+0100","Zch_Heubeeribüel","T_max_h1","d1","°C",13.39,"provisorisch"
"2026-03-24T00:00+0100","Zch_Heubeeribüel","p","d1","hPa",949.59,"provisorisch"
"2026-03-24T00:00+0100","Zch_Rosengartenstrasse","RainDur","d1","min",0.0,"provisorisch"
"2026-03-24T00:00+0100","Zch_Rosengartenstrasse","T","d1","°C",8.95,"provisorisch"
"2026-03-24T00:00+0100","Zch_Rosengartenstrasse","T_max_h1","d1","°C",14.77,"provisorisch"
"2026-03-24T00:00+0100","Zch_Rosengartenstrasse","p","d1","hPa",969.92,"provisorisch"
"2026-03-24T00:00+0100","Zch_Schimmelstrasse","RainDur","d1","min",0.0,"provisorisch"
"2026-03-24T00:00+0100","Zch_Schimmelstrasse","T","d1","°C",9.26,"provisorisch"
"2026-03-24T00:00+0100","Zch_Schimmelstrasse","T_max_h1","d1","°C",14.97,"provisorisch"
"2026-03-24T00:00+0100","Zch_Schimmelstrasse","p","d1","hPa",972.41,"provisorisch"
"2026-03-24T00:00+0100","Zch_Stampfenbachstrasse","RainDur","d1","min",0.0,"provisorisch"
"2026-03-24T00:00+0100","Zch_Stampfenbachstrasse","StrGlo","d1","W/m2",209.03,"provisorisch"
"2026-03-24T00:00+0100","Zch_Stampfenbachstrasse","T","d1","°C",9.48,"provisorisch"
"2026-03-24T00:00+0100","Zch_Stampfenbachstrasse","T_max_h1","d1","°C",14.92,"provisorisch"
"2026-03-24T00:00+0100","Zch_Stampfenbachstrasse","p","d1","hPa",969.85,"provisorisch"
"2026-03-25T00:00+0100","Zch_Heubeeribüel","T","d1","°C",6.68,"provisorisch"
"2026-03-25T00:00+0100","Zch_Heubeeribüel","T_max_h1","d1","°C",13.06,"provisorisch"
"2026-03-25T00:00+0100","Zch_Heubeeribüel","p","d1","hPa",939.01,"provisorisch"
"2026-03-25T00:00+0100","Zch_Rosengartenstrasse","RainDur","d1","min",148.81,"provisorisch"
"2026-03-25T00:00+0100","Zch_Rosengartenstrasse","T","d1","°C",8.16,"provisorisch"
"2026-03-25T00:00+0100","Zch_Rosengartenstrasse","T_max_h1","d1","°C",14.53,"provisorisch"
"2026-03-25T00:00+0100","Zch_Rosengartenstrasse","p","d1","hPa",959.29,"provisorisch"
"2026-03-25T00:00+0100","Zch_Schimmelstrasse","RainDur","d1","min",257.33,"provisorisch"
"2026-03-25T00:00+0100","Zch_Schimmelstrasse","T","d1","°C",8.69,"provisorisch"
"2026-03-25T00:00+0100","Zch_Schimmelstrasse","T_max_h1","d1","°C",14.71,"provisorisch"
"2026-03-25T00:00+0100","Zch_Schimmelstrasse","p","d1","hPa",961.79,"provisorisch"
"2026-03-25T00:00+0100","Zch_Stampfenbachstrasse","RainDur","d1","min",189.63,"provisorisch"
"2026-03-25T00:00+0100","Zch_Stampfenbachstrasse","StrGlo","d1","W/m2",100.94,"provisorisch"
"2026-03-25T00:00+0100","Zch_Stampfenbachstrasse","T","d1","°C",8.54,"provisorisch"
"2026-03-25T00:00+0100","Zch_Stampfenbachstrasse","T_max_h1","d1","°C",14.5,"provisorisch"
"2026-03-25T00:00+0100","Zch_Stampfenbachstrasse","p","d1","hPa",959.32,"provisorisch"
"2026-03-26T00:00+0100","Zch_Heubeeribüel","T","d1","°C",1.16,"provisorisch"
"2026-03-26T00:00+0100","Zch_Heubeeribüel","T_max_h1","d1","°C",4.16,"provisorisch"
"2026-03-26T00:00+0100","Zch_Heubeeribüel","p","d1","hPa",942.04,"provisorisch"
"2026-03-26T00:00+0100","Zch_Rosengartenstrasse","RainDur","d1","min",245.87,"provisorisch"
"2026-03-26T00:00+0100","Zch_Rosengartenstrasse","T","d1","°C",3.09,"provisorisch"
"2026-03-26T00:00+0100","Zch_Rosengartenstrasse","T_max_h1","d1","°C",5.77,"provisorisch"
"2026-03-26T00:00+0100","Zch_Rosengartenstrasse","p","d1","hPa",962.71,"provisorisch"
"2026-03-26T00:00+0100","Zch_Schimmelstrasse","RainDur","d1","min",594.56,"provisorisch"
"2026-03-26T00:00+0100","Zch_Schimmelstrasse","T","d1","°C",3.32,"provisorisch"
"2026-03-26T00:00+0100","Zch_Schimmelstrasse","T_max_h1","d1","°C",5.76,"provisorisch"
"2026-03-26T00:00+0100","Zch_Schimmelstrasse","p","d1","hPa",965.25,"provisorisch"
"2026-03-26T00:00+0100","Zch_Stampfenbachstrasse","RainDur","d1","min",255.73,"provisorisch"
"2026-03-26T00:00+0100","Zch_Stampfenbachstrasse","StrGlo","d1","W/m2",103.08,"provisorisch"
"2026-03-26T00:00+0100","Zch_Stampfenbachstrasse","T","d1","°C",3.48,"provisorisch"
"2026-03-26T00:00+0100","Zch_Stampfenbachstrasse","T_max_h1","d1","°C",5.96,"provisorisch"
"2026-03-26T00:00+0100","Zch_Stampfenbachstrasse","p","d1","hPa",962.6,"provisorisch"
"2026-03-27T00:00+0100","Zch_Heubeeribüel","T","d1","°C",0.62,"provisorisch"
"2026-03-27T00:00+0100","Zch_Heubeeribüel","T_max_h1","d1","°C",3.2,"provisorisch"
"2026-03-27T00:00+0100","Zch_Heubeeribüel","p","d1","hPa",948.89,"provisorisch"
"2026-03-27T00:00+0100","Zch_Rosengartenstrasse","RainDur","d1","min",0.0,"provisorisch"
"2026-03-27T00:00+0100","Zch_Rosengartenstrasse","T","d1","°C",2.47,"provisorisch"
"2026-03-27T00:00+0100","Zch_Rosengartenstrasse","T_max_h1","d1","°C",5.28,"provisorisch"
"2026-03-27T00:00+0100","Zch_Rosengartenstrasse","p","d1","hPa",969.72,"provisorisch"
"2026-03-27T00:00+0100","Zch_Schimmelstrasse","RainDur","d1","min",87.18,"provisorisch"
"2026-03-27T00:00+0100","Zch_Schimmelstrasse","T","d1","°C",3.2,"provisorisch"
"2026-03-27T00:00+0100","Zch_Schimmelstrasse","T_max_h1","d1","°C",5.65,"provisorisch"
"2026-03-27T00:00+0100","Zch_Schimmelstrasse","p","d1","hPa",972.25,"provisorisch"
"2026-03-27T00:00+0100","Zch_Stampfenbachstrasse","RainDur","d1","min",0.0,"provisorisch"
"2026-03-27T00:00+0100","Zch_Stampfenbachstrasse","StrGlo","d1","W/m2",143.87,"provisorisch"
"2026-03-27T00:00+0100","Zch_Stampfenbachstrasse","T","d1","°C",3.11,"provisorisch"
"2026-03-27T00:00+0100","Zch_Stampfenbachstrasse","T_max_h1","d1","°C",5.71,"provisorisch"
"2026-03-27T00:00+0100","Zch_Stampfenbachstrasse","p","d1","hPa",969.66,"provisorisch"
"2026-03-28T00:00+0100","Zch_Heubeeribüel","T","d1","°C",1.23,"provisorisch"
"2026-03-28T00:00+0100","Zch_Heubeeribüel","T_max_h1","d1","°C",6.14,"provisorisch"
"2026-03-28T00:00+0100","Zch_Heubeeribüel","p","d1","hPa",948.93,"provisorisch"
"2026-03-28T00:00+0100","Zch_Rosengartenstrasse","RainDur","d1","min",437.02,"provisorisch"
"2026-03-28T00:00+0100","Zch_Rosengartenstrasse","T","d1","°C",2.59,"provisorisch"
"2026-03-28T00:00+0100","Zch_Rosengartenstrasse","T_max_h1","d1","°C",7.42,"provisorisch"
"2026-03-28T00:00+0100","Zch_Rosengartenstrasse","p","d1","hPa",969.73,"provisorisch"
"2026-03-28T00:00+0100","Zch_Schimmelstrasse","RainDur","d1","min",470.25,"provisorisch"
"2026-03-28T00:00+0100","Zch_Schimmelstrasse","T","d1","°C",3.46,"provisorisch"
"2026-03-28T00:00+0100","Zch_Schimmelstrasse","T_max_h1","d1","°C",8.13,"provisorisch"
"2026-03-28T00:00+0100","Zch_Schimmelstrasse","p","d1","hPa",972.26,"provisorisch"
"2026-03-28T00:00+0100","Zch_Stampfenbachstrasse","RainDur","d1","min",469.35,"provisorisch"
"2026-03-28T00:00+0100","Zch_Stampfenbachstrasse","StrGlo","d1","W/m2",169.36,"provisorisch"
"2026-03-28T00:00+0100","Zch_Stampfenbachstrasse","T","d1","°C",3.06,"provisorisch"
"2026-03-28T00:00+0100","Zch_Stampfenbachstrasse","T_max_h1","d1","°C",7.78,"provisorisch"
"2026-03-28T00:00+0100","Zch_Stampfenbachstrasse","p","d1","hPa",969.68,"provisorisch"
"2026-03-29T00:00+0100","Zch_Heubeeribüel","T","d1","°C",2.02,"provisorisch"
"2026-03-29T00:00+0100","Zch_Heubeeribüel","T_max_h1","d1","°C",4.17,"provisorisch"
"2026-03-29T00:00+0100","Zch_Heubeeribüel","p","d1","hPa",954.0,"provisorisch"
"2026-03-29T00:00+0100","Zch_Rosengartenstrasse","RainDur","d1","min",103.85,"provisorisch"
"2026-03-29T00:00+0100","Zch_Rosengartenstrasse","T","d1","°C",4.08,"provisorisch"
"2026-03-29T00:00+0100","Zch_Rosengartenstrasse","T_max_h1","d1","°C",6.21,"provisorisch"
"2026-03-29T00:00+0100","Zch_Rosengartenstrasse","p","d1","hPa",974.83,"provisorisch"
"2026-03-29T00:00+0100","Zch_Schimmelstrasse","RainDur","d1","min",252.08,"provisorisch"
"2026-03-29T00:00+0100","Zch_Schimmelstrasse","T","d1","°C",4.6,"provisorisch"
"2026-03-29T00:00+0100","Zch_Schimmelstrasse","T_max_h1","d1","°C",6.84,"provisorisch"
"2026-03-29T00:00+0100","Zch_Schimmelstrasse","p","d1","hPa",977.37,"provisorisch"
"2026-03-29T00:00+0100","Zch_Stampfenbachstrasse","RainDur","d1","min",278.88,"provisorisch"
"2026-03-29T00:00+0100","Zch_Stampfenbachstrasse","StrGlo","d1","W/m2",71.47,"provisorisch"
"2026-03-29T00:00+0100","Zch_Stampfenbachstrasse","T","d1","°C",4.52,"provisorisch"
"2026-03-29T00:00+0100","Zch_Stampfenbachstrasse","T_max_h1","d1","°C",6.52,"provisorisch"
"2026-03-29T00:00+0100","Zch_Stampfenbachstrasse","p","d1","hPa",974.69,"provisorisch"
"2026-03-30T00:00+0100","Zch_Heubeeribüel","T","d1","°C",2.54,"provisorisch"
"2026-03-30T00:00+0100","Zch_Heubeeribüel","T_max_h1","d1","°C",5.16,"provisorisch"
"2026-03-30T00:00+0100","Zch_Heubeeribüel","p","d1","hPa",949.29,"provisorisch"
"2026-03-30T00:00+0100","Zch_Rosengartenstrasse","RainDur","d1","min",NA,"provisorisch"
"2026-03-30T00:00+0100","Zch_Rosengartenstrasse","T","d1","°C",NA,"provisorisch"
"2026-03-30T00:00+0100","Zch_Rosengartenstrasse","T_max_h1","d1","°C",NA,"provisorisch"
"2026-03-30T00:00+0100","Zch_Rosengartenstrasse","p","d1","hPa",NA,"provisorisch"
"2026-03-30T00:00+0100","Zch_Schimmelstrasse","RainDur","d1","min",502.7,"provisorisch"
"2026-03-30T00:00+0100","Zch_Schimmelstrasse","T","d1","°C",4.81,"provisorisch"
"2026-03-30T00:00+0100","Zch_Schimmelstrasse","T_max_h1","d1","°C",7.36,"provisorisch"
"2026-03-30T00:00+0100","Zch_Schimmelstrasse","p","d1","hPa",972.56,"provisorisch"
"2026-03-30T00:00+0100","Zch_Stampfenbachstrasse","RainDur","d1","min",378.7,"provisorisch"
"2026-03-30T00:00+0100","Zch_Stampfenbachstrasse","StrGlo","d1","W/m2",60.47,"provisorisch"
"2026-03-30T00:00+0100","Zch_Stampfenbachstrasse","T","d1","°C",4.75,"provisorisch"
"2026-03-30T00:00+0100","Zch_Stampfenbachstrasse","T_max_h1","d1","°C",7.06,"provisorisch"
"2026-03-30T00:00+0100","Zch_Stampfenbachstrasse","p","d1","hPa",969.99,"provisorisch"
"2026-03-31T00:00+0100","Zch_Heubeeribüel","T","d1","°C",1.79,"provisorisch"
"2026-03-31T00:00+0100","Zch_Heubeeribüel","T_max_h1","d1","°C",4.74,"provisorisch"
"2026-03-31T00:00+0100","Zch_Heubeeribüel","p","d1","hPa",952.92,"provisorisch"
"2026-03-31T00:00+0100","Zch_Rosengartenstrasse","RainDur","d1","min",NA,"provisorisch"
"2026-03-31T00:00+0100","Zch_Rosengartenstrasse","T","d1","°C",NA,"provisorisch"
"2026-03-31T00:00+0100","Zch_Rosengartenstrasse","T_max_h1","d1","°C",NA,"provisorisch"
"2026-03-31T00:00+0100","Zch_Rosengartenstrasse","p","d1","hPa",NA,"provisorisch"
"2026-03-31T00:00+0100","Zch_Schimmelstrasse","RainDur","d1","min",281.62,"provisorisch"
"2026-03-31T00:00+0100","Zch_Schimmelstrasse","T","d1","°C",4.32,"provisorisch"
"2026-03-31T00:00+0100","Zch_Schimmelstrasse","T_max_h1","d1","°C",6.78,"provisorisch"
"2026-03-31T00:00+0100","Zch_Schimmelstrasse","p","d1","hPa",976.35,"provisorisch"
"2026-03-31T00:00+0100","Zch_Stampfenbachstrasse","RainDur","d1","min",146.53,"provisorisch"
"2026-03-31T00:00+0100","Zch_Stampfenbachstrasse","StrGlo","d1","W/m2",132.24,"provisorisch"
"2026-03-31T00:00+0100","Zch_Stampfenbachstrasse","T","d1","°C",4.23,"provisorisch"
"2026-03-31T00:00+0100","Zch_Stampfenbachstrasse","T_max_h1","d1","°C",6.79,"provisorisch"
"2026-03-31T00:00+0100","Zch_Stampfenbachstrasse","p","d1","hPa",973.68,"provisorisch"
"2026-04-01T00:00+0100","Zch_Heubeeribüel","T","d1","°C",2.49,"provisorisch"
"2026-04-01T00:00+0100","Zch_Heubeeribüel","T_max_h1","d1","°C",5.5,"provisorisch"
"2026-04-01T00:00+0100","Zch_Heubeeribüel","p","d1","hPa",950.11,"provisorisch"
"2026-04-01T00:00+0100","Zch_Rosengartenstrasse","RainDur","d1","min",163.72,"provisorisch"
"2026-04-01T00:00+0100","Zch_Rosengartenstrasse","T","d1","°C",4.46,"provisorisch"
"2026-04-01T00:00+0100","Zch_Rosengartenstrasse","T_max_h1","d1","°C",7.93,"provisorisch"
"2026-04-01T00:00+0100","Zch_Rosengartenstrasse","p","d1","hPa",970.83,"provisorisch"
"2026-04-01T00:00+0100","Zch_Schimmelstrasse","RainDur","d1","min",337.4,"provisorisch"
"2026-04-01T00:00+0100","Zch_Schimmelstrasse","T","d1","°C",5.11,"provisorisch"
"2026-04-01T00:00+0100","Zch_Schimmelstrasse","T_max_h1","d1","°C",8.09,"provisorisch"
"2026-04-01T00:00+0100","Zch_Schimmelstrasse","p","d1","hPa",973.35,"provisorisch"
"2026-04-01T00:00+0100","Zch_Stampfenbachstrasse","RainDur","d1","min",277.13,"provisorisch"
"2026-04-01T00:00+0100","Zch_Stampfenbachstrasse","StrGlo","d1","W/m2",138.43,"provisorisch"
"2026-04-01T00:00+0100","Zch_Stampfenbachstrasse","T","d1","°C",4.87,"provisorisch"
"2026-04-01T00:00+0100","Zch_Stampfenbachstrasse","T_max_h1","d1","°C",7.94,"provisorisch"
"2026-04-01T00:00+0100","Zch_Stampfenbachstrasse","p","d1","hPa",970.76,"provisorisch"
"2026-04-02T00:00+0100","Zch_Heubeeribüel","T","d1","°C",4.7,"provisorisch"
"2026-04-02T00:00+0100","Zch_Heubeeribüel","T_max_h1","d1","°C",9.34,"provisorisch"
"2026-04-02T00:00+0100","Zch_Heubeeribüel","p","d1","hPa",944.92,"provisorisch"
"2026-04-02T00:00+0100","Zch_Rosengartenstrasse","RainDur","d1","min",0.0,"provisorisch"
"2026-04-02T00:00+0100","Zch_Rosengartenstrasse","T","d1","°C",6.28,"provisorisch"
"2026-04-02T00:00+0100","Zch_Rosengartenstrasse","T_max_h1","d1","°C",10.89,"provisorisch"
"2026-04-02T00:00+0100","Zch_Rosengartenstrasse","p","d1","hPa",965.34,"provisorisch"
"2026-04-02T00:00+0100","Zch_Schimmelstrasse","RainDur","d1","min",0.0,"provisorisch"
"2026-04-02T00:00+0100","Zch_Schimmelstrasse","T","d1","°C",7.02,"provisorisch"
"2026-04-02T00:00+0100","Zch_Schimmelstrasse","T_max_h1","d1","°C",11.1,"provisorisch"
"2026-04-02T00:00+0100","Zch_Schimmelstrasse","p","d1","hPa",967.9,"provisorisch"
"2026-04-02T00:00+0100","Zch_Stampfenbachstrasse","RainDur","d1","min",0.0,"provisorisch"
"2026-04-02T00:00+0100","Zch_Stampfenbachstrasse","StrGlo","d1","W/m2",216.95,"provisorisch"
"2026-04-02T00:00+0100","Zch_Stampfenbachstrasse","T","d1","°C",6.77,"provisorisch"
"2026-04-02T00:00+0100","Zch_Stampfenbachstrasse","T_max_h1","d1","°C",10.73,"provisorisch"
"2026-04-02T00:00+0100","Zch_Stampfenbachstrasse","p","d1","hPa",965.29,"provisorisch"
"2026-04-03T00:00+0100","Zch_Heubeeribüel","T","d1","°C",8.3,"provisorisch"
"2026-04-03T00:00+0100","Zch_Heubeeribüel","T_max_h1","d1","°C",13.69,"provisorisch"
"2026-04-03T00:00+0100","Zch_Heubeeribüel","p","d1","hPa",948.14,"provisorisch"
"2026-04-03T00:00+0100","Zch_Rosengartenstrasse","RainDur","d1","min",0.0,"provisorisch"
"2026-04-03T00:00+0100","Zch_Rosengartenstrasse","T","d1","°C",9.43,"provisorisch"
"2026-04-03T00:00+0100","Zch_Rosengartenstrasse","T_max_h1","d1","°C",14.51,"provisorisch"
"2026-04-03T00:00+0100","Zch_Rosengartenstrasse","p","d1","hPa",968.43,"provisorisch"
"2026-04-03T00:00+0100","Zch_Schimmelstrasse","RainDur","d1","min",0.0,"provisorisch"
"2026-04-03T00:00+0100","Zch_Schimmelstrasse","T","d1","°C",9.94,"provisorisch"
"2026-04-03T00:00+0100","Zch_Schimmelstrasse","T_max_h1","d1","°C",14.87,"provisorisch"
"2026-04-03T00:00+0100","Zch_Schimmelstrasse","p","d1","hPa",970.94,"provisorisch"
"2026-04-03T00:00+0100","Zch_Stampfenbachstrasse","RainDur","d1","min",0.0,"provisorisch"
"2026-04-03T00:00+0100","Zch_Stampfenbachstrasse","StrGlo","d1","W/m2",225.72,"provisorisch"
"2026-04-03T00:00+0100","Zch_Stampfenbachstrasse","T","d1","°C",9.78,"provisorisch"
"2026-04-03T00:00+0100","Zch_Stampfenbachstrasse","T_max_h1","d1","°C",15.04,"provisorisch"
"2026-04-03T00:00+0100","Zch_Stampfenbachstrasse","p","d1","hPa",968.43,"provisorisch"
"2026-04-04T00:00+0100","Zch_Heubeeribüel","T","d1","°C",11.4,"provisorisch"
"2026-04-04T00:00+0100","Zch_Heubeeribüel","T_max_h1","d1","°C",15.94,"provisorisch"
"2026-04-04T00:00+0100","Zch_Heubeeribüel","p","d1","hPa",952.24,"provisorisch"
"2026-04-04T00:00+0100","Zch_Rosengartenstrasse","RainDur","d1","min",79.83,"provisorisch"
"2026-04-04T00:00+0100","Zch_Rosengartenstrasse","T","d1","°C",12.81,"provisorisch"
"2026-04-04T00:00+0100","Zch_Rosengartenstrasse","T_max_h1","d1","°C",17.29,"provisorisch"
"2026-04-04T00:00+0100","Zch_Rosengartenstrasse","p","d1","hPa",972.3,"provisorisch"
"2026-04-04T00:00+0100","Zch_Schimmelstrasse","RainDur","d1","min",57.23,"provisorisch"
"2026-04-04T00:00+0100","Zch_Schimmelstrasse","T","d1","°C",12.98,"provisorisch"
"2026-04-04T00:00+0100","Zch_Schimmelstrasse","T_max_h1","d1","°C",17.3,"provisorisch"
"2026-04-04T00:00+0100","Zch_Schimmelstrasse","p","d1","hPa",974.76,"provisorisch"
"2026-04-04T00:00+0100","Zch_Stampfenbachstrasse","RainDur","d1","min",119.5,"provisorisch"
"2026-04-04T00:00+0100","Zch_Stampfenbachstrasse","StrGlo","d1","W/m2",180.88,"provisorisch"
"2026-04-04T00:00+0100","Zch_Stampfenbachstrasse","T","d1","°C",12.96,"provisorisch"
"2026-04-04T00:00+0100","Zch_Stampfenbachstrasse","T_max_h1","d1","°C",17.06,"provisorisch"
"2026-04-04T00:00+0100","Zch_Stampfenbachstrasse","p","d1","hPa",972.25,"provisorisch"
"2026-04-05T00:00+0100","Zch_Heubeeribüel","T","d1","°C",14.65,"provisorisch"
"2026-04-05T00:00+0100","Zch_Heubeeribüel","T_max_h1","d1","°C",22.09,"provisorisch"
"2026-04-05T00:00+0100","Zch_Heubeeribüel","p","d1","hPa",951.17,"provisorisch"
"2026-04-05T00:00+0100","Zch_Rosengartenstrasse","RainDur","d1","min",75.65,"provisorisch"
"2026-04-05T00:00+0100","Zch_Rosengartenstrasse","T","d1","°C",15.24,"provisorisch"
"2026-04-05T00:00+0100","Zch_Rosengartenstrasse","T_max_h1","d1","°C",23.06,"provisorisch"
"2026-04-05T00:00+0100","Zch_Rosengartenstrasse","p","d1","hPa",971.08,"provisorisch"
"2026-04-05T00:00+0100","Zch_Schimmelstrasse","RainDur","d1","min",135.72,"provisorisch"
"2026-04-05T00:00+0100","Zch_Schimmelstrasse","T","d1","°C",15.03,"provisorisch"
"2026-04-05T00:00+0100","Zch_Schimmelstrasse","T_max_h1","d1","°C",23.22,"provisorisch"
"2026-04-05T00:00+0100","Zch_Schimmelstrasse","p","d1","hPa",973.53,"provisorisch"
"2026-04-05T00:00+0100","Zch_Stampfenbachstrasse","RainDur","d1","min",79.15,"provisorisch"
"2026-04-05T00:00+0100","Zch_Stampfenbachstrasse","StrGlo","d1","W/m2",227.64,"provisorisch"
"2026-04-05T00:00+0100","Zch_Stampfenbachstrasse","T","d1","°C",15.46,"provisorisch"
"2026-04-05T00:00+0100","Zch_Stampfenbachstrasse","T_max_h1","d1","°C",22.83,"provisorisch"
"2026-04-05T00:00+0100","Zch_Stampfenbachstrasse","p","d1","hPa",971.09,"provisorisch"
"2026-04-06T00:00+0100","Zch_Heubeeribüel","T","d1","°C",13.53,"provisorisch"
"2026-04-06T00:00+0100","Zch_Heubeeribüel","T_max_h1","d1","°C",18.34,"provisorisch"
"2026-04-06T00:00+0100","Zch_Heubeeribüel","p","d1","hPa",954.37,"provisorisch"
"2026-04-06T00:00+0100","Zch_Rosengartenstrasse","RainDur","d1","min",15.07,"provisorisch"
"2026-04-06T00:00+0100","Zch_Rosengartenstrasse","T","d1","°C",14.66,"provisorisch"
"2026-04-06T00:00+0100","Zch_Rosengartenstrasse","T_max_h1","d1","°C",19.61,"provisorisch"
"2026-04-06T00:00+0100","Zch_Rosengartenstrasse","p","d1","hPa",974.37,"provisorisch"
"2026-04-06T00:00+0100","Zch_Schimmelstrasse","RainDur","d1","min",55.73,"provisorisch"
"2026-04-06T00:00+0100","Zch_Schimmelstrasse","T","d1","°C",15.0,"provisorisch"
"2026-04-06T00:00+0100","Zch_Schimmelstrasse","T_max_h1","d1","°C",19.98,"provisorisch"
"2026-04-06T00:00+0100","Zch_Schimmelstrasse","p","d1","hPa",976.77,"provisorisch"
"2026-04-06T00:00+0100","Zch_Stampfenbachstrasse","RainDur","d1","min",36.05,"provisorisch"
"2026-04-06T00:00+0100","Zch_Stampfenbachstrasse","StrGlo","d1","W/m2",238.91,"provisorisch"
"2026-04-06T00:00+0100","Zch_Stampfenbachstrasse","T","d1","°C",15.02,"provisorisch"
"2026-04-06T00:00+0100","Zch_Stampfenbachstrasse","T_max_h1","d1","°C",19.59,"provisorisch"
"2026-04-06T00:00+0100","Zch_Stampfenbachstrasse","p","d1","hPa",974.26,"provisorisch"
"2026-04-07T00:00+0100","Zch_Heubeeribüel","T","d1","°C",14.94,"provisorisch"
"2026-04-07T00:00+0100","Zch_Heubeeribüel","T_max_h1","d1","°C",21.58,"provisorisch"
"2026-04-07T00:00+0100","Zch_Heubeeribüel","p","d1","hPa",951.98,"provisorisch"
"2026-04-07T00:00+0100","Zch_Rosengartenstrasse","RainDur","d1","min",0.0,"provisorisch"
"2026-04-07T00:00+0100","Zch_Rosengartenstrasse","T","d1","°C",15.66,"provisorisch"
"2026-04-07T00:00+0100","Zch_Rosengartenstrasse","T_max_h1","d1","°C",22.92,"provisorisch"
"2026-04-07T00:00+0100","Zch_Rosengartenstrasse","p","d1","hPa",971.91,"provisorisch"
"2026-04-07T00:00+0100","Zch_Schimmelstrasse","RainDur","d1","min",0.0,"provisorisch"
"2026-04-07T00:00+0100","Zch_Schimmelstrasse","T","d1","°C",16.23,"provisorisch"
"2026-04-07T00:00+0100","Zch_Schimmelstrasse","T_max_h1","d1","°C",22.99,"provisorisch"
"2026-04-07T00:00+0100","Zch_Schimmelstrasse","p","d1","hPa",974.33,"provisorisch"
"2026-04-07T00:00+0100","Zch_Stampfenbachstrasse","RainDur","d1","min",0.0,"provisorisch"
"2026-04-07T00:00+0100","Zch_Stampfenbachstrasse","StrGlo","d1","W/m2",259.25,"provisorisch"
"2026-04-07T00:00+0100","Zch_Stampfenbachstrasse","T","d1","°C",16.11,"provisorisch"
"2026-04-07T00:00+0100","Zch_Stampfenbachstrasse","T_max_h1","d1","°C",22.8,"provisorisch"
"2026-04-07T00:00+0100","Zch_Stampfenbachstrasse","p","d1","hPa",971.87,"provisorisch"
"2026-04-08T00:00+0100","Zch_Heubeeribüel","T","d1","°C",14.44,"provisorisch"
"2026-04-08T00:00+0100","Zch_Heubeeribüel","T_max_h1","d1","°C",19.84,"provisorisch"
"2026-04-08T00:00+0100","Zch_Heubeeribüel","p","d1","hPa",951.42,"provisorisch"
"2026-04-08T00:00+0100","Zch_Rosengartenstrasse","RainDur","d1","min",0.0,"provisorisch"
"2026-04-08T00:00+0100","Zch_Rosengartenstrasse","T","d1","°C",15.93,"provisorisch"
"2026-04-08T00:00+0100","Zch_Rosengartenstrasse","T_max_h1","d1","°C",22.05,"provisorisch"
"2026-04-08T00:00+0100","Zch_Rosengartenstrasse","p","d1","hPa",971.37,"provisorisch"
"2026-04-08T00:00+0100","Zch_Schimmelstrasse","RainDur","d1","min",0.0,"provisorisch"
"2026-04-08T00:00+0100","Zch_Schimmelstrasse","T","d1","°C",16.6,"provisorisch"
"2026-04-08T00:00+0100","Zch_Schimmelstrasse","T_max_h1","d1","°C",22.02,"provisorisch"
"2026-04-08T00:00+0100","Zch_Schimmelstrasse","p","d1","hPa",973.81,"provisorisch"
"2026-04-08T00:00+0100","Zch_Stampfenbachstrasse","RainDur","d1","min",0.0,"provisorisch"
"2026-04-08T00:00+0100","Zch_Stampfenbachstrasse","StrGlo","d1","W/m2",263.9,"provisorisch"
"2026-04-08T00:00+0100","Zch_Stampfenbachstrasse","T","d1","°C",16.29,"provisorisch"
"2026-04-08T00:00+0100","Zch_Stampfenbachstrasse","T_max_h1","d1","°C",22.0,"provisorisch"
"2026-04-08T00:00+0100","Zch_Stampfenbachstrasse","p","d1","hPa",971.34,"provisorisch"
"2026-04-09T00:00+0100","Zch_Heubeeribüel","T","d1","°C",15.19,"provisorisch"
"2026-04-09T00:00+0100","Zch_Heubeeribüel","T_max_h1","d1","°C",21.73,"provisorisch"
"2026-04-09T00:00+0100","Zch_Heubeeribüel","p","d1","hPa",947.97,"provisorisch"
"2026-04-09T00:00+0100","Zch_Rosengartenstrasse","RainDur","d1","min",0.0,"provisorisch"
"2026-04-09T00:00+0100","Zch_Rosengartenstrasse","T","d1","°C",15.99,"provisorisch"
"2026-04-09T00:00+0100","Zch_Rosengartenstrasse","T_max_h1","d1","°C",23.23,"provisorisch"
"2026-04-09T00:00+0100","Zch_Rosengartenstrasse","p","d1","hPa",967.81,"provisorisch"
"2026-04-09T00:00+0100","Zch_Schimmelstrasse","RainDur","d1","min",0.0,"provisorisch"
"2026-04-09T00:00+0100","Zch_Schimmelstrasse","T","d1","°C",16.78,"provisorisch"
"2026-04-09T00:00+0100","Zch_Schimmelstrasse","T_max_h1","d1","°C",23.07,"provisorisch"
"2026-04-09T00:00+0100","Zch_Schimmelstrasse","p","d1","hPa",970.21,"provisorisch"
"2026-04-09T00:00+0100","Zch_Stampfenbachstrasse","RainDur","d1","min",0.0,"provisorisch"
"2026-04-09T00:00+0100","Zch_Stampfenbachstrasse","StrGlo","d1","W/m2",263.01,"provisorisch"
"2026-04-09T00:00+0100","Zch_Stampfenbachstrasse","T","d1","°C",16.45,"provisorisch"
"2026-04-09T00:00+0100","Zch_Stampfenbachstrasse","T_max_h1","d1","°C",22.93,"provisorisch"
"2026-04-09T00:00+0100","Zch_Stampfenbachstrasse","p","d1","hPa",967.76,"provisorisch"
"2026-04-10T00:00+0100","Zch_Heubeeribüel","T","d1","°C",12.55,"provisorisch"
"2026-04-10T00:00+0100","Zch_Heubeeribüel","T_max_h1","d1","°C",14.52,"provisorisch"
"2026-04-10T00:00+0100","Zch_Heubeeribüel","p","d1","hPa",946.03,"provisorisch"
"2026-04-10T00:00+0100","Zch_Rosengartenstrasse","RainDur","d1","min",61.25,"provisorisch"
"2026-04-10T00:00+0100","Zch_Rosengartenstrasse","T","d1","°C",13.29,"provisorisch"
"2026-04-10T00:00+0100","Zch_Rosengartenstrasse","T_max_h1","d1","°C",15.52,"provisorisch"
"2026-04-10T00:00+0100","Zch_Rosengartenstrasse","p","d1","hPa",965.92,"provisorisch"
"2026-04-10T00:00+0100","Zch_Schimmelstrasse","RainDur","d1","min",73.95,"provisorisch"
"2026-04-10T00:00+0100","Zch_Schimmelstrasse","T","d1","°C",13.79,"provisorisch"
"2026-04-10T00:00+0100","Zch_Schimmelstrasse","T_max_h1","d1","°C",16.38,"provisorisch"
"2026-04-10T00:00+0100","Zch_Schimmelstrasse","p","d1","hPa",968.42,"provisorisch"
"2026-04-10T00:00+0100","Zch_Stampfenbachstrasse","RainDur","d1","min",51.27,"provisorisch"
"2026-04-10T00:00+0100","Zch_Stampfenbachstrasse","StrGlo","d1","W/m2",63.78,"provisorisch"
"2026-04-10T00:00+0100","Zch_Stampfenbachstrasse","T","d1","°C",13.78,"provisorisch"
"2026-04-10T00:00+0100","Zch_Stampfenbachstrasse","T_max_h1","d1","°C",15.93,"provisorisch"
"2026-04-10T00:00+0100","Zch_Stampfenbachstrasse","p","d1","hPa",965.87,"provisorisch"
"2026-04-11T00:00+0100","Zch_Heubeeribüel","T","d1","°C",13.07,"provisorisch"
"2026-04-11T00:00+0100","Zch_Heubeeribüel","T_max_h1","d1","°C",21.96,"provisorisch"
"2026-04-11T00:00+0100","Zch_Heubeeribüel","p","d1","hPa",942.65,"provisorisch"
"2026-04-11T00:00+0100","Zch_Rosengartenstrasse","RainDur","d1","min",84.54,"provisorisch"
"2026-04-11T00:00+0100","Zch_Rosengartenstrasse","T","d1","°C",14.34,"provisorisch"
"2026-04-11T00:00+0100","Zch_Rosengartenstrasse","T_max_h1","d1","°C",22.92,"provisorisch"
"2026-04-11T00:00+0100","Zch_Rosengartenstrasse","p","d1","hPa",962.45,"provisorisch"
"2026-04-11T00:00+0100","Zch_Schimmelstrasse","RainDur","d1","min",114.95,"provisorisch"
"2026-04-11T00:00+0100","Zch_Schimmelstrasse","T","d1","°C",14.97,"provisorisch"
"2026-04-11T00:00+0100","Zch_Schimmelstrasse","T_max_h1","d1","°C",23.19,"provisorisch"
"2026-04-11T00:00+0100","Zch_Schimmelstrasse","p","d1","hPa",964.86,"provisorisch"
"2026-04-11T00:00+0100","Zch_Stampfenbachstrasse","RainDur","d1","min",64.4,"provisorisch"
"2026-04-11T00:00+0100","Zch_Stampfenbachstrasse","StrGlo","d1","W/m2",213.62,"provisorisch"
"2026-04-11T00:00+0100","Zch_Stampfenbachstrasse","T","d1","°C",14.84,"provisorisch"
"2026-04-11T00:00+0100","Zch_Stampfenbachstrasse","T_max_h1","d1","°C",23.04,"provisorisch"
"2026-04-11T00:00+0100","Zch_Stampfenbachstrasse","p","d1","hPa",962.35,"provisorisch"
"2026-04-12T00:00+0100","Zch_Heubeeribüel","T","d1","°C",8.52,"provisorisch"
"2026-04-12T00:00+0100","Zch_Heubeeribüel","T_max_h1","d1","°C",12.26,"provisorisch"
"2026-04-12T00:00+0100","Zch_Heubeeribüel","p","d1","hPa",943.15,"provisorisch"
"2026-04-12T00:00+0100","Zch_Rosengartenstrasse","RainDur","d1","min",166.65,"provisorisch"
"2026-04-12T00:00+0100","Zch_Rosengartenstrasse","T","d1","°C",10.37,"provisorisch"
"2026-04-12T00:00+0100","Zch_Rosengartenstrasse","T_max_h1","d1","°C",13.86,"provisorisch"
"2026-04-12T00:00+0100","Zch_Rosengartenstrasse","p","d1","hPa",963.33,"provisorisch"
"2026-04-12T00:00+0100","Zch_Schimmelstrasse","RainDur","d1","min",288.48,"provisorisch"
"2026-04-12T00:00+0100","Zch_Schimmelstrasse","T","d1","°C",10.86,"provisorisch"
"2026-04-12T00:00+0100","Zch_Schimmelstrasse","T_max_h1","d1","°C",14.56,"provisorisch"
"2026-04-12T00:00+0100","Zch_Schimmelstrasse","p","d1","hPa",965.8,"provisorisch"
"2026-04-12T00:00+0100","Zch_Stampfenbachstrasse","RainDur","d1","min",281.52,"provisorisch"
"2026-04-12T00:00+0100","Zch_Stampfenbachstrasse","StrGlo","d1","W/m2",48.69,"provisorisch"
"2026-04-12T00:00+0100","Zch_Stampfenbachstrasse","T","d1","°C",10.88,"provisorisch"
"2026-04-12T00:00+0100","Zch_Stampfenbachstrasse","T_max_h1","d1","°C",14.37,"provisorisch"
"2026-04-12T00:00+0100","Zch_Stampfenbachstrasse","p","d1","hPa",963.21,"provisorisch"
"2026-04-13T00:00+0100","Zch_Heubeeribüel","T","d1","°C",6.58,"provisorisch"
"2026-04-13T00:00+0100","Zch_Heubeeribüel","T_max_h1","d1","°C",8.51,"provisorisch"
"2026-04-13T00:00+0100","Zch_Heubeeribüel","p","d1","hPa",939.84,"provisorisch"
"2026-04-13T00:00+0100","Zch_Rosengartenstrasse","RainDur","d1","min",375.62,"provisorisch"
"2026-04-13T00:00+0100","Zch_Rosengartenstrasse","T","d1","°C",8.51,"provisorisch"
"2026-04-13T00:00+0100","Zch_Rosengartenstrasse","T_max_h1","d1","°C",10.4,"provisorisch"
"2026-04-13T00:00+0100","Zch_Rosengartenstrasse","p","d1","hPa",960.0,"provisorisch"
"2026-04-13T00:00+0100","Zch_Schimmelstrasse","RainDur","d1","min",435.9,"provisorisch"
"2026-04-13T00:00+0100","Zch_Schimmelstrasse","T","d1","°C",8.98,"provisorisch"
"2026-04-13T00:00+0100","Zch_Schimmelstrasse","T_max_h1","d1","°C",10.86,"provisorisch"
"2026-04-13T00:00+0100","Zch_Schimmelstrasse","p","d1","hPa",962.49,"provisorisch"
"2026-04-13T00:00+0100","Zch_Stampfenbachstrasse","RainDur","d1","min",460.82,"provisorisch"
"2026-04-13T00:00+0100","Zch_Stampfenbachstrasse","StrGlo","d1","W/m2",49.33,"provisorisch"
"2026-04-13T00:00+0100","Zch_Stampfenbachstrasse","T","d1","°C",8.94,"provisorisch"
"2026-04-13T00:00+0100","Zch_Stampfenbachstrasse","T_max_h1","d1","°C",10.36,"provisorisch"
"2026-04-13T00:00+0100","Zch_Stampfenbachstrasse","p","d1","hPa",959.94,"provisorisch"
"2026-04-14T00:00+0100","Zch_Heubeeribüel","T","d1","°C",6.92,"provisorisch"
"2026-04-14T00:00+0100","Zch_Heubeeribüel","T_max_h1","d1","°C",8.98,"provisorisch"
"2026-04-14T00:00+0100","Zch_Heubeeribüel","p","d1","hPa",947.7,"provisorisch"
"2026-04-14T00:00+0100","Zch_Rosengartenstrasse","RainDur","d1","min",3.32,"provisorisch"
"2026-04-14T00:00+0100","Zch_Rosengartenstrasse","T","d1","°C",8.81,"provisorisch"
"2026-04-14T00:00+0100","Zch_Rosengartenstrasse","T_max_h1","d1","°C",11.08,"provisorisch"
"2026-04-14T00:00+0100","Zch_Rosengartenstrasse","p","d1","hPa",968.05,"provisorisch"
"2026-04-14T00:00+0100","Zch_Schimmelstrasse","RainDur","d1","min",55.82,"provisorisch"
"2026-04-14T00:00+0100","Zch_Schimmelstrasse","T","d1","°C",9.2,"provisorisch"
"2026-04-14T00:00+0100","Zch_Schimmelstrasse","T_max_h1","d1","°C",11.48,"provisorisch"
"2026-04-14T00:00+0100","Zch_Schimmelstrasse","p","d1","hPa",970.58,"provisorisch"
"2026-04-14T00:00+0100","Zch_Stampfenbachstrasse","RainDur","d1","min",260.9,"provisorisch"
"2026-04-14T00:00+0100","Zch_Stampfenbachstrasse","StrGlo","d1","W/m2",71.47,"provisorisch"
"2026-04-14T00:00+0100","Zch_Stampfenbachstrasse","T","d1","°C",9.13,"provisorisch"
"2026-04-14T00:00+0100","Zch_Stampfenbachstrasse","T_max_h1","d1","°C",11.26,"provisorisch"
"2026-04-14T00:00+0100","Zch_Stampfenbachstrasse","p","d1","hPa",967.97,"provisorisch"
"2026-04-15T00:00+0100","Zch_Heubeeribüel","T","d1","°C",8.75,"provisorisch"
"2026-04-15T00:00+0100","Zch_Heubeeribüel","T_max_h1","d1","°C",11.29,"provisorisch"
"2026-04-15T00:00+0100","Zch_Heubeeribüel","p","d1","hPa",950.17,"provisorisch"
"2026-04-15T00:00+0100","Zch_Rosengartenstrasse","RainDur","d1","min",NA,"provisorisch"
"2026-04-15T00:00+0100","Zch_Rosengartenstrasse","T","d1","°C",NA,"provisorisch"
"2026-04-15T00:00+0100","Zch_Rosengartenstrasse","T_max_h1","d1","°C",NA,"provisorisch"
"2026-04-15T00:00+0100","Zch_Rosengartenstrasse","p","d1","hPa",NA,"provisorisch"
"2026-04-15T00:00+0100","Zch_Schimmelstrasse","RainDur","d1","min",0.0,"provisorisch"
"2026-04-15T00:00+0100","Zch_Schimmelstrasse","T","d1","°C",11.26,"provisorisch"
"2026-04-15T00:00+0100","Zch_Schimmelstrasse","T_max_h1","d1","°C",13.54,"provisorisch"
"2026-04-15T00:00+0100","Zch_Schimmelstrasse","p","d1","hPa",972.86,"provisorisch"
"2026-04-15T00:00+0100","Zch_Stampfenbachstrasse","RainDur","d1","min",0.0,"provisorisch"
"2026-04-15T00:00+0100","Zch_Stampfenbachstrasse","StrGlo","d1","W/m2",84.33,"provisorisch"
"2026-04-15T00:00+0100","Zch_Stampfenbachstrasse","T","d1","°C",10.92,"provisorisch"
"2026-04-15T00:00+0100","Zch_Stampfenbachstrasse","T_max_h1","d1","°C",13.17,"provisorisch"
"2026-04-15T00:00+0100","Zch_Stampfenbachstrasse","p","d1","hPa",970.39,"provisorisch"
"2026-04-16T00:00+0100","Zch_Heubeeribüel","T","d1","°C",12.65,"provisorisch"
"2026-04-16T00:00+0100","Zch_Heubeeribüel","T_max_h1","d1","°C",17.45,"provisorisch"
"2026-04-16T00:00+0100","Zch_Heubeeribüel","p","d1","hPa",951.46,"provisorisch"
"2026-04-16T00:00+0100","Zch_Rosengartenstrasse","RainDur","d1","min",NA,"provisorisch"
"2026-04-16T00:00+0100","Zch_Rosengartenstrasse","T","d1","°C",NA,"provisorisch"
"2026-04-16T00:00+0100","Zch_Rosengartenstrasse","T_max_h1","d1","°C",NA,"provisorisch"
"2026-04-16T00:00+0100","Zch_Rosengartenstrasse","p","d1","hPa",NA,"provisorisch"
"2026-04-16T00:00+0100","Zch_Schimmelstrasse","RainDur","d1","min",0.0,"provisorisch"
"2026-04-16T00:00+0100","Zch_Schimmelstrasse","T","d1","°C",14.37,"provisorisch"
"2026-04-16T00:00+0100","Zch_Schimmelstrasse","T_max_h1","d1","°C",20.15,"provisorisch"
"2026-04-16T00:00+0100","Zch_Schimmelstrasse","p","d1","hPa",973.93,"provisorisch"
"2026-04-16T00:00+0100","Zch_Stampfenbachstrasse","RainDur","d1","min",0.0,"provisorisch"
"2026-04-16T00:00+0100","Zch_Stampfenbachstrasse","StrGlo","d1","W/m2",253.67,"provisorisch"
"2026-04-16T00:00+0100","Zch_Stampfenbachstrasse","T","d1","°C",14.1,"provisorisch"
"2026-04-16T00:00+0100","Zch_Stampfenbachstrasse","T_max_h1","d1","°C",19.27,"provisorisch"
"2026-04-16T00:00+0100","Zch_Stampfenbachstrasse","p","d1","hPa",971.46,"provisorisch"
"2026-04-17T00:00+0100","Zch_Heubeeribüel","T","d1","°C",13.95,"provisorisch"
"2026-04-17T00:00+0100","Zch_Heubeeribüel","T_max_h1","d1","°C",18.65,"provisorisch"
"2026-04-17T00:00+0100","Zch_Heubeeribüel","p","d1","hPa",950.02,"provisorisch"
"2026-04-17T00:00+0100","Zch_Rosengartenstrasse","RainDur","d1","min",0.0,"provisorisch"
"2026-04-17T00:00+0100","Zch_Rosengartenstrasse","T","d1","°C",14.43,"provisorisch"
"2026-04-17T00:00+0100","Zch_Rosengartenstrasse","T_max_h1","d1","°C",20.54,"provisorisch"
"2026-04-17T00:00+0100","Zch_Rosengartenstrasse","p","d1","hPa",969.96,"provisorisch"
"2026-04-17T00:00+0100","Zch_Schimmelstrasse","RainDur","d1","min",0.0,"provisorisch"
"2026-04-17T00:00+0100","Zch_Schimmelstrasse","T","d1","°C",14.95,"provisorisch"
"2026-04-17T00:00+0100","Zch_Schimmelstrasse","T_max_h1","d1","°C",20.57,"provisorisch"
"2026-04-17T00:00+0100","Zch_Schimmelstrasse","p","d1","hPa",972.4,"provisorisch"
"2026-04-17T00:00+0100","Zch_Stampfenbachstrasse","RainDur","d1","min",0.0,"provisorisch"
"2026-04-17T00:00+0100","Zch_Stampfenbachstrasse","StrGlo","d1","W/m2",224.09,"provisorisch"
"2026-04-17T00:00+0100","Zch_Stampfenbachstrasse","T","d1","°C",15.05,"provisorisch"
"2026-04-17T00:00+0100","Zch_Stampfenbachstrasse","T_max_h1","d1","°C",20.32,"provisorisch"
"2026-04-17T00:00+0100","Zch_Stampfenbachstrasse","p","d1","hPa",969.95,"provisorisch"
"2026-04-18T00:00+0100","Zch_Heubeeribüel","T","d1","°C",15.51,"provisorisch"
"2026-04-18T00:00+0100","Zch_Heubeeribüel","T_max_h1","d1","°C",21.13,"provisorisch"
"2026-04-18T00:00+0100","Zch_Heubeeribüel","p","d1","hPa",949.09,"provisorisch"
"2026-04-18T00:00+0100","Zch_Rosengartenstrasse","RainDur","d1","min",0.0,"provisorisch"
"2026-04-18T00:00+0100","Zch_Rosengartenstrasse","T","d1","°C",15.8,"provisorisch"
"2026-04-18T00:00+0100","Zch_Rosengartenstrasse","T_max_h1","d1","°C",22.28,"provisorisch"
"2026-04-18T00:00+0100","Zch_Rosengartenstrasse","p","d1","hPa",968.9,"provisorisch"
"2026-04-18T00:00+0100","Zch_Schimmelstrasse","RainDur","d1","min",0.0,"provisorisch"
"2026-04-18T00:00+0100","Zch_Schimmelstrasse","T","d1","°C",16.49,"provisorisch"
"2026-04-18T00:00+0100","Zch_Schimmelstrasse","T_max_h1","d1","°C",22.95,"provisorisch"
"2026-04-18T00:00+0100","Zch_Schimmelstrasse","p","d1","hPa",971.28,"provisorisch"
"2026-04-18T00:00+0100","Zch_Stampfenbachstrasse","RainDur","d1","min",0.0,"provisorisch"
"2026-04-18T00:00+0100","Zch_Stampfenbachstrasse","StrGlo","d1","W/m2",262.01,"provisorisch"
"2026-04-18T00:00+0100","Zch_Stampfenbachstrasse","T","d1","°C",16.27,"provisorisch"
"2026-04-18T00:00+0100","Zch_Stampfenbachstrasse","T_max_h1","d1","°C",22.42,"provisorisch"
"2026-04-18T00:00+0100","Zch_Stampfenbachstrasse","p","d1","hPa",968.84,"provisorisch"
"2026-04-19T00:00+0100","Zch_Heubeeribüel","T","d1","°C",14.5,"provisorisch"
"2026-04-19T00:00+0100","Zch_Heubeeribüel","T_max_h1","d1","°C",19.0,"provisorisch"
"2026-04-19T00:00+0100","Zch_Heubeeribüel","p","d1","hPa",947.27,"provisorisch"
"2026-04-19T00:00+0100","Zch_Rosengartenstrasse","RainDur","d1","min",3.42,"provisorisch"
"2026-04-19T00:00+0100","Zch_Rosengartenstrasse","T","d1","°C",15.42,"provisorisch"
"2026-04-19T00:00+0100","Zch_Rosengartenstrasse","T_max_h1","d1","°C",19.45,"provisorisch"
"2026-04-19T00:00+0100","Zch_Rosengartenstrasse","p","d1","hPa",967.2,"provisorisch"
"2026-04-19T00:00+0100","Zch_Schimmelstrasse","RainDur","d1","min",0.02,"provisorisch"
"2026-04-19T00:00+0100","Zch_Schimmelstrasse","T","d1","°C",16.01,"provisorisch"
"2026-04-19T00:00+0100","Zch_Schimmelstrasse","T_max_h1","d1","°C",20.49,"provisorisch"
"2026-04-19T00:00+0100","Zch_Schimmelstrasse","p","d1","hPa",969.65,"provisorisch"
"2026-04-19T00:00+0100","Zch_Stampfenbachstrasse","RainDur","d1","min",0.0,"provisorisch"
"2026-04-19T00:00+0100","Zch_Stampfenbachstrasse","StrGlo","d1","W/m2",208.51,"provisorisch"
"2026-04-19T00:00+0100","Zch_Stampfenbachstrasse","T","d1","°C",15.93,"provisorisch"
"2026-04-19T00:00+0100","Zch_Stampfenbachstrasse","T_max_h1","d1","°C",19.99,"provisorisch"
"2026-04-19T00:00+0100","Zch_Stampfenbachstrasse","p","d1","hPa",967.1,"provisorisch"
"2026-04-20T00:00+0100","Zch_Heubeeribüel","T","d1","°C",10.52,"provisorisch"
"2026-04-20T00:00+0100","Zch_Heubeeribüel","T_max_h1","d1","°C",14.2,"provisorisch"
"2026-04-20T00:00+0100","Zch_Heubeeribüel","p","d1","hPa",945.59,"provisorisch"
"2026-04-20T00:00+0100","Zch_Rosengartenstrasse","RainDur","d1","min",0.0,"provisorisch"
"2026-04-20T00:00+0100","Zch_Rosengartenstrasse","T","d1","°C",12.4,"provisorisch"
"2026-04-20T00:00+0100","Zch_Rosengartenstrasse","T_max_h1","d1","°C",16.15,"provisorisch"
"2026-04-20T00:00+0100","Zch_Rosengartenstrasse","p","d1","hPa",965.72,"provisorisch"
"2026-04-20T00:00+0100","Zch_Schimmelstrasse","RainDur","d1","min",0.0,"provisorisch"
"2026-04-20T00:00+0100","Zch_Schimmelstrasse","T","d1","°C",13.19,"provisorisch"
"2026-04-20T00:00+0100","Zch_Schimmelstrasse","T_max_h1","d1","°C",16.59,"provisorisch"
"2026-04-20T00:00+0100","Zch_Schimmelstrasse","p","d1","hPa",968.21,"provisorisch"
"2026-04-20T00:00+0100","Zch_Stampfenbachstrasse","RainDur","d1","min",0.0,"provisorisch"
"2026-04-20T00:00+0100","Zch_Stampfenbachstrasse","StrGlo","d1","W/m2",241.33,"provisorisch"
"2026-04-20T00:00+0100","Zch_Stampfenbachstrasse","T","d1","°C",12.93,"provisorisch"
"2026-04-20T00:00+0100","Zch_Stampfenbachstrasse","T_max_h1","d1","°C",16.48,"provisorisch"
"2026-04-20T00:00+0100","Zch_Stampfenbachstrasse","p","d1","hPa",965.62,"provisorisch"
"2026-04-21T00:00+0100","Zch_Heubeeribüel","T","d1","°C",8.73,"provisorisch"
"2026-04-21T00:00+0100","Zch_Heubeeribüel","T_max_h1","d1","°C",12.69,"provisorisch"
"2026-04-21T00:00+0100","Zch_Heubeeribüel","p","d1","hPa",945.85,"provisorisch"
"2026-04-21T00:00+0100","Zch_Rosengartenstrasse","RainDur","d1","min",0.0,"provisorisch"
"2026-04-21T00:00+0100","Zch_Rosengartenstrasse","T","d1","°C",10.6,"provisorisch"
"2026-04-21T00:00+0100","Zch_Rosengartenstrasse","T_max_h1","d1","°C",14.72,"provisorisch"
"2026-04-21T00:00+0100","Zch_Rosengartenstrasse","p","d1","hPa",966.12,"provisorisch"
"2026-04-21T00:00+0100","Zch_Schimmelstrasse","RainDur","d1","min",0.0,"provisorisch"
"2026-04-21T00:00+0100","Zch_Schimmelstrasse","T","d1","°C",11.34,"provisorisch"
"2026-04-21T00:00+0100","Zch_Schimmelstrasse","T_max_h1","d1","°C",14.97,"provisorisch"
"2026-04-21T00:00+0100","Zch_Schimmelstrasse","p","d1","hPa",968.68,"provisorisch"
"2026-04-21T00:00+0100","Zch_Stampfenbachstrasse","RainDur","d1","min",0.0,"provisorisch"
"2026-04-21T00:00+0100","Zch_Stampfenbachstrasse","StrGlo","d1","W/m2",283.4,"provisorisch"
"2026-04-21T00:00+0100","Zch_Stampfenbachstrasse","T","d1","°C",11.09,"provisorisch"
"2026-04-21T00:00+0100","Zch_Stampfenbachstrasse","T_max_h1","d1","°C",15.13,"provisorisch"
"2026-04-21T00:00+0100","Zch_Stampfenbachstrasse","p","d1","hPa",966.03,"provisorisch"
"2026-04-22T00:00+0100","Zch_Heubeeribüel","T","d1","°C",8.75,"provisorisch"
"2026-04-22T00:00+0100","Zch_Heubeeribüel","T_max_h1","d1","°C",14.21,"provisorisch"
"2026-04-22T00:00+0100","Zch_Heubeeribüel","p","d1","hPa",948.89,"provisorisch"
"2026-04-22T00:00+0100","Zch_Rosengartenstrasse","RainDur","d1","min",0.0,"provisorisch"
"2026-04-22T00:00+0100","Zch_Rosengartenstrasse","T","d1","°C",10.81,"provisorisch"
"2026-04-22T00:00+0100","Zch_Rosengartenstrasse","T_max_h1","d1","°C",16.08,"provisorisch"
"2026-04-22T00:00+0100","Zch_Rosengartenstrasse","p","d1","hPa",969.29,"provisorisch"
"2026-04-22T00:00+0100","Zch_Schimmelstrasse","RainDur","d1","min",0.0,"provisorisch"
"2026-04-22T00:00+0100","Zch_Schimmelstrasse","T","d1","°C",11.37,"provisorisch"
"2026-04-22T00:00+0100","Zch_Schimmelstrasse","T_max_h1","d1","°C",16.28,"provisorisch"
"2026-04-22T00:00+0100","Zch_Schimmelstrasse","p","d1","hPa",971.82,"provisorisch"
"2026-04-22T00:00+0100","Zch_Stampfenbachstrasse","RainDur","d1","min",0.0,"provisorisch"
"2026-04-22T00:00+0100","Zch_Stampfenbachstrasse","StrGlo","d1","W/m2",299.28,"provisorisch"
"2026-04-22T00:00+0100","Zch_Stampfenbachstrasse","T","d1","°C",11.08,"provisorisch"
"2026-04-22T00:00+0100","Zch_Stampfenbachstrasse","T_max_h1","d1","°C",16.0,"provisorisch"
"2026-04-22T00:00+0100","Zch_Stampfenbachstrasse","p","d1","hPa",969.2,"provisorisch"
"2026-04-23T00:00+0100","Zch_Heubeeribüel","T","d1","°C",11.51,"provisorisch"
"2026-04-23T00:00+0100","Zch_Heubeeribüel","T_max_h1","d1","°C",17.78,"provisorisch"
"2026-04-23T00:00+0100","Zch_Heubeeribüel","p","d1","hPa",952.75,"provisorisch"
"2026-04-23T00:00+0100","Zch_Rosengartenstrasse","RainDur","d1","min",0.0,"provisorisch"
"2026-04-23T00:00+0100","Zch_Rosengartenstrasse","T","d1","°C",12.99,"provisorisch"
"2026-04-23T00:00+0100","Zch_Rosengartenstrasse","T_max_h1","d1","°C",19.93,"provisorisch"
"2026-04-23T00:00+0100","Zch_Rosengartenstrasse","p","d1","hPa",972.95,"provisorisch"
"2026-04-23T00:00+0100","Zch_Schimmelstrasse","RainDur","d1","min",0.0,"provisorisch"
"2026-04-23T00:00+0100","Zch_Schimmelstrasse","T","d1","°C",13.59,"provisorisch"
"2026-04-23T00:00+0100","Zch_Schimmelstrasse","T_max_h1","d1","°C",19.85,"provisorisch"
"2026-04-23T00:00+0100","Zch_Schimmelstrasse","p","d1","hPa",975.41,"provisorisch"
"2026-04-23T00:00+0100","Zch_Stampfenbachstrasse","RainDur","d1","min",0.0,"provisorisch"
"2026-04-23T00:00+0100","Zch_Stampfenbachstrasse","StrGlo","d1","W/m2",306.87,"provisorisch"
"2026-04-23T00:00+0100","Zch_Stampfenbachstrasse","T","d1","°C",13.48,"provisorisch"
"2026-04-23T00:00+0100","Zch_Stampfenbachstrasse","T_max_h1","d1","°C",19.71,"provisorisch"
"2026-04-23T00:00+0100","Zch_Stampfenbachstrasse","p","d1","hPa",972.88,"provisorisch"
"2026-04-24T00:00+0100","Zch_Heubeeribüel","T","d1","°C",13.94,"provisorisch"
"2026-04-24T00:00+0100","Zch_Heubeeribüel","T_max_h1","d1","°C",20.08,"provisorisch"
"2026-04-24T00:00+0100","Zch_Heubeeribüel","p","d1","hPa",949.27,"provisorisch"
"2026-04-24T00:00+0100","Zch_Rosengartenstrasse","RainDur","d1","min",0.0,"provisorisch"
"2026-04-24T00:00+0100","Zch_Rosengartenstrasse","T","d1","°C",14.51,"provisorisch"
"2026-04-24T00:00+0100","Zch_Rosengartenstrasse","T_max_h1","d1","°C",22.1,"provisorisch"
"2026-04-24T00:00+0100","Zch_Rosengartenstrasse","p","d1","hPa",969.27,"provisorisch"
"2026-04-24T00:00+0100","Zch_Schimmelstrasse","RainDur","d1","min",0.0,"provisorisch"
"2026-04-24T00:00+0100","Zch_Schimmelstrasse","T","d1","°C",15.05,"provisorisch"
"2026-04-24T00:00+0100","Zch_Schimmelstrasse","T_max_h1","d1","°C",21.99,"provisorisch"
"2026-04-24T00:00+0100","Zch_Schimmelstrasse","p","d1","hPa",971.69,"provisorisch"
"2026-04-24T00:00+0100","Zch_Stampfenbachstrasse","RainDur","d1","min",0.0,"provisorisch"
"2026-04-24T00:00+0100","Zch_Stampfenbachstrasse","StrGlo","d1","W/m2",303.29,"provisorisch"
"2026-04-24T00:00+0100","Zch_Stampfenbachstrasse","T","d1","°C",15.01,"provisorisch"
"2026-04-24T00:00+0100","Zch_Stampfenbachstrasse","T_max_h1","d1","°C",22.08,"provisorisch"
"2026-04-24T00:00+0100","Zch_Stampfenbachstrasse","p","d1","hPa",969.21,"provisorisch"
"2026-04-25T00:00+0100","Zch_Heubeeribüel","T","d1","°C",15.37,"provisorisch"
"2026-04-25T00:00+0100","Zch_Heubeeribüel","T_max_h1","d1","°C",21.94,"provisorisch"
"2026-04-25T00:00+0100","Zch_Heubeeribüel","p","d1","hPa",947.09,"provisorisch"
"2026-04-25T00:00+0100","Zch_Rosengartenstrasse","RainDur","d1","min",0.0,"provisorisch"
"2026-04-25T00:00+0100","Zch_Rosengartenstrasse","T","d1","°C",15.74,"provisorisch"
"2026-04-25T00:00+0100","Zch_Rosengartenstrasse","T_max_h1","d1","°C",23.27,"provisorisch"
"2026-04-25T00:00+0100","Zch_Rosengartenstrasse","p","d1","hPa",966.96,"provisorisch"
"2026-04-25T00:00+0100","Zch_Schimmelstrasse","RainDur","d1","min",0.0,"provisorisch"
"2026-04-25T00:00+0100","Zch_Schimmelstrasse","T","d1","°C",16.26,"provisorisch"
"2026-04-25T00:00+0100","Zch_Schimmelstrasse","T_max_h1","d1","°C",23.32,"provisorisch"
"2026-04-25T00:00+0100","Zch_Schimmelstrasse","p","d1","hPa",969.42,"provisorisch"
"2026-04-25T00:00+0100","Zch_Stampfenbachstrasse","RainDur","d1","min",0.0,"provisorisch"
"2026-04-25T00:00+0100","Zch_Stampfenbachstrasse","StrGlo","d1","W/m2",289.45,"provisorisch"
"2026-04-25T00:00+0100","Zch_Stampfenbachstrasse","T","d1","°C",16.2,"provisorisch"
"2026-04-25T00:00+0100","Zch_Stampfenbachstrasse","T_max_h1","d1","°C",23.11,"provisorisch"
"2026-04-25T00:00+0100","Zch_Stampfenbachstrasse","p","d1","hPa",966.88,"provisorisch"
"2026-04-26T00:00+0100","Zch_Heubeeribüel","T","d1","°C",14.58,"provisorisch"
"2026-04-26T00:00+0100","Zch_Heubeeribüel","T_max_h1","d1","°C",19.19,"provisorisch"
"2026-04-26T00:00+0100","Zch_Heubeeribüel","p","d1","hPa",949.58,"provisorisch"
"2026-04-26T00:00+0100","Zch_Rosengartenstrasse","RainDur","d1","min",0.0,"provisorisch"
"2026-04-26T00:00+0100","Zch_Rosengartenstrasse","T","d1","°C",15.32,"provisorisch"
"2026-04-26T00:00+0100","Zch_Rosengartenstrasse","T_max_h1","d1","°C",20.88,"provisorisch"
"2026-04-26T00:00+0100","Zch_Rosengartenstrasse","p","d1","hPa",969.53,"provisorisch"
"2026-04-26T00:00+0100","Zch_Schimmelstrasse","RainDur","d1","min",0.0,"provisorisch"
"2026-04-26T00:00+0100","Zch_Schimmelstrasse","T","d1","°C",16.18,"provisorisch"
"2026-04-26T00:00+0100","Zch_Schimmelstrasse","T_max_h1","d1","°C",21.09,"provisorisch"
"2026-04-26T00:00+0100","Zch_Schimmelstrasse","p","d1","hPa",971.97,"provisorisch"
"2026-04-26T00:00+0100","Zch_Stampfenbachstrasse","RainDur","d1","min",0.0,"provisorisch"
"2026-04-26T00:00+0100","Zch_Stampfenbachstrasse","StrGlo","d1","W/m2",264.79,"provisorisch"
"2026-04-26T00:00+0100","Zch_Stampfenbachstrasse","T","d1","°C",16.03,"provisorisch"
"2026-04-26T00:00+0100","Zch_Stampfenbachstrasse","T_max_h1","d1","°C",21.14,"provisorisch"
"2026-04-26T00:00+0100","Zch_Stampfenbachstrasse","p","d1","hPa",969.49,"provisorisch"
"2026-04-27T00:00+0100","Zch_Heubeeribüel","T","d1","°C",14.81,"provisorisch"
"2026-04-27T00:00+0100","Zch_Heubeeribüel","T_max_h1","d1","°C",20.56,"provisorisch"
"2026-04-27T00:00+0100","Zch_Heubeeribüel","p","d1","hPa",948.29,"provisorisch"
"2026-04-27T00:00+0100","Zch_Rosengartenstrasse","RainDur","d1","min",0.0,"provisorisch"
"2026-04-27T00:00+0100","Zch_Rosengartenstrasse","T","d1","°C",15.85,"provisorisch"
"2026-04-27T00:00+0100","Zch_Rosengartenstrasse","T_max_h1","d1","°C",22.39,"provisorisch"
"2026-04-27T00:00+0100","Zch_Rosengartenstrasse","p","d1","hPa",968.21,"provisorisch"
"2026-04-27T00:00+0100","Zch_Schimmelstrasse","RainDur","d1","min",0.0,"provisorisch"
"2026-04-27T00:00+0100","Zch_Schimmelstrasse","T","d1","°C",17.05,"provisorisch"
"2026-04-27T00:00+0100","Zch_Schimmelstrasse","T_max_h1","d1","°C",22.84,"provisorisch"
"2026-04-27T00:00+0100","Zch_Schimmelstrasse","p","d1","hPa",970.62,"provisorisch"
"2026-04-27T00:00+0100","Zch_Stampfenbachstrasse","RainDur","d1","min",0.0,"provisorisch"
"2026-04-27T00:00+0100","Zch_Stampfenbachstrasse","StrGlo","d1","W/m2",277.07,"provisorisch"
"2026-04-27T00:00+0100","Zch_Stampfenbachstrasse","T","d1","°C",16.53,"provisorisch"
"2026-04-27T00:00+0100","Zch_Stampfenbachstrasse","T_max_h1","d1","°C",22.37,"provisorisch"
"2026-04-27T00:00+0100","Zch_Stampfenbachstrasse","p","d1","hPa",968.15,"provisorisch"
"2026-04-28T00:00+0100","Zch_Heubeeribüel","T","d1","°C",13.96,"provisorisch"
"2026-04-28T00:00+0100","Zch_Heubeeribüel","T_max_h1","d1","°C",18.6,"provisorisch"
"2026-04-28T00:00+0100","Zch_Heubeeribüel","p","d1","hPa",945.34,"provisorisch"
"2026-04-28T00:00+0100","Zch_Rosengartenstrasse","RainDur","d1","min",4.75,"provisorisch"
"2026-04-28T00:00+0100","Zch_Rosengartenstrasse","T","d1","°C",15.42,"provisorisch"
"2026-04-28T00:00+0100","Zch_Rosengartenstrasse","T_max_h1","d1","°C",20.5,"provisorisch"
"2026-04-28T00:00+0100","Zch_Rosengartenstrasse","p","d1","hPa",965.1,"provisorisch"
"2026-04-28T00:00+0100","Zch_Schimmelstrasse","RainDur","d1","min",40.5,"provisorisch"
"2026-04-28T00:00+0100","Zch_Schimmelstrasse","T","d1","°C",16.2,"provisorisch"
"2026-04-28T00:00+0100","Zch_Schimmelstrasse","T_max_h1","d1","°C",21.11,"provisorisch"
"2026-04-28T00:00+0100","Zch_Schimmelstrasse","p","d1","hPa",967.62,"provisorisch"
"2026-04-28T00:00+0100","Zch_Stampfenbachstrasse","RainDur","d1","min",84.53,"provisorisch"
"2026-04-28T00:00+0100","Zch_Stampfenbachstrasse","StrGlo","d1","W/m2",177.93,"provisorisch"
"2026-04-28T00:00+0100","Zch_Stampfenbachstrasse","T","d1","°C",15.98,"provisorisch"
"2026-04-28T00:00+0100","Zch_Stampfenbachstrasse","T_max_h1","d1","°C",20.65,"provisorisch"
"2026-04-28T00:00+0100","Zch_Stampfenbachstrasse","p","d1","hPa",965.08,"provisorisch"
"2026-04-29T00:00+0100","Zch_Heubeeribüel","T","d1","°C",13.19,"provisorisch"
"2026-04-29T00:00+0100","Zch_Heubeeribüel","T_max_h1","d1","°C",17.99,"provisorisch"
"2026-04-29T00:00+0100","Zch_Heubeeribüel","p","d1","hPa",947.37,"provisorisch"
"2026-04-29T00:00+0100","Zch_Rosengartenstrasse","RainDur","d1","min",78.6,"provisorisch"
"2026-04-29T00:00+0100","Zch_Rosengartenstrasse","T","d1","°C",15.36,"provisorisch"
"2026-04-29T00:00+0100","Zch_Rosengartenstrasse","T_max_h1","d1","°C",19.84,"provisorisch"
"2026-04-29T00:00+0100","Zch_Rosengartenstrasse","p","d1","hPa",967.31,"provisorisch"
"2026-04-29T00:00+0100","Zch_Schimmelstrasse","RainDur","d1","min",155.42,"provisorisch"
"2026-04-29T00:00+0100","Zch_Schimmelstrasse","T","d1","°C",15.84,"provisorisch"
"2026-04-29T00:00+0100","Zch_Schimmelstrasse","T_max_h1","d1","°C",20.22,"provisorisch"
"2026-04-29T00:00+0100","Zch_Schimmelstrasse","p","d1","hPa",969.82,"provisorisch"
"2026-04-29T00:00+0100","Zch_Stampfenbachstrasse","RainDur","d1","min",229.7,"provisorisch"
"2026-04-29T00:00+0100","Zch_Stampfenbachstrasse","StrGlo","d1","W/m2",188.59,"provisorisch"
"2026-04-29T00:00+0100","Zch_Stampfenbachstrasse","T","d1","°C",15.51,"provisorisch"
"2026-04-29T00:00+0100","Zch_Stampfenbachstrasse","T_max_h1","d1","°C",20.01,"provisorisch"
"2026-04-29T00:00+0100","Zch_Stampfenbachstrasse","p","d1","hPa",967.25,"provisorisch"
"2026-04-30T00:00+0100","Zch_Heubeeribüel","T","d1","°C",11.21,"provisorisch"
"2026-04-30T00:00+0100","Zch_Heubeeribüel","T_max_h1","d1","°C",16.8,"provisorisch"
"2026-04-30T00:00+0100","Zch_Heubeeribüel","p","d1","hPa",950.81,"provisorisch"
"2026-04-30T00:00+0100","Zch_Rosengartenstrasse","RainDur","d1","min",0.0,"provisorisch"
"2026-04-30T00:00+0100","Zch_Rosengartenstrasse","T","d1","°C",13.24,"provisorisch"
"2026-04-30T00:00+0100","Zch_Rosengartenstrasse","T_max_h1","d1","°C",18.59,"provisorisch"
"2026-04-30T00:00+0100","Zch_Rosengartenstrasse","p","d1","hPa",971.15,"provisorisch"
"2026-04-30T00:00+0100","Zch_Schimmelstrasse","RainDur","d1","min",0.0,"provisorisch"
"2026-04-30T00:00+0100","Zch_Schimmelstrasse","T","d1","°C",13.84,"provisorisch"
"2026-04-30T00:00+0100","Zch_Schimmelstrasse","T_max_h1","d1","°C",18.87,"provisorisch"
"2026-04-30T00:00+0100","Zch_Schimmelstrasse","p","d1","hPa",973.62,"provisorisch"
"2026-04-30T00:00+0100","Zch_Stampfenbachstrasse","RainDur","d1","min",1.93,"provisorisch"
"2026-04-30T00:00+0100","Zch_Stampfenbachstrasse","StrGlo","d1","W/m2",314.84,"provisorisch"
"2026-04-30T00:00+0100","Zch_Stampfenbachstrasse","T","d1","°C",13.58,"provisorisch"
"2026-04-30T00:00+0100","Zch_Stampfenbachstrasse","T_max_h1","d1","°C",18.52,"provisorisch"
"2026-04-30T00:00+0100","Zch_Stampfenbachstrasse","p","d1","hPa",971.07,"provisorisch"
"2026-05-01T00:00+0100","Zch_Heubeeribüel","T","d1","°C",13.37,"provisorisch"
"2026-05-01T00:00+0100","Zch_Heubeeribüel","T_max_h1","d1","°C",20.31,"provisorisch"
"2026-05-01T00:00+0100","Zch_Heubeeribüel","p","d1","hPa",952.86,"provisorisch"
"2026-05-01T00:00+0100","Zch_Rosengartenstrasse","RainDur","d1","min",0.0,"provisorisch"
"2026-05-01T00:00+0100","Zch_Rosengartenstrasse","T","d1","°C",14.56,"provisorisch"
"2026-05-01T00:00+0100","Zch_Rosengartenstrasse","T_max_h1","d1","°C",22.09,"provisorisch"
"2026-05-01T00:00+0100","Zch_Rosengartenstrasse","p","d1","hPa",972.97,"provisorisch"
"2026-05-01T00:00+0100","Zch_Schimmelstrasse","RainDur","d1","min",0.0,"provisorisch"
"2026-05-01T00:00+0100","Zch_Schimmelstrasse","T","d1","°C",15.34,"provisorisch"
"2026-05-01T00:00+0100","Zch_Schimmelstrasse","T_max_h1","d1","°C",22.4,"provisorisch"
"2026-05-01T00:00+0100","Zch_Schimmelstrasse","p","d1","hPa",975.42,"provisorisch"
"2026-05-01T00:00+0100","Zch_Stampfenbachstrasse","RainDur","d1","min",0.0,"provisorisch"
"2026-05-01T00:00+0100","Zch_Stampfenbachstrasse","StrGlo","d1","W/m2",310.06,"provisorisch"
"2026-05-01T00:00+0100","Zch_Stampfenbachstrasse","T","d1","°C",15.0,"provisorisch"
"2026-05-01T00:00+0100","Zch_Stampfenbachstrasse","T_max_h1","d1","°C",21.92,"provisorisch"
"2026-05-01T00:00+0100","Zch_Stampfenbachstrasse","p","d1","hPa",972.9,"provisorisch"
"2026-05-02T00:00+0100","Zch_Heubeeribüel","T","d1","°C",17.51,"provisorisch"
"2026-05-02T00:00+0100","Zch_Heubeeribüel","T_max_h1","d1","°C",23.55,"provisorisch"
"2026-05-02T00:00+0100","Zch_Heubeeribüel","p","d1","hPa",949.8,"provisorisch"
"2026-05-02T00:00+0100","Zch_Rosengartenstrasse","RainDur","d1","min",0.0,"provisorisch"
"2026-05-02T00:00+0100","Zch_Rosengartenstrasse","T","d1","°C",17.93,"provisorisch"
"2026-05-02T00:00+0100","Zch_Rosengartenstrasse","T_max_h1","d1","°C",25.04,"provisorisch"
"2026-05-02T00:00+0100","Zch_Rosengartenstrasse","p","d1","hPa",969.58,"provisorisch"
"2026-05-02T00:00+0100","Zch_Schimmelstrasse","RainDur","d1","min",0.0,"provisorisch"
"2026-05-02T00:00+0100","Zch_Schimmelstrasse","T","d1","°C",18.64,"provisorisch"
"2026-05-02T00:00+0100","Zch_Schimmelstrasse","T_max_h1","d1","°C",25.3,"provisorisch"
"2026-05-02T00:00+0100","Zch_Schimmelstrasse","p","d1","hPa",972.0,"provisorisch"
"2026-05-02T00:00+0100","Zch_Stampfenbachstrasse","RainDur","d1","min",0.0,"provisorisch"
"2026-05-02T00:00+0100","Zch_Stampfenbachstrasse","StrGlo","d1","W/m2",286.66,"provisorisch"
"2026-05-02T00:00+0100","Zch_Stampfenbachstrasse","T","d1","°C",18.54,"provisorisch"
"2026-05-02T00:00+0100","Zch_Stampfenbachstrasse","T_max_h1","d1","°C",24.99,"provisorisch"
"2026-05-02T00:00+0100","Zch_Stampfenbachstrasse","p","d1","hPa",969.51,"provisorisch"
"2026-05-03T00:00+0100","Zch_Heubeeribüel","T","d1","°C",16.75,"provisorisch"
"2026-05-03T00:00+0100","Zch_Heubeeribüel","T_max_h1","d1","°C",22.96,"provisorisch"
"2026-05-03T00:00+0100","Zch_Heubeeribüel","p","d1","hPa",945.24,"provisorisch"
"2026-05-03T00:00+0100","Zch_Rosengartenstrasse","RainDur","d1","min",17.84,"provisorisch"
"2026-05-03T00:00+0100","Zch_Rosengartenstrasse","T","d1","°C",17.99,"provisorisch"
"2026-05-03T00:00+0100","Zch_Rosengartenstrasse","T_max_h1","d1","°C",24.15,"provisorisch"
"2026-05-03T00:00+0100","Zch_Rosengartenstrasse","p","d1","hPa",964.87,"provisorisch"
"2026-05-03T00:00+0100","Zch_Schimmelstrasse","RainDur","d1","min",18.62,"provisorisch"
"2026-05-03T00:00+0100","Zch_Schimmelstrasse","T","d1","°C",18.28,"provisorisch"
"2026-05-03T00:00+0100","Zch_Schimmelstrasse","T_max_h1","d1","°C",24.73,"provisorisch"
"2026-05-03T00:00+0100","Zch_Schimmelstrasse","p","d1","hPa",967.29,"provisorisch"
"2026-05-03T00:00+0100","Zch_Stampfenbachstrasse","RainDur","d1","min",22.89,"provisorisch"
"2026-05-03T00:00+0100","Zch_Stampfenbachstrasse","StrGlo","d1","W/m2",216.48,"provisorisch"
"2026-05-03T00:00+0100","Zch_Stampfenbachstrasse","T","d1","°C",18.45,"provisorisch"
"2026-05-03T00:00+0100","Zch_Stampfenbachstrasse","T_max_h1","d1","°C",24.26,"provisorisch"
"2026-05-03T00:00+0100","Zch_Stampfenbachstrasse","p","d1","hPa",964.8,"provisorisch"
"2026-05-04T00:00+0100","Zch_Heubeeribüel","T","d1","°C",14.65,"provisorisch"
"2026-05-04T00:00+0100","Zch_Heubeeribüel","T_max_h1","d1","°C",20.34,"provisorisch"
"2026-05-04T00:00+0100","Zch_Heubeeribüel","p","d1","hPa",943.59,"provisorisch"
"2026-05-04T00:00+0100","Zch_Rosengartenstrasse","RainDur","d1","min",3.55,"provisorisch"
"2026-05-04T00:00+0100","Zch_Rosengartenstrasse","T","d1","°C",16.28,"provisorisch"
"2026-05-04T00:00+0100","Zch_Rosengartenstrasse","T_max_h1","d1","°C",21.75,"provisorisch"
"2026-05-04T00:00+0100","Zch_Rosengartenstrasse","p","d1","hPa",963.31,"provisorisch"
"2026-05-04T00:00+0100","Zch_Schimmelstrasse","RainDur","d1","min",1.28,"provisorisch"
"2026-05-04T00:00+0100","Zch_Schimmelstrasse","T","d1","°C",16.91,"provisorisch"
"2026-05-04T00:00+0100","Zch_Schimmelstrasse","T_max_h1","d1","°C",23.04,"provisorisch"
"2026-05-04T00:00+0100","Zch_Schimmelstrasse","p","d1","hPa",965.75,"provisorisch"
"2026-05-04T00:00+0100","Zch_Stampfenbachstrasse","RainDur","d1","min",1.97,"provisorisch"
"2026-05-04T00:00+0100","Zch_Stampfenbachstrasse","StrGlo","d1","W/m2",194.19,"provisorisch"
"2026-05-04T00:00+0100","Zch_Stampfenbachstrasse","T","d1","°C",16.76,"provisorisch"
"2026-05-04T00:00+0100","Zch_Stampfenbachstrasse","T_max_h1","d1","°C",22.21,"provisorisch"
"2026-05-04T00:00+0100","Zch_Stampfenbachstrasse","p","d1","hPa",963.26,"provisorisch"
"2026-05-05T00:00+0100","Zch_Heubeeribüel","T","d1","°C",12.07,"provisorisch"
"2026-05-05T00:00+0100","Zch_Heubeeribüel","T_max_h1","d1","°C",17.27,"provisorisch"
"2026-05-05T00:00+0100","Zch_Heubeeribüel","p","d1","hPa",939.64,"provisorisch"
"2026-05-05T00:00+0100","Zch_Rosengartenstrasse","RainDur","d1","min",214.43,"provisorisch"
"2026-05-05T00:00+0100","Zch_Rosengartenstrasse","T","d1","°C",13.51,"provisorisch"
"2026-05-05T00:00+0100","Zch_Rosengartenstrasse","T_max_h1","d1","°C",18.24,"provisorisch"
"2026-05-05T00:00+0100","Zch_Rosengartenstrasse","p","d1","hPa",959.38,"provisorisch"
"2026-05-05T00:00+0100","Zch_Schimmelstrasse","RainDur","d1","min",332.28,"provisorisch"
"2026-05-05T00:00+0100","Zch_Schimmelstrasse","T","d1","°C",14.09,"provisorisch"
"2026-05-05T00:00+0100","Zch_Schimmelstrasse","T_max_h1","d1","°C",18.71,"provisorisch"
"2026-05-05T00:00+0100","Zch_Schimmelstrasse","p","d1","hPa",961.82,"provisorisch"
"2026-05-05T00:00+0100","Zch_Stampfenbachstrasse","RainDur","d1","min",294.42,"provisorisch"
"2026-05-05T00:00+0100","Zch_Stampfenbachstrasse","StrGlo","d1","W/m2",150.96,"provisorisch"
"2026-05-05T00:00+0100","Zch_Stampfenbachstrasse","T","d1","°C",13.96,"provisorisch"
"2026-05-05T00:00+0100","Zch_Stampfenbachstrasse","T_max_h1","d1","°C",18.52,"provisorisch"
"2026-05-05T00:00+0100","Zch_Stampfenbachstrasse","p","d1","hPa",959.31,"provisorisch"
"2026-05-06T00:00+0100","Zch_Heubeeribüel","T","d1","°C",10.56,"provisorisch"
"2026-05-06T00:00+0100","Zch_Heubeeribüel","T_max_h1","d1","°C",13.48,"provisorisch"
"2026-05-06T00:00+0100","Zch_Heubeeribüel","p","d1","hPa",938.46,"provisorisch"
"2026-05-06T00:00+0100","Zch_Rosengartenstrasse","RainDur","d1","min",184.48,"provisorisch"
"2026-05-06T00:00+0100","Zch_Rosengartenstrasse","T","d1","°C",12.03,"provisorisch"
"2026-05-06T00:00+0100","Zch_Rosengartenstrasse","T_max_h1","d1","°C",14.94,"provisorisch"
"2026-05-06T00:00+0100","Zch_Rosengartenstrasse","p","d1","hPa",958.26,"provisorisch"
"2026-05-06T00:00+0100","Zch_Schimmelstrasse","RainDur","d1","min",252.78,"provisorisch"
"2026-05-06T00:00+0100","Zch_Schimmelstrasse","T","d1","°C",12.55,"provisorisch"
"2026-05-06T00:00+0100","Zch_Schimmelstrasse","T_max_h1","d1","°C",15.14,"provisorisch"
"2026-05-06T00:00+0100","Zch_Schimmelstrasse","p","d1","hPa",960.72,"provisorisch"
"2026-05-06T00:00+0100","Zch_Stampfenbachstrasse","RainDur","d1","min",233.95,"provisorisch"
"2026-05-06T00:00+0100","Zch_Stampfenbachstrasse","StrGlo","d1","W/m2",99.77,"provisorisch"
"2026-05-06T00:00+0100","Zch_Stampfenbachstrasse","T","d1","°C",12.52,"provisorisch"
"2026-05-06T00:00+0100","Zch_Stampfenbachstrasse","T_max_h1","d1","°C",14.99,"provisorisch"
"2026-05-06T00:00+0100","Zch_Stampfenbachstrasse","p","d1","hPa",958.2,"provisorisch"
"2026-05-07T00:00+0100","Zch_Heubeeribüel","T","d1","°C",11.18,"provisorisch"
"2026-05-07T00:00+0100","Zch_Heubeeribüel","T_max_h1","d1","°C",15.36,"provisorisch"
"2026-05-07T00:00+0100","Zch_Heubeeribüel","p","d1","hPa",943.34,"provisorisch"
"2026-05-07T00:00+0100","Zch_Rosengartenstrasse","RainDur","d1","min",115.02,"provisorisch"
"2026-05-07T00:00+0100","Zch_Rosengartenstrasse","T","d1","°C",12.78,"provisorisch"
"2026-05-07T00:00+0100","Zch_Rosengartenstrasse","T_max_h1","d1","°C",16.83,"provisorisch"
"2026-05-07T00:00+0100","Zch_Rosengartenstrasse","p","d1","hPa",963.31,"provisorisch"
"2026-05-07T00:00+0100","Zch_Schimmelstrasse","RainDur","d1","min",356.0,"provisorisch"
"2026-05-07T00:00+0100","Zch_Schimmelstrasse","T","d1","°C",13.49,"provisorisch"
"2026-05-07T00:00+0100","Zch_Schimmelstrasse","T_max_h1","d1","°C",17.18,"provisorisch"
"2026-05-07T00:00+0100","Zch_Schimmelstrasse","p","d1","hPa",965.78,"provisorisch"
"2026-05-07T00:00+0100","Zch_Stampfenbachstrasse","RainDur","d1","min",199.87,"provisorisch"
"2026-05-07T00:00+0100","Zch_Stampfenbachstrasse","StrGlo","d1","W/m2",194.03,"provisorisch"
"2026-05-07T00:00+0100","Zch_Stampfenbachstrasse","T","d1","°C",13.05,"provisorisch"
"2026-05-07T00:00+0100","Zch_Stampfenbachstrasse","T_max_h1","d1","°C",17.12,"provisorisch"
"2026-05-07T00:00+0100","Zch_Stampfenbachstrasse","p","d1","hPa",963.23,"provisorisch"
"2026-05-08T00:00+0100","Zch_Heubeeribüel","T","d1","°C",13.61,"provisorisch"
"2026-05-08T00:00+0100","Zch_Heubeeribüel","T_max_h1","d1","°C",19.18,"provisorisch"
"2026-05-08T00:00+0100","Zch_Heubeeribüel","p","d1","hPa",944.57,"provisorisch"
"2026-05-08T00:00+0100","Zch_Rosengartenstrasse","RainDur","d1","min",0.0,"provisorisch"
"2026-05-08T00:00+0100","Zch_Rosengartenstrasse","T","d1","°C",15.37,"provisorisch"
"2026-05-08T00:00+0100","Zch_Rosengartenstrasse","T_max_h1","d1","°C",21.09,"provisorisch"
"2026-05-08T00:00+0100","Zch_Rosengartenstrasse","p","d1","hPa",964.4,"provisorisch"
"2026-05-08T00:00+0100","Zch_Schimmelstrasse","RainDur","d1","min",15.13,"provisorisch"
"2026-05-08T00:00+0100","Zch_Schimmelstrasse","T","d1","°C",15.95,"provisorisch"
"2026-05-08T00:00+0100","Zch_Schimmelstrasse","T_max_h1","d1","°C",21.24,"provisorisch"
"2026-05-08T00:00+0100","Zch_Schimmelstrasse","p","d1","hPa",966.89,"provisorisch"
"2026-05-08T00:00+0100","Zch_Stampfenbachstrasse","RainDur","d1","min",0.97,"provisorisch"
"2026-05-08T00:00+0100","Zch_Stampfenbachstrasse","StrGlo","d1","W/m2",309.11,"provisorisch"
"2026-05-08T00:00+0100","Zch_Stampfenbachstrasse","T","d1","°C",15.53,"provisorisch"
"2026-05-08T00:00+0100","Zch_Stampfenbachstrasse","T_max_h1","d1","°C",20.85,"provisorisch"
"2026-05-08T00:00+0100","Zch_Stampfenbachstrasse","p","d1","hPa",964.33,"provisorisch"
"2026-05-09T00:00+0100","Zch_Heubeeribüel","T","d1","°C",15.76,"provisorisch"
"2026-05-09T00:00+0100","Zch_Heubeeribüel","T_max_h1","d1","°C",21.7,"provisorisch"
"2026-05-09T00:00+0100","Zch_Heubeeribüel","p","d1","hPa",944.85,"provisorisch"
"2026-05-09T00:00+0100","Zch_Rosengartenstrasse","RainDur","d1","min",0.0,"provisorisch"
"2026-05-09T00:00+0100","Zch_Rosengartenstrasse","T","d1","°C",17.17,"provisorisch"
"2026-05-09T00:00+0100","Zch_Rosengartenstrasse","T_max_h1","d1","°C",23.12,"provisorisch"
"2026-05-09T00:00+0100","Zch_Rosengartenstrasse","p","d1","hPa",964.51,"provisorisch"
"2026-05-09T00:00+0100","Zch_Schimmelstrasse","RainDur","d1","min",0.0,"provisorisch"
"2026-05-09T00:00+0100","Zch_Schimmelstrasse","T","d1","°C",17.93,"provisorisch"
"2026-05-09T00:00+0100","Zch_Schimmelstrasse","T_max_h1","d1","°C",23.43,"provisorisch"
"2026-05-09T00:00+0100","Zch_Schimmelstrasse","p","d1","hPa",966.93,"provisorisch"
"2026-05-09T00:00+0100","Zch_Stampfenbachstrasse","RainDur","d1","min",0.0,"provisorisch"
"2026-05-09T00:00+0100","Zch_Stampfenbachstrasse","StrGlo","d1","W/m2",281.46,"provisorisch"
"2026-05-09T00:00+0100","Zch_Stampfenbachstrasse","T","d1","°C",17.65,"provisorisch"
"2026-05-09T00:00+0100","Zch_Stampfenbachstrasse","T_max_h1","d1","°C",23.23,"provisorisch"
"2026-05-09T00:00+0100","Zch_Stampfenbachstrasse","p","d1","hPa",964.42,"provisorisch"
"2026-05-10T00:00+0100","Zch_Heubeeribüel","T","d1","°C",15.25,"provisorisch"
"2026-05-10T00:00+0100","Zch_Heubeeribüel","T_max_h1","d1","°C",21.19,"provisorisch"
"2026-05-10T00:00+0100","Zch_Heubeeribüel","p","d1","hPa",939.78,"provisorisch"
"2026-05-10T00:00+0100","Zch_Rosengartenstrasse","RainDur","d1","min",100.59,"provisorisch"
"2026-05-10T00:00+0100","Zch_Rosengartenstrasse","T","d1","°C",16.2,"provisorisch"
"2026-05-10T00:00+0100","Zch_Rosengartenstrasse","T_max_h1","d1","°C",21.76,"provisorisch"
"2026-05-10T00:00+0100","Zch_Rosengartenstrasse","p","d1","hPa",959.27,"provisorisch"
"2026-05-10T00:00+0100","Zch_Schimmelstrasse","RainDur","d1","min",119.93,"provisorisch"
"2026-05-10T00:00+0100","Zch_Schimmelstrasse","T","d1","°C",16.82,"provisorisch"
"2026-05-10T00:00+0100","Zch_Schimmelstrasse","T_max_h1","d1","°C",22.23,"provisorisch"
"2026-05-10T00:00+0100","Zch_Schimmelstrasse","p","d1","hPa",961.72,"provisorisch"
"2026-05-10T00:00+0100","Zch_Stampfenbachstrasse","RainDur","d1","min",122.53,"provisorisch"
"2026-05-10T00:00+0100","Zch_Stampfenbachstrasse","StrGlo","d1","W/m2",188.88,"provisorisch"
"2026-05-10T00:00+0100","Zch_Stampfenbachstrasse","T","d1","°C",16.62,"provisorisch"
"2026-05-10T00:00+0100","Zch_Stampfenbachstrasse","T_max_h1","d1","°C",21.72,"provisorisch"
"2026-05-10T00:00+0100","Zch_Stampfenbachstrasse","p","d1","hPa",959.25,"provisorisch"
"2026-05-11T00:00+0100","Zch_Heubeeribüel","T","d1","°C",10.97,"provisorisch"
"2026-05-11T00:00+0100","Zch_Heubeeribüel","T_max_h1","d1","°C",13.65,"provisorisch"
"2026-05-11T00:00+0100","Zch_Heubeeribüel","p","d1","hPa",936.66,"provisorisch"
"2026-05-11T00:00+0100","Zch_Rosengartenstrasse","RainDur","d1","min",526.2,"provisorisch"
"2026-05-11T00:00+0100","Zch_Rosengartenstrasse","T","d1","°C",12.74,"provisorisch"
"2026-05-11T00:00+0100","Zch_Rosengartenstrasse","T_max_h1","d1","°C",15.57,"provisorisch"
"2026-05-11T00:00+0100","Zch_Rosengartenstrasse","p","d1","hPa",956.45,"provisorisch"
"2026-05-11T00:00+0100","Zch_Schimmelstrasse","RainDur","d1","min",641.85,"provisorisch"
"2026-05-11T00:00+0100","Zch_Schimmelstrasse","T","d1","°C",13.26,"provisorisch"
"2026-05-11T00:00+0100","Zch_Schimmelstrasse","T_max_h1","d1","°C",16.08,"provisorisch"
"2026-05-11T00:00+0100","Zch_Schimmelstrasse","p","d1","hPa",959.0,"provisorisch"
"2026-05-11T00:00+0100","Zch_Stampfenbachstrasse","RainDur","d1","min",589.33,"provisorisch"
"2026-05-11T00:00+0100","Zch_Stampfenbachstrasse","StrGlo","d1","W/m2",113.56,"provisorisch"
"2026-05-11T00:00+0100","Zch_Stampfenbachstrasse","T","d1","°C",13.04,"provisorisch"
"2026-05-11T00:00+0100","Zch_Stampfenbachstrasse","T_max_h1","d1","°C",15.5,"provisorisch"
"2026-05-11T00:00+0100","Zch_Stampfenbachstrasse","p","d1","hPa",956.47,"provisorisch"
"2026-05-12T00:00+0100","Zch_Heubeeribüel","T","d1","°C",7.18,"provisorisch"
"2026-05-12T00:00+0100","Zch_Heubeeribüel","T_max_h1","d1","°C",12.24,"provisorisch"
"2026-05-12T00:00+0100","Zch_Heubeeribüel","p","d1","hPa",942.84,"provisorisch"
"2026-05-12T00:00+0100","Zch_Rosengartenstrasse","RainDur","d1","min",132.67,"provisorisch"
"2026-05-12T00:00+0100","Zch_Rosengartenstrasse","T","d1","°C",9.03,"provisorisch"
"2026-05-12T00:00+0100","Zch_Rosengartenstrasse","T_max_h1","d1","°C",13.43,"provisorisch"
"2026-05-12T00:00+0100","Zch_Rosengartenstrasse","p","d1","hPa",963.11,"provisorisch"
"2026-05-12T00:00+0100","Zch_Schimmelstrasse","RainDur","d1","min",150.65,"provisorisch"
"2026-05-12T00:00+0100","Zch_Schimmelstrasse","T","d1","°C",9.5,"provisorisch"
"2026-05-12T00:00+0100","Zch_Schimmelstrasse","T_max_h1","d1","°C",13.76,"provisorisch"
"2026-05-12T00:00+0100","Zch_Schimmelstrasse","p","d1","hPa",965.67,"provisorisch"
"2026-05-12T00:00+0100","Zch_Stampfenbachstrasse","RainDur","d1","min",169.95,"provisorisch"
"2026-05-12T00:00+0100","Zch_Stampfenbachstrasse","StrGlo","d1","W/m2",236.12,"provisorisch"
"2026-05-12T00:00+0100","Zch_Stampfenbachstrasse","T","d1","°C",9.41,"provisorisch"
"2026-05-12T00:00+0100","Zch_Stampfenbachstrasse","T_max_h1","d1","°C",13.7,"provisorisch"
"2026-05-12T00:00+0100","Zch_Stampfenbachstrasse","p","d1","hPa",963.04,"provisorisch"
"2026-05-13T00:00+0100","Zch_Heubeeribüel","T","d1","°C",10.17,"provisorisch"
"2026-05-13T00:00+0100","Zch_Heubeeribüel","T_max_h1","d1","°C",15.05,"provisorisch"
"2026-05-13T00:00+0100","Zch_Heubeeribüel","p","d1","hPa",938.04,"provisorisch"
"2026-05-13T00:00+0100","Zch_Rosengartenstrasse","RainDur","d1","min",NA,"provisorisch"
"2026-05-13T00:00+0100","Zch_Rosengartenstrasse","T","d1","°C",NA,"provisorisch"
"2026-05-13T00:00+0100","Zch_Rosengartenstrasse","T_max_h1","d1","°C",NA,"provisorisch"
"2026-05-13T00:00+0100","Zch_Rosengartenstrasse","p","d1","hPa",NA,"provisorisch"
"2026-05-13T00:00+0100","Zch_Schimmelstrasse","RainDur","d1","min",54.35,"provisorisch"
"2026-05-13T00:00+0100","Zch_Schimmelstrasse","T","d1","°C",11.85,"provisorisch"
"2026-05-13T00:00+0100","Zch_Schimmelstrasse","T_max_h1","d1","°C",16.62,"provisorisch"
"2026-05-13T00:00+0100","Zch_Schimmelstrasse","p","d1","hPa",960.54,"provisorisch"
"2026-05-13T00:00+0100","Zch_Stampfenbachstrasse","RainDur","d1","min",81.13,"provisorisch"
"2026-05-13T00:00+0100","Zch_Stampfenbachstrasse","StrGlo","d1","W/m2",263.49,"provisorisch"
"2026-05-13T00:00+0100","Zch_Stampfenbachstrasse","T","d1","°C",11.75,"provisorisch"
"2026-05-13T00:00+0100","Zch_Stampfenbachstrasse","T_max_h1","d1","°C",16.03,"provisorisch"
"2026-05-13T00:00+0100","Zch_Stampfenbachstrasse","p","d1","hPa",957.99,"provisorisch"
"2026-05-14T00:00+0100","Zch_Heubeeribüel","T","d1","°C",7.09,"provisorisch"
"2026-05-14T00:00+0100","Zch_Heubeeribüel","T_max_h1","d1","°C",10.79,"provisorisch"
"2026-05-14T00:00+0100","Zch_Heubeeribüel","p","d1","hPa",932.13,"provisorisch"
"2026-05-14T00:00+0100","Zch_Rosengartenstrasse","RainDur","d1","min",NA,"provisorisch"
"2026-05-14T00:00+0100","Zch_Rosengartenstrasse","T","d1","°C",NA,"provisorisch"
"2026-05-14T00:00+0100","Zch_Rosengartenstrasse","T_max_h1","d1","°C",NA,"provisorisch"
"2026-05-14T00:00+0100","Zch_Rosengartenstrasse","p","d1","hPa",NA,"provisorisch"
"2026-05-14T00:00+0100","Zch_Schimmelstrasse","RainDur","d1","min",496.23,"provisorisch"
"2026-05-14T00:00+0100","Zch_Schimmelstrasse","T","d1","°C",9.32,"provisorisch"
"2026-05-14T00:00+0100","Zch_Schimmelstrasse","T_max_h1","d1","°C",12.17,"provisorisch"
"2026-05-14T00:00+0100","Zch_Schimmelstrasse","p","d1","hPa",954.68,"provisorisch"
"2026-05-14T00:00+0100","Zch_Stampfenbachstrasse","RainDur","d1","min",408.72,"provisorisch"
"2026-05-14T00:00+0100","Zch_Stampfenbachstrasse","StrGlo","d1","W/m2",176.84,"provisorisch"
"2026-05-14T00:00+0100","Zch_Stampfenbachstrasse","T","d1","°C",9.03,"provisorisch"
"2026-05-14T00:00+0100","Zch_Stampfenbachstrasse","T_max_h1","d1","°C",12.51,"provisorisch"
"2026-05-14T00:00+0100","Zch_Stampfenbachstrasse","p","d1","hPa",952.12,"provisorisch"
"2026-05-15T00:00+0100","Zch_Heubeeribüel","T","d1","°C",6.47,"provisorisch"
"2026-05-15T00:00+0100","Zch_Heubeeribüel","T_max_h1","d1","°C",9.86,"provisorisch"
"2026-05-15T00:00+0100","Zch_Heubeeribüel","p","d1","hPa",932.39,"provisorisch"
"2026-05-15T00:00+0100","Zch_Rosengartenstrasse","RainDur","d1","min",NA,"provisorisch"
"2026-05-15T00:00+0100","Zch_Rosengartenstrasse","T","d1","°C",NA,"provisorisch"
"2026-05-15T00:00+0100","Zch_Rosengartenstrasse","T_max_h1","d1","°C",NA,"provisorisch"
"2026-05-15T00:00+0100","Zch_Rosengartenstrasse","p","d1","hPa",NA,"provisorisch"
"2026-05-15T00:00+0100","Zch_Schimmelstrasse","RainDur","d1","min",210.8,"provisorisch"
"2026-05-15T00:00+0100","Zch_Schimmelstrasse","T","d1","°C",8.89,"provisorisch"
"2026-05-15T00:00+0100","Zch_Schimmelstrasse","T_max_h1","d1","°C",12.12,"provisorisch"
"2026-05-15T00:00+0100","Zch_Schimmelstrasse","p","d1","hPa",954.89,"provisorisch"
"2026-05-15T00:00+0100","Zch_Stampfenbachstrasse","RainDur","d1","min",142.52,"provisorisch"
"2026-05-15T00:00+0100","Zch_Stampfenbachstrasse","StrGlo","d1","W/m2",146.54,"provisorisch"
"2026-05-15T00:00+0100","Zch_Stampfenbachstrasse","T","d1","°C",8.51,"provisorisch"
"2026-05-15T00:00+0100","Zch_Stampfenbachstrasse","T_max_h1","d1","°C",11.52,"provisorisch"
"2026-05-15T00:00+0100","Zch_Stampfenbachstrasse","p","d1","hPa",952.27,"provisorisch"
"2026-05-16T00:00+0100","Zch_Heubeeribüel","T","d1","°C",7.41,"provisorisch"
"2026-05-16T00:00+0100","Zch_Heubeeribüel","T_max_h1","d1","°C",10.99,"provisorisch"
"2026-05-16T00:00+0100","Zch_Heubeeribüel","p","d1","hPa",940.08,"provisorisch"
"2026-05-16T00:00+0100","Zch_Rosengartenstrasse","RainDur","d1","min",1.9,"provisorisch"
"2026-05-16T00:00+0100","Zch_Rosengartenstrasse","T","d1","°C",9.04,"provisorisch"
"2026-05-16T00:00+0100","Zch_Rosengartenstrasse","T_max_h1","d1","°C",11.55,"provisorisch"
"2026-05-16T00:00+0100","Zch_Rosengartenstrasse","p","d1","hPa",960.18,"provisorisch"
"2026-05-16T00:00+0100","Zch_Schimmelstrasse","RainDur","d1","min",69.0,"provisorisch"
"2026-05-16T00:00+0100","Zch_Schimmelstrasse","T","d1","°C",9.31,"provisorisch"
"2026-05-16T00:00+0100","Zch_Schimmelstrasse","T_max_h1","d1","°C",11.86,"provisorisch"
"2026-05-16T00:00+0100","Zch_Schimmelstrasse","p","d1","hPa",962.72,"provisorisch"
"2026-05-16T00:00+0100","Zch_Stampfenbachstrasse","RainDur","d1","min",10.72,"provisorisch"
"2026-05-16T00:00+0100","Zch_Stampfenbachstrasse","StrGlo","d1","W/m2",215.16,"provisorisch"
"2026-05-16T00:00+0100","Zch_Stampfenbachstrasse","T","d1","°C",9.23,"provisorisch"
"2026-05-16T00:00+0100","Zch_Stampfenbachstrasse","T_max_h1","d1","°C",11.62,"provisorisch"
"2026-05-16T00:00+0100","Zch_Stampfenbachstrasse","p","d1","hPa",960.13,"provisorisch"
"2026-05-17T00:00+0100","Zch_Heubeeribüel","T","d1","°C",10.93,"provisorisch"
"2026-05-17T00:00+0100","Zch_Heubeeribüel","T_max_h1","d1","°C",15.28,"provisorisch"
"2026-05-17T00:00+0100","Zch_Heubeeribüel","p","d1","hPa",944.41,"provisorisch"
"2026-05-17T00:00+0100","Zch_Rosengartenstrasse","RainDur","d1","min",0.0,"provisorisch"
"2026-05-17T00:00+0100","Zch_Rosengartenstrasse","T","d1","°C",11.9,"provisorisch"
"2026-05-17T00:00+0100","Zch_Rosengartenstrasse","T_max_h1","d1","°C",16.61,"provisorisch"
"2026-05-17T00:00+0100","Zch_Rosengartenstrasse","p","d1","hPa",964.44,"provisorisch"
"2026-05-17T00:00+0100","Zch_Schimmelstrasse","RainDur","d1","min",0.0,"provisorisch"
"2026-05-17T00:00+0100","Zch_Schimmelstrasse","T","d1","°C",12.26,"provisorisch"
"2026-05-17T00:00+0100","Zch_Schimmelstrasse","T_max_h1","d1","°C",17.22,"provisorisch"
"2026-05-17T00:00+0100","Zch_Schimmelstrasse","p","d1","hPa",966.98,"provisorisch"
"2026-05-17T00:00+0100","Zch_Stampfenbachstrasse","RainDur","d1","min",0.0,"provisorisch"
"2026-05-17T00:00+0100","Zch_Stampfenbachstrasse","StrGlo","d1","W/m2",289.36,"provisorisch"
"2026-05-17T00:00+0100","Zch_Stampfenbachstrasse","T","d1","°C",12.27,"provisorisch"
"2026-05-17T00:00+0100","Zch_Stampfenbachstrasse","T_max_h1","d1","°C",16.55,"provisorisch"
"2026-05-17T00:00+0100","Zch_Stampfenbachstrasse","p","d1","hPa",964.38,"provisorisch"
"2026-05-18T00:00+0100","Zch_Heubeeribüel","T","d1","°C",9.81,"provisorisch"
"2026-05-18T00:00+0100","Zch_Heubeeribüel","T_max_h1","d1","°C",12.19,"provisorisch"
"2026-05-18T00:00+0100","Zch_Heubeeribüel","p","d1","hPa",945.56,"provisorisch"
"2026-05-18T00:00+0100","Zch_Rosengartenstrasse","RainDur","d1","min",103.85,"provisorisch"
"2026-05-18T00:00+0100","Zch_Rosengartenstrasse","T","d1","°C",11.03,"provisorisch"
"2026-05-18T00:00+0100","Zch_Rosengartenstrasse","T_max_h1","d1","°C",13.3,"provisorisch"
"2026-05-18T00:00+0100","Zch_Rosengartenstrasse","p","d1","hPa",965.65,"provisorisch"
"2026-05-18T00:00+0100","Zch_Schimmelstrasse","RainDur","d1","min",134.22,"provisorisch"
"2026-05-18T00:00+0100","Zch_Schimmelstrasse","T","d1","°C",11.5,"provisorisch"
"2026-05-18T00:00+0100","Zch_Schimmelstrasse","T_max_h1","d1","°C",13.69,"provisorisch"
"2026-05-18T00:00+0100","Zch_Schimmelstrasse","p","d1","hPa",968.22,"provisorisch"
"2026-05-18T00:00+0100","Zch_Stampfenbachstrasse","RainDur","d1","min",106.95,"provisorisch"
"2026-05-18T00:00+0100","Zch_Stampfenbachstrasse","StrGlo","d1","W/m2",133.63,"provisorisch"
"2026-05-18T00:00+0100","Zch_Stampfenbachstrasse","T","d1","°C",11.47,"provisorisch"
"2026-05-18T00:00+0100","Zch_Stampfenbachstrasse","T_max_h1","d1","°C",13.29,"provisorisch"
"2026-05-18T00:00+0100","Zch_Stampfenbachstrasse","p","d1","hPa",965.57,"provisorisch"
"2026-05-19T00:00+0100","Zch_Heubeeribüel","T","d1","°C",12.26,"provisorisch"
"2026-05-19T00:00+0100","Zch_Heubeeribüel","T_max_h1","d1","°C",16.74,"provisorisch"
"2026-05-19T00:00+0100","Zch_Heubeeribüel","p","d1","hPa",948.83,"provisorisch"
"2026-05-19T00:00+0100","Zch_Rosengartenstrasse","RainDur","d1","min",0.0,"provisorisch"
"2026-05-19T00:00+0100","Zch_Rosengartenstrasse","T","d1","°C",13.16,"provisorisch"
"2026-05-19T00:00+0100","Zch_Rosengartenstrasse","T_max_h1","d1","°C",18.07,"provisorisch"
"2026-05-19T00:00+0100","Zch_Rosengartenstrasse","p","d1","hPa",968.83,"provisorisch"
"2026-05-19T00:00+0100","Zch_Schimmelstrasse","RainDur","d1","min",0.05,"provisorisch"
"2026-05-19T00:00+0100","Zch_Schimmelstrasse","T","d1","°C",13.7,"provisorisch"
"2026-05-19T00:00+0100","Zch_Schimmelstrasse","T_max_h1","d1","°C",18.72,"provisorisch"
"2026-05-19T00:00+0100","Zch_Schimmelstrasse","p","d1","hPa",971.35,"provisorisch"
"2026-05-19T00:00+0100","Zch_Stampfenbachstrasse","RainDur","d1","min",0.0,"provisorisch"
"2026-05-19T00:00+0100","Zch_Stampfenbachstrasse","StrGlo","d1","W/m2",254.4,"provisorisch"
"2026-05-19T00:00+0100","Zch_Stampfenbachstrasse","T","d1","°C",13.54,"provisorisch"
"2026-05-19T00:00+0100","Zch_Stampfenbachstrasse","T_max_h1","d1","°C",18.02,"provisorisch"
"2026-05-19T00:00+0100","Zch_Stampfenbachstrasse","p","d1","hPa",968.83,"provisorisch"
"2026-05-20T00:00+0100","Zch_Heubeeribüel","T","d1","°C",14.59,"provisorisch"
"2026-05-20T00:00+0100","Zch_Heubeeribüel","T_max_h1","d1","°C",19.81,"provisorisch"
"2026-05-20T00:00+0100","Zch_Heubeeribüel","p","d1","hPa",954.13,"provisorisch"
"2026-05-20T00:00+0100","Zch_Rosengartenstrasse","RainDur","d1","min",175.98,"provisorisch"
"2026-05-20T00:00+0100","Zch_Rosengartenstrasse","T","d1","°C",16.07,"provisorisch"
"2026-05-20T00:00+0100","Zch_Rosengartenstrasse","T_max_h1","d1","°C",20.65,"provisorisch"
"2026-05-20T00:00+0100","Zch_Rosengartenstrasse","p","d1","hPa",974.07,"provisorisch"
"2026-05-20T00:00+0100","Zch_Schimmelstrasse","RainDur","d1","min",213.12,"provisorisch"
"2026-05-20T00:00+0100","Zch_Schimmelstrasse","T","d1","°C",16.66,"provisorisch"
"2026-05-20T00:00+0100","Zch_Schimmelstrasse","T_max_h1","d1","°C",20.84,"provisorisch"
"2026-05-20T00:00+0100","Zch_Schimmelstrasse","p","d1","hPa",976.54,"provisorisch"
"2026-05-20T00:00+0100","Zch_Stampfenbachstrasse","RainDur","d1","min",212.9,"provisorisch"
"2026-05-20T00:00+0100","Zch_Stampfenbachstrasse","StrGlo","d1","W/m2",222.59,"provisorisch"
"2026-05-20T00:00+0100","Zch_Stampfenbachstrasse","T","d1","°C",16.43,"provisorisch"
"2026-05-20T00:00+0100","Zch_Stampfenbachstrasse","T_max_h1","d1","°C",20.9,"provisorisch"
"2026-05-20T00:00+0100","Zch_Stampfenbachstrasse","p","d1","hPa",974.03,"provisorisch"
"2026-05-21T00:00+0100","Zch_Heubeeribüel","T","d1","°C",16.98,"provisorisch"
"2026-05-21T00:00+0100","Zch_Heubeeribüel","T_max_h1","d1","°C",21.56,"provisorisch"
"2026-05-21T00:00+0100","Zch_Heubeeribüel","p","d1","hPa",957.02,"provisorisch"
"2026-05-21T00:00+0100","Zch_Rosengartenstrasse","RainDur","d1","min",0.0,"provisorisch"
"2026-05-21T00:00+0100","Zch_Rosengartenstrasse","T","d1","°C",18.07,"provisorisch"
"2026-05-21T00:00+0100","Zch_Rosengartenstrasse","T_max_h1","d1","°C",23.24,"provisorisch"
"2026-05-21T00:00+0100","Zch_Rosengartenstrasse","p","d1","hPa",976.92,"provisorisch"
"2026-05-21T00:00+0100","Zch_Schimmelstrasse","RainDur","d1","min",0.0,"provisorisch"
"2026-05-21T00:00+0100","Zch_Schimmelstrasse","T","d1","°C",18.96,"provisorisch"
"2026-05-21T00:00+0100","Zch_Schimmelstrasse","T_max_h1","d1","°C",23.95,"provisorisch"
"2026-05-21T00:00+0100","Zch_Schimmelstrasse","p","d1","hPa",979.37,"provisorisch"
"2026-05-21T00:00+0100","Zch_Stampfenbachstrasse","RainDur","d1","min",0.0,"provisorisch"
"2026-05-21T00:00+0100","Zch_Stampfenbachstrasse","StrGlo","d1","W/m2",328.3,"provisorisch"
"2026-05-21T00:00+0100","Zch_Stampfenbachstrasse","T","d1","°C",18.53,"provisorisch"
"2026-05-21T00:00+0100","Zch_Stampfenbachstrasse","T_max_h1","d1","°C",23.25,"provisorisch"
"2026-05-21T00:00+0100","Zch_Stampfenbachstrasse","p","d1","hPa",976.78,"provisorisch"
"2026-05-22T00:00+0100","Zch_Heubeeribüel","T","d1","°C",19.09,"provisorisch"
"2026-05-22T00:00+0100","Zch_Heubeeribüel","T_max_h1","d1","°C",24.97,"provisorisch"
"2026-05-22T00:00+0100","Zch_Heubeeribüel","p","d1","hPa",956.15,"provisorisch"
"2026-05-22T00:00+0100","Zch_Rosengartenstrasse","RainDur","d1","min",0.0,"provisorisch"
"2026-05-22T00:00+0100","Zch_Rosengartenstrasse","T","d1","°C",19.73,"provisorisch"
"2026-05-22T00:00+0100","Zch_Rosengartenstrasse","T_max_h1","d1","°C",26.39,"provisorisch"
"2026-05-22T00:00+0100","Zch_Rosengartenstrasse","p","d1","hPa",975.91,"provisorisch"
"2026-05-22T00:00+0100","Zch_Schimmelstrasse","RainDur","d1","min",0.0,"provisorisch"
"2026-05-22T00:00+0100","Zch_Schimmelstrasse","T","d1","°C",20.42,"provisorisch"
"2026-05-22T00:00+0100","Zch_Schimmelstrasse","T_max_h1","d1","°C",27.08,"provisorisch"
"2026-05-22T00:00+0100","Zch_Schimmelstrasse","p","d1","hPa",978.35,"provisorisch"
"2026-05-22T00:00+0100","Zch_Stampfenbachstrasse","RainDur","d1","min",0.0,"provisorisch"
"2026-05-22T00:00+0100","Zch_Stampfenbachstrasse","StrGlo","d1","W/m2",343.0,"provisorisch"
"2026-05-22T00:00+0100","Zch_Stampfenbachstrasse","T","d1","°C",20.29,"provisorisch"
"2026-05-22T00:00+0100","Zch_Stampfenbachstrasse","T_max_h1","d1","°C",26.52,"provisorisch"
"2026-05-22T00:00+0100","Zch_Stampfenbachstrasse","p","d1","hPa",975.85,"provisorisch"
"2026-05-23T00:00+0100","Zch_Heubeeribüel","T","d1","°C",21.14,"provisorisch"
"2026-05-23T00:00+0100","Zch_Heubeeribüel","T_max_h1","d1","°C",26.85,"provisorisch"
"2026-05-23T00:00+0100","Zch_Heubeeribüel","p","d1","hPa",956.37,"provisorisch"
"2026-05-23T00:00+0100","Zch_Rosengartenstrasse","RainDur","d1","min",0.0,"provisorisch"
"2026-05-23T00:00+0100","Zch_Rosengartenstrasse","T","d1","°C",21.78,"provisorisch"
"2026-05-23T00:00+0100","Zch_Rosengartenstrasse","T_max_h1","d1","°C",28.45,"provisorisch"
"2026-05-23T00:00+0100","Zch_Rosengartenstrasse","p","d1","hPa",976.01,"provisorisch"
"2026-05-23T00:00+0100","Zch_Schimmelstrasse","RainDur","d1","min",0.0,"provisorisch"
"2026-05-23T00:00+0100","Zch_Schimmelstrasse","T","d1","°C",22.27,"provisorisch"
"2026-05-23T00:00+0100","Zch_Schimmelstrasse","T_max_h1","d1","°C",29.15,"provisorisch"
"2026-05-23T00:00+0100","Zch_Schimmelstrasse","p","d1","hPa",978.44,"provisorisch"
"2026-05-23T00:00+0100","Zch_Stampfenbachstrasse","RainDur","d1","min",0.0,"provisorisch"
"2026-05-23T00:00+0100","Zch_Stampfenbachstrasse","StrGlo","d1","W/m2",340.64,"provisorisch"
"2026-05-23T00:00+0100","Zch_Stampfenbachstrasse","T","d1","°C",22.19,"provisorisch"
"2026-05-23T00:00+0100","Zch_Stampfenbachstrasse","T_max_h1","d1","°C",28.52,"provisorisch"
"2026-05-23T00:00+0100","Zch_Stampfenbachstrasse","p","d1","hPa",975.95,"provisorisch"
"2026-05-24T00:00+0100","Zch_Heubeeribüel","T","d1","°C",22.89,"provisorisch"
"2026-05-24T00:00+0100","Zch_Heubeeribüel","T_max_h1","d1","°C",28.29,"provisorisch"
"2026-05-24T00:00+0100","Zch_Heubeeribüel","p","d1","hPa",957.83,"provisorisch"
"2026-05-24T00:00+0100","Zch_Rosengartenstrasse","RainDur","d1","min",0.0,"provisorisch"
"2026-05-24T00:00+0100","Zch_Rosengartenstrasse","T","d1","°C",23.73,"provisorisch"
"2026-05-24T00:00+0100","Zch_Rosengartenstrasse","T_max_h1","d1","°C",29.99,"provisorisch"
"2026-05-24T00:00+0100","Zch_Rosengartenstrasse","p","d1","hPa",977.45,"provisorisch"
"2026-05-24T00:00+0100","Zch_Schimmelstrasse","RainDur","d1","min",0.0,"provisorisch"
"2026-05-24T00:00+0100","Zch_Schimmelstrasse","T","d1","°C",24.44,"provisorisch"
"2026-05-24T00:00+0100","Zch_Schimmelstrasse","T_max_h1","d1","°C",30.83,"provisorisch"
"2026-05-24T00:00+0100","Zch_Schimmelstrasse","p","d1","hPa",979.83,"provisorisch"
"2026-05-24T00:00+0100","Zch_Stampfenbachstrasse","RainDur","d1","min",0.0,"provisorisch"
"2026-05-24T00:00+0100","Zch_Stampfenbachstrasse","StrGlo","d1","W/m2",336.67,"provisorisch"
"2026-05-24T00:00+0100","Zch_Stampfenbachstrasse","T","d1","°C",24.14,"provisorisch"
"2026-05-24T00:00+0100","Zch_Stampfenbachstrasse","T_max_h1","d1","°C",29.82,"provisorisch"
"2026-05-24T00:00+0100","Zch_Stampfenbachstrasse","p","d1","hPa",977.34,"provisorisch"
"2026-05-25T00:00+0100","Zch_Heubeeribüel","T","d1","°C",23.93,"provisorisch"
"2026-05-25T00:00+0100","Zch_Heubeeribüel","T_max_h1","d1","°C",29.06,"provisorisch"
"2026-05-25T00:00+0100","Zch_Heubeeribüel","p","d1","hPa",958.97,"provisorisch"
"2026-05-25T00:00+0100","Zch_Rosengartenstrasse","RainDur","d1","min",0.0,"provisorisch"
"2026-05-25T00:00+0100","Zch_Rosengartenstrasse","T","d1","°C",24.73,"provisorisch"
"2026-05-25T00:00+0100","Zch_Rosengartenstrasse","T_max_h1","d1","°C",30.54,"provisorisch"
"2026-05-25T00:00+0100","Zch_Rosengartenstrasse","p","d1","hPa",978.45,"provisorisch"
"2026-05-25T00:00+0100","Zch_Schimmelstrasse","RainDur","d1","min",0.0,"provisorisch"
"2026-05-25T00:00+0100","Zch_Schimmelstrasse","T","d1","°C",25.67,"provisorisch"
"2026-05-25T00:00+0100","Zch_Schimmelstrasse","T_max_h1","d1","°C",31.62,"provisorisch"
"2026-05-25T00:00+0100","Zch_Schimmelstrasse","p","d1","hPa",980.87,"provisorisch"
"2026-05-25T00:00+0100","Zch_Stampfenbachstrasse","RainDur","d1","min",0.0,"provisorisch"
"2026-05-25T00:00+0100","Zch_Stampfenbachstrasse","StrGlo","d1","W/m2",327.82,"provisorisch"
"2026-05-25T00:00+0100","Zch_Stampfenbachstrasse","T","d1","°C",25.39,"provisorisch"
"2026-05-25T00:00+0100","Zch_Stampfenbachstrasse","T_max_h1","d1","°C",30.65,"provisorisch"
"2026-05-25T00:00+0100","Zch_Stampfenbachstrasse","p","d1","hPa",978.36,"provisorisch"
"2026-05-26T00:00+0100","Zch_Heubeeribüel","T","d1","°C",24.04,"provisorisch"
"2026-05-26T00:00+0100","Zch_Heubeeribüel","T_max_h1","d1","°C",29.45,"provisorisch"
"2026-05-26T00:00+0100","Zch_Heubeeribüel","p","d1","hPa",956.62,"provisorisch"
"2026-05-26T00:00+0100","Zch_Rosengartenstrasse","RainDur","d1","min",0.0,"provisorisch"
"2026-05-26T00:00+0100","Zch_Rosengartenstrasse","T","d1","°C",24.98,"provisorisch"
"2026-05-26T00:00+0100","Zch_Rosengartenstrasse","T_max_h1","d1","°C",31.3,"provisorisch"
"2026-05-26T00:00+0100","Zch_Rosengartenstrasse","p","d1","hPa",976.05,"provisorisch"
"2026-05-26T00:00+0100","Zch_Schimmelstrasse","RainDur","d1","min",0.0,"provisorisch"
"2026-05-26T00:00+0100","Zch_Schimmelstrasse","T","d1","°C",25.48,"provisorisch"
"2026-05-26T00:00+0100","Zch_Schimmelstrasse","T_max_h1","d1","°C",32.15,"provisorisch"
"2026-05-26T00:00+0100","Zch_Schimmelstrasse","p","d1","hPa",978.43,"provisorisch"
"2026-05-26T00:00+0100","Zch_Stampfenbachstrasse","RainDur","d1","min",0.0,"provisorisch"
"2026-05-26T00:00+0100","Zch_Stampfenbachstrasse","StrGlo","d1","W/m2",327.17,"provisorisch"
"2026-05-26T00:00+0100","Zch_Stampfenbachstrasse","T","d1","°C",25.49,"provisorisch"
"2026-05-26T00:00+0100","Zch_Stampfenbachstrasse","T_max_h1","d1","°C",31.42,"provisorisch"
"2026-05-26T00:00+0100","Zch_Stampfenbachstrasse","p","d1","hPa",975.99,"provisorisch"
"2026-05-27T00:00+0100","Zch_Heubeeribüel","T","d1","°C",24.19,"provisorisch"
"2026-05-27T00:00+0100","Zch_Heubeeribüel","T_max_h1","d1","°C",29.88,"provisorisch"
"2026-05-27T00:00+0100","Zch_Heubeeribüel","p","d1","hPa",952.57,"provisorisch"
"2026-05-27T00:00+0100","Zch_Rosengartenstrasse","RainDur","d1","min",0.0,"provisorisch"
"2026-05-27T00:00+0100","Zch_Rosengartenstrasse","T","d1","°C",25.38,"provisorisch"
"2026-05-27T00:00+0100","Zch_Rosengartenstrasse","T_max_h1","d1","°C",30.89,"provisorisch"
"2026-05-27T00:00+0100","Zch_Rosengartenstrasse","p","d1","hPa",971.93,"provisorisch"
"2026-05-27T00:00+0100","Zch_Schimmelstrasse","RainDur","d1","min",0.0,"provisorisch"
"2026-05-27T00:00+0100","Zch_Schimmelstrasse","T","d1","°C",25.95,"provisorisch"
"2026-05-27T00:00+0100","Zch_Schimmelstrasse","T_max_h1","d1","°C",31.95,"provisorisch"
"2026-05-27T00:00+0100","Zch_Schimmelstrasse","p","d1","hPa",974.28,"provisorisch"
"2026-05-27T00:00+0100","Zch_Stampfenbachstrasse","RainDur","d1","min",0.0,"provisorisch"
"2026-05-27T00:00+0100","Zch_Stampfenbachstrasse","StrGlo","d1","W/m2",306.73,"provisorisch"
"2026-05-27T00:00+0100","Zch_Stampfenbachstrasse","T","d1","°C",25.71,"provisorisch"
"2026-05-27T00:00+0100","Zch_Stampfenbachstrasse","T_max_h1","d1","°C",31.12,"provisorisch"
"2026-05-27T00:00+0100","Zch_Stampfenbachstrasse","p","d1","hPa",971.85,"provisorisch"
"2026-05-28T00:00+0100","Zch_Heubeeribüel","T","d1","°C",22.15,"provisorisch"
"2026-05-28T00:00+0100","Zch_Heubeeribüel","T_max_h1","d1","°C",26.87,"provisorisch"
"2026-05-28T00:00+0100","Zch_Heubeeribüel","p","d1","hPa",952.22,"provisorisch"
"2026-05-28T00:00+0100","Zch_Rosengartenstrasse","RainDur","d1","min",0.0,"provisorisch"
"2026-05-28T00:00+0100","Zch_Rosengartenstrasse","T","d1","°C",23.81,"provisorisch"
"2026-05-28T00:00+0100","Zch_Rosengartenstrasse","T_max_h1","d1","°C",28.41,"provisorisch"
"2026-05-28T00:00+0100","Zch_Rosengartenstrasse","p","d1","hPa",971.72,"provisorisch"
"2026-05-28T00:00+0100","Zch_Schimmelstrasse","RainDur","d1","min",0.0,"provisorisch"
"2026-05-28T00:00+0100","Zch_Schimmelstrasse","T","d1","°C",24.91,"provisorisch"
"2026-05-28T00:00+0100","Zch_Schimmelstrasse","T_max_h1","d1","°C",29.59,"provisorisch"
"2026-05-28T00:00+0100","Zch_Schimmelstrasse","p","d1","hPa",974.11,"provisorisch"
"2026-05-28T00:00+0100","Zch_Stampfenbachstrasse","RainDur","d1","min",0.0,"provisorisch"
"2026-05-28T00:00+0100","Zch_Stampfenbachstrasse","StrGlo","d1","W/m2",304.03,"provisorisch"
"2026-05-28T00:00+0100","Zch_Stampfenbachstrasse","T","d1","°C",24.33,"provisorisch"
"2026-05-28T00:00+0100","Zch_Stampfenbachstrasse","T_max_h1","d1","°C",28.28,"provisorisch"
"2026-05-28T00:00+0100","Zch_Stampfenbachstrasse","p","d1","hPa",971.68,"provisorisch"
"2026-05-29T00:00+0100","Zch_Heubeeribüel","T","d1","°C",21.92,"provisorisch"
"2026-05-29T00:00+0100","Zch_Heubeeribüel","T_max_h1","d1","°C",27.21,"provisorisch"
"2026-05-29T00:00+0100","Zch_Heubeeribüel","p","d1","hPa",952.97,"provisorisch"
"2026-05-29T00:00+0100","Zch_Rosengartenstrasse","RainDur","d1","min",0.0,"provisorisch"
"2026-05-29T00:00+0100","Zch_Rosengartenstrasse","T","d1","°C",23.24,"provisorisch"
"2026-05-29T00:00+0100","Zch_Rosengartenstrasse","T_max_h1","d1","°C",29.07,"provisorisch"
"2026-05-29T00:00+0100","Zch_Rosengartenstrasse","p","d1","hPa",973.64,"provisorisch"
"2026-05-29T00:00+0100","Zch_Schimmelstrasse","RainDur","d1","min",0.0,"provisorisch"
"2026-05-29T00:00+0100","Zch_Schimmelstrasse","T","d1","°C",24.23,"provisorisch"
"2026-05-29T00:00+0100","Zch_Schimmelstrasse","T_max_h1","d1","°C",29.62,"provisorisch"
"2026-05-29T00:00+0100","Zch_Schimmelstrasse","p","d1","hPa",974.9,"provisorisch"
"2026-05-29T00:00+0100","Zch_Stampfenbachstrasse","RainDur","d1","min",0.0,"provisorisch"
"2026-05-29T00:00+0100","Zch_Stampfenbachstrasse","StrGlo","d1","W/m2",346.98,"provisorisch"
"2026-05-29T00:00+0100","Zch_Stampfenbachstrasse","T","d1","°C",23.84,"provisorisch"
"2026-05-29T00:00+0100","Zch_Stampfenbachstrasse","T_max_h1","d1","°C",29.04,"provisorisch"
"2026-05-29T00:00+0100","Zch_Stampfenbachstrasse","p","d1","hPa",972.48,"provisorisch"
"2026-05-30T00:00+0100","Zch_Heubeeribüel","T","d1","°C",22.48,"provisorisch"
"2026-05-30T00:00+0100","Zch_Heubeeribüel","T_max_h1","d1","°C",28.38,"provisorisch"
"2026-05-30T00:00+0100","Zch_Heubeeribüel","p","d1","hPa",950.47,"provisorisch"
"2026-05-30T00:00+0100","Zch_Rosengartenstrasse","RainDur","d1","min",0.0,"provisorisch"
"2026-05-30T00:00+0100","Zch_Rosengartenstrasse","T","d1","°C",23.49,"provisorisch"
"2026-05-30T00:00+0100","Zch_Rosengartenstrasse","T_max_h1","d1","°C",30.11,"provisorisch"
"2026-05-30T00:00+0100","Zch_Rosengartenstrasse","p","d1","hPa",974.0,"provisorisch"
"2026-05-30T00:00+0100","Zch_Schimmelstrasse","RainDur","d1","min",0.0,"provisorisch"
"2026-05-30T00:00+0100","Zch_Schimmelstrasse","T","d1","°C",24.31,"provisorisch"
"2026-05-30T00:00+0100","Zch_Schimmelstrasse","T_max_h1","d1","°C",30.6,"provisorisch"
"2026-05-30T00:00+0100","Zch_Schimmelstrasse","p","d1","hPa",972.3,"provisorisch"
"2026-05-30T00:00+0100","Zch_Stampfenbachstrasse","RainDur","d1","min",0.0,"provisorisch"
"2026-05-30T00:00+0100","Zch_Stampfenbachstrasse","StrGlo","d1","W/m2",309.79,"provisorisch"
"2026-05-30T00:00+0100","Zch_Stampfenbachstrasse","T","d1","°C",23.97,"provisorisch"
"2026-05-30T00:00+0100","Zch_Stampfenbachstrasse","T_max_h1","d1","°C",30.07,"provisorisch"
"2026-05-30T00:00+0100","Zch_Stampfenbachstrasse","p","d1","hPa",969.81,"provisorisch"
"2026-05-31T00:00+0100","Zch_Heubeeribüel","T","d1","°C",20.56,"provisorisch"
"2026-05-31T00:00+0100","Zch_Heubeeribüel","T_max_h1","d1","°C",28.39,"provisorisch"
"2026-05-31T00:00+0100","Zch_Heubeeribüel","p","d1","hPa",947.15,"provisorisch"
"2026-05-31T00:00+0100","Zch_Rosengartenstrasse","RainDur","d1","min",76.95,"provisorisch"
"2026-05-31T00:00+0100","Zch_Rosengartenstrasse","T","d1","°C",21.58,"provisorisch"
"2026-05-31T00:00+0100","Zch_Rosengartenstrasse","T_max_h1","d1","°C",29.17,"provisorisch"
"2026-05-31T00:00+0100","Zch_Rosengartenstrasse","p","d1","hPa",974.0,"provisorisch"
"2026-05-31T00:00+0100","Zch_Schimmelstrasse","RainDur","d1","min",175.53,"provisorisch"
"2026-05-31T00:00+0100","Zch_Schimmelstrasse","T","d1","°C",22.18,"provisorisch"
"2026-05-31T00:00+0100","Zch_Schimmelstrasse","T_max_h1","d1","°C",29.88,"provisorisch"
"2026-05-31T00:00+0100","Zch_Schimmelstrasse","p","d1","hPa",968.98,"provisorisch"
"2026-05-31T00:00+0100","Zch_Stampfenbachstrasse","RainDur","d1","min",120.03,"provisorisch"
"2026-05-31T00:00+0100","Zch_Stampfenbachstrasse","StrGlo","d1","W/m2",237.37,"provisorisch"
"2026-05-31T00:00+0100","Zch_Stampfenbachstrasse","T","d1","°C",22.22,"provisorisch"
"2026-05-31T00:00+0100","Zch_Stampfenbachstrasse","T_max_h1","d1","°C",29.21,"provisorisch"
"2026-05-31T00:00+0100","Zch_Stampfenbachstrasse","p","d1","hPa",966.45,"provisorisch"
"2026-06-01T00:00+0100","Zch_Heubeeribüel","T","d1","°C",18.98,"provisorisch"
"2026-06-01T00:00+0100","Zch_Heubeeribüel","T_max_h1","d1","°C",23.26,"provisorisch"
"2026-06-01T00:00+0100","Zch_Heubeeribüel","p","d1","hPa",946.93,"provisorisch"
"2026-06-01T00:00+0100","Zch_Rosengartenstrasse","RainDur","d1","min",0.0,"provisorisch"
"2026-06-01T00:00+0100","Zch_Rosengartenstrasse","T","d1","°C",20.78,"provisorisch"
"2026-06-01T00:00+0100","Zch_Rosengartenstrasse","T_max_h1","d1","°C",24.92,"provisorisch"
"2026-06-01T00:00+0100","Zch_Rosengartenstrasse","p","d1","hPa",970.19,"provisorisch"
"2026-06-01T00:00+0100","Zch_Schimmelstrasse","RainDur","d1","min",7.23,"provisorisch"
"2026-06-01T00:00+0100","Zch_Schimmelstrasse","T","d1","°C",21.39,"provisorisch"
"2026-06-01T00:00+0100","Zch_Schimmelstrasse","T_max_h1","d1","°C",25.37,"provisorisch"
"2026-06-01T00:00+0100","Zch_Schimmelstrasse","p","d1","hPa",968.82,"provisorisch"
"2026-06-01T00:00+0100","Zch_Stampfenbachstrasse","RainDur","d1","min",0.42,"provisorisch"
"2026-06-01T00:00+0100","Zch_Stampfenbachstrasse","StrGlo","d1","W/m2",309.04,"provisorisch"
"2026-06-01T00:00+0100","Zch_Stampfenbachstrasse","T","d1","°C",21.22,"provisorisch"
"2026-06-01T00:00+0100","Zch_Stampfenbachstrasse","T_max_h1","d1","°C",25.28,"provisorisch"
"2026-06-01T00:00+0100","Zch_Stampfenbachstrasse","p","d1","hPa",966.27,"provisorisch"
"2026-06-02T00:00+0100","Zch_Heubeeribüel","T","d1","°C",16.87,"provisorisch"
"2026-06-02T00:00+0100","Zch_Heubeeribüel","T_max_h1","d1","°C",23.21,"provisorisch"
"2026-06-02T00:00+0100","Zch_Heubeeribüel","p","d1","hPa",941.53,"provisorisch"
"2026-06-02T00:00+0100","Zch_Rosengartenstrasse","RainDur","d1","min",127.36,"provisorisch"
"2026-06-02T00:00+0100","Zch_Rosengartenstrasse","T","d1","°C",18.41,"provisorisch"
"2026-06-02T00:00+0100","Zch_Rosengartenstrasse","T_max_h1","d1","°C",23.81,"provisorisch"
"2026-06-02T00:00+0100","Zch_Rosengartenstrasse","p","d1","hPa",961.02,"provisorisch"
"2026-06-02T00:00+0100","Zch_Schimmelstrasse","RainDur","d1","min",216.5,"provisorisch"
"2026-06-02T00:00+0100","Zch_Schimmelstrasse","T","d1","°C",19.02,"provisorisch"
"2026-06-02T00:00+0100","Zch_Schimmelstrasse","T_max_h1","d1","°C",25.51,"provisorisch"
"2026-06-02T00:00+0100","Zch_Schimmelstrasse","p","d1","hPa",963.44,"provisorisch"
"2026-06-02T00:00+0100","Zch_Stampfenbachstrasse","RainDur","d1","min",205.38,"provisorisch"
"2026-06-02T00:00+0100","Zch_Stampfenbachstrasse","StrGlo","d1","W/m2",158.35,"provisorisch"
"2026-06-02T00:00+0100","Zch_Stampfenbachstrasse","T","d1","°C",18.89,"provisorisch"
"2026-06-02T00:00+0100","Zch_Stampfenbachstrasse","T_max_h1","d1","°C",23.98,"provisorisch"
"2026-06-02T00:00+0100","Zch_Stampfenbachstrasse","p","d1","hPa",960.96,"provisorisch"
"2026-06-03T00:00+0100","Zch_Heubeeribüel","T","d1","°C",14.19,"provisorisch"
"2026-06-03T00:00+0100","Zch_Heubeeribüel","T_max_h1","d1","°C",18.03,"provisorisch"
"2026-06-03T00:00+0100","Zch_Heubeeribüel","p","d1","hPa",943.92,"provisorisch"
"2026-06-03T00:00+0100","Zch_Rosengartenstrasse","RainDur","d1","min",159.05,"provisorisch"
"2026-06-03T00:00+0100","Zch_Rosengartenstrasse","T","d1","°C",16.05,"provisorisch"
"2026-06-03T00:00+0100","Zch_Rosengartenstrasse","T_max_h1","d1","°C",19.97,"provisorisch"
"2026-06-03T00:00+0100","Zch_Rosengartenstrasse","p","d1","hPa",963.6,"provisorisch"
"2026-06-03T00:00+0100","Zch_Schimmelstrasse","RainDur","d1","min",218.37,"provisorisch"
"2026-06-03T00:00+0100","Zch_Schimmelstrasse","T","d1","°C",16.54,"provisorisch"
"2026-06-03T00:00+0100","Zch_Schimmelstrasse","T_max_h1","d1","°C",20.12,"provisorisch"
"2026-06-03T00:00+0100","Zch_Schimmelstrasse","p","d1","hPa",966.09,"provisorisch"
"2026-06-03T00:00+0100","Zch_Stampfenbachstrasse","RainDur","d1","min",160.77,"provisorisch"
"2026-06-03T00:00+0100","Zch_Stampfenbachstrasse","StrGlo","d1","W/m2",163.32,"provisorisch"
"2026-06-03T00:00+0100","Zch_Stampfenbachstrasse","T","d1","°C",16.38,"provisorisch"
"2026-06-03T00:00+0100","Zch_Stampfenbachstrasse","T_max_h1","d1","°C",19.82,"provisorisch"
"2026-06-03T00:00+0100","Zch_Stampfenbachstrasse","p","d1","hPa",963.54,"provisorisch"
"2026-06-04T00:00+0100","Zch_Heubeeribüel","T","d1","°C",14.5,"provisorisch"
"2026-06-04T00:00+0100","Zch_Heubeeribüel","T_max_h1","d1","°C",21.71,"provisorisch"
"2026-06-04T00:00+0100","Zch_Heubeeribüel","p","d1","hPa",941.43,"provisorisch"
"2026-06-04T00:00+0100","Zch_Rosengartenstrasse","RainDur","d1","min",389.83,"provisorisch"
"2026-06-04T00:00+0100","Zch_Rosengartenstrasse","T","d1","°C",16.21,"provisorisch"
"2026-06-04T00:00+0100","Zch_Rosengartenstrasse","T_max_h1","d1","°C",22.47,"provisorisch"
"2026-06-04T00:00+0100","Zch_Rosengartenstrasse","p","d1","hPa",960.97,"provisorisch"
"2026-06-04T00:00+0100","Zch_Schimmelstrasse","RainDur","d1","min",473.57,"provisorisch"
"2026-06-04T00:00+0100","Zch_Schimmelstrasse","T","d1","°C",16.49,"provisorisch"
"2026-06-04T00:00+0100","Zch_Schimmelstrasse","T_max_h1","d1","°C",23.57,"provisorisch"
"2026-06-04T00:00+0100","Zch_Schimmelstrasse","p","d1","hPa",963.44,"provisorisch"
"2026-06-04T00:00+0100","Zch_Stampfenbachstrasse","RainDur","d1","min",472.13,"provisorisch"
"2026-06-04T00:00+0100","Zch_Stampfenbachstrasse","StrGlo","d1","W/m2",207.58,"provisorisch"
"2026-06-04T00:00+0100","Zch_Stampfenbachstrasse","T","d1","°C",16.52,"provisorisch"
"2026-06-04T00:00+0100","Zch_Stampfenbachstrasse","T_max_h1","d1","°C",23.3,"provisorisch"
"2026-06-04T00:00+0100","Zch_Stampfenbachstrasse","p","d1","hPa",960.98,"provisorisch"
